Date,Units Sold,Inventory Level,Units Ordered,Demand,Price,Competitor Pricing,Discount,Promotion,Epidemic,Seasonality,Weather_Cloudy,Weather_Rainy,Weather_Snowy,Weather_Sunny,DayOfWeek,DayOfMonth,WeekOfYear,Month,IsWeekend,UnitsSold_Lag_1,UnitsSold_Lag_7,UnitsSold_Lag_14,UnitsSold_Lag_21,UnitsSold_Lag_28,UnitsSold_RollingMean_7,UnitsSold_RollingMean_14,UnitsSold_RollingMean_28,UnitsSold_RollingStd_7,UnitsSold_RollingStd_14,UnitsSold_RollingStd_28
2022-01-29,369,948,359,439,79.89,82.8,4.0,0.0,0,Winter,20.0,0.0,0.0,80.0,5,29,4,1,1,437.0,400.0,434.0,478.0,480.0,353.7142857142857,419.2142857142857,492.32142857142856,63.25534044836076,85.63534368420615,125.50846321513282
2022-01-30,357,863,217,403,76.51,78.13,5.0,0.0,0,Winter,40.0,0.0,60.0,0.0,6,30,4,1,1,369.0,272.0,461.0,509.0,391.0,349.2857142857143,414.57142857142856,488.3571428571428,60.499901613457375,86.52942077317216,127.64685494253116
2022-01-31,409,1234,835,551,82.64,87.57,6.0,0.0,0,Winter,60.0,0.0,0.0,40.0,0,31,5,1,0,357.0,409.0,517.0,641.0,417.0,361.4285714285714,407.1428571428572,487.1428571428572,50.02618362037003,86.70095123500643,128.764129547794
2022-02-01,588,1008,647,603,91.18,85.35,4.0,0.0,0,Winter,0.0,0.0,100.0,0.0,1,1,5,2,0,409.0,312.0,550.0,698.0,645.0,361.4285714285714,399.4285714285714,486.8571428571428,50.02618362037003,80.776723880578,128.9342968726821
2022-02-02,696,995,954,816,82.26,89.38,21.0,100.0,0,Winter,40.0,0.0,0.0,60.0,2,2,5,2,0,588.0,351.0,498.0,652.0,644.0,400.8571428571428,402.1428571428572,484.82142857142856,94.00785174907536,86.65036476718223,126.7768683105256
2022-02-03,677,974,1184,989,94.29,96.11,16.0,100.0,0,Winter,80.0,0.0,0.0,20.0,3,3,5,2,0,696.0,295.0,435.0,417.0,702.0,450.1428571428572,416.2857142857143,486.6785714285714,141.8008328271599,115.01533581452298,129.54566006751466
2022-02-04,492,1144,0,540,81.58,84.37,6.0,0.0,0,Winter,20.0,0.0,40.0,40.0,4,4,5,2,0,677.0,437.0,498.0,720.0,522.0,504.7142857142857,433.57142857142856,485.7857142857143,145.59843667397234,134.5675205330677,128.08456614540293
2022-02-05,505,1635,746,749,85.71,84.7,16.0,100.0,0,Winter,40.0,0.0,0.0,60.0,5,5,5,2,1,492.0,369.0,400.0,434.0,478.0,512.5714285714286,433.1428571428572,484.7142857142857,142.79222334433703,134.35593207416076,127.89574954361372
2022-02-06,648,1790,259,656,90.55,94.06,6.0,0.0,0,Winter,40.0,0.0,20.0,40.0,6,6,5,2,1,505.0,357.0,272.0,461.0,509.0,532.0,440.6428571428572,485.6785714285714,128.543118576349,135.29091568960527,127.94502684426584
2022-02-07,633,1844,581,588,85.95,89.23,6.0,0.0,0,Winter,0.0,0.0,60.0,40.0,0,7,6,2,0,648.0,409.0,409.0,517.0,641.0,573.5714285714286,467.5,490.6428571428572,107.91486944633284,136.5524694872888,131.5298063067454
2022-02-08,435,1466,750,645,95.39,98.14,4.0,0.0,0,Winter,0.0,0.0,60.0,40.0,1,8,6,2,0,633.0,588.0,312.0,550.0,698.0,605.5714285714286,483.5,490.3571428571428,80.78130382470361,142.17797622373493,131.19937169161727
2022-02-09,585,1163,225,633,91.8,92.03,5.0,0.0,0,Winter,20.0,0.0,0.0,80.0,2,9,6,2,0,435.0,696.0,351.0,498.0,652.0,583.7142857142857,492.2857142857143,480.9642857142857,103.75887799077618,134.34996125013248,125.0536128412774
2022-02-10,339,1129,0,416,82.25,74.05,4.0,0.0,0,Winter,40.0,0.0,20.0,40.0,3,10,6,2,0,585.0,677.0,295.0,435.0,417.0,567.8571428571429,509.0,478.57142857142856,91.49577143494776,129.90292233344576,122.26971660179645
2022-02-11,498,1408,953,647,90.22,84.53,4.0,0.0,0,Winter,20.0,0.0,20.0,60.0,4,11,6,2,0,339.0,492.0,437.0,498.0,720.0,519.5714285714286,512.1428571428571,475.7857142857143,111.33411747656557,124.75752306149543,124.59099222622542
2022-02-12,521,1175,886,745,84.54,90.81,16.0,100.0,0,Winter,20.0,0.0,40.0,40.0,5,12,6,2,1,498.0,505.0,369.0,400.0,434.0,520.4285714285714,516.5,467.8571428571428,111.10934125574548,122.98389513077908,115.18285439721474
2022-02-13,330,1127,119,505,83.86,90.14,4.0,0.0,0,Winter,40.0,0.0,60.0,0.0,6,13,6,2,1,521.0,648.0,357.0,272.0,461.0,522.7142857142857,527.3571428571429,470.9642857142857,110.90343289804612,115.43869977868518,115.40892902835084
2022-02-14,533,1309,930,711,82.62,82.65,17.0,100.0,0,Winter,40.0,0.0,40.0,20.0,0,14,7,2,0,330.0,633.0,409.0,409.0,517.0,477.2857142857143,525.4285714285714,466.2857142857143,116.0412488237325,118.68362228126593,118.4432532177509
2022-02-15,657,1794,315,667,92.41,96.39,4.0,0.0,0,Winter,20.0,0.0,80.0,0.0,1,15,7,2,0,533.0,435.0,588.0,312.0,550.0,463.0,534.2857142857143,466.8571428571428,98.50719093886818,113.8551229018221,118.73522185961896
2022-02-16,636,1692,1065,795,82.33,93.45,19.0,100.0,0,Winter,40.0,0.0,20.0,40.0,2,16,7,2,0,657.0,585.0,696.0,351.0,498.0,494.7142857142857,539.2142857142857,470.6785714285714,121.129014258509,117.78479630987287,123.15003002102726
2022-02-17,601,1523,302,686,96.21,94.52,4.0,0.0,0,Winter,40.0,0.0,20.0,40.0,3,17,7,2,0,636.0,339.0,677.0,295.0,435.0,502.0,534.9285714285714,475.6071428571428,128.7581712617364,112.61948477793864,126.98566244111376
2022-02-18,452,1540,0,467,79.88,82.1,9.0,0.0,0,Winter,0.0,0.0,0.0,100.0,4,18,7,2,0,601.0,498.0,492.0,437.0,498.0,539.4285714285714,529.5,481.5357142857143,110.2253103766056,106.93258120459323,128.88050225861895
2022-02-19,526,1750,1001,648,77.48,79.79,17.0,100.0,0,Winter,40.0,0.0,0.0,60.0,5,19,7,2,1,452.0,521.0,505.0,369.0,400.0,532.8571428571429,526.6428571428571,479.8928571428572,114.39905094511424,108.53401249438755,128.95601871143813
2022-02-20,547,1538,544,738,86.39,90.98,14.0,100.0,0,Winter,40.0,0.0,20.0,40.0,6,20,7,2,1,526.0,330.0,648.0,357.0,272.0,533.5714285714286,528.1428571428571,484.3928571428572,114.3282658879788,108.3568585333148,128.2614053222485
2022-02-21,520,1375,183,630,87.63,84.81,6.0,0.0,0,Winter,40.0,0.0,40.0,20.0,0,21,8,2,0,547.0,533.0,633.0,409.0,409.0,564.5714285714286,520.9285714285714,494.2142857142857,71.22466132564179,102.99250479503858,121.7594340836052
2022-02-22,443,1885,236,523,81.94,80.61,5.0,0.0,0,Winter,20.0,0.0,20.0,60.0,1,22,8,2,0,520.0,657.0,435.0,588.0,312.0,562.7142857142857,512.8571428571429,498.1785714285714,72.34573077870424,97.83255486395512,120.68448412697764
2022-02-23,584,1678,694,743,83.05,85.86,15.0,100.0,0,Winter,0.0,0.0,40.0,60.0,2,23,8,2,0,443.0,636.0,585.0,696.0,351.0,532.1428571428571,513.4285714285714,502.8571428571428,71.06670240327871,97.36506582936224,115.63310889626676
2022-02-24,490,1431,105,492,83.64,83.65,3.0,0.0,0,Winter,20.0,0.0,80.0,0.0,3,24,8,2,0,584.0,601.0,339.0,677.0,295.0,524.7142857142857,513.3571428571429,511.1785714285714,60.303991812909175,97.30887155607384,112.6453147326463
2022-02-25,511,1046,963,600,90.68,86.89,5.0,0.0,0,Winter,40.0,0.0,60.0,0.0,4,25,8,2,0,490.0,452.0,498.0,492.0,437.0,508.8571428571428,524.1428571428571,518.1428571428571,50.73601144298637,83.94765506676642,104.51996594155248
2022-02-26,467,1099,181,520,88.1,84.28,4.0,0.0,0,Winter,80.0,0.0,20.0,0.0,5,26,8,2,1,511.0,526.0,521.0,505.0,369.0,517.2857142857143,525.0714285714286,520.7857142857143,44.195453332193374,83.70779238215823,103.32091579255211
2022-02-27,519,1128,1448,793,80.2,73.76,24.0,100.0,0,Winter,0.0,0.0,40.0,60.0,6,27,8,2,1,467.0,547.0,330.0,648.0,357.0,508.8571428571428,521.2142857142857,524.2857142857143,47.7403692606461,85.14167249710565,99.5809208049403
2022-02-28,429,1322,145,535,82.81,90.82,4.0,0.0,0,Winter,40.0,0.0,60.0,0.0,0,28,9,2,0,519.0,520.0,533.0,633.0,409.0,504.8571428571428,534.7142857142857,530.0714285714286,45.11255764355244,65.12051380848683,94.05432967820744
2022-03-01,497,1318,74,604,87.29,91.89,6.0,0.0,0,Spring,0.0,20.0,0.0,80.0,1,1,9,3,0,429.0,443.0,657.0,435.0,588.0,491.8571428571428,527.2857142857143,530.7857142857143,52.52437076071932,70.99775572989137,93.17262240667893
2022-03-02,689,1791,1453,955,91.19,96.46,17.0,100.0,0,Spring,80.0,20.0,0.0,0.0,2,2,9,3,0,497.0,584.0,636.0,585.0,696.0,499.57142857142856,515.8571428571429,527.5357142857143,47.91609730510578,60.6323817302744,92.68883913109984
2022-03-03,368,1561,0,459,78.26,80.49,8.0,0.0,0,Spring,0.0,40.0,0.0,60.0,3,3,9,3,0,689.0,490.0,601.0,339.0,677.0,514.5714285714286,519.6428571428571,527.2857142857143,82.61932207996124,69.68898725806642,92.22591310265814
2022-03-04,486,1580,139,512,80.88,76.44,7.0,0.0,0,Spring,60.0,0.0,0.0,40.0,4,4,9,3,0,368.0,511.0,452.0,498.0,492.0,497.1428571428572,503.0,516.25,99.75708591612012,76.27581530209949,92.1350156624023
2022-03-05,452,1840,201,499,82.73,90.48,4.0,0.0,0,Spring,20.0,20.0,0.0,60.0,5,5,9,3,1,486.0,467.0,526.0,521.0,505.0,493.57142857142856,505.4285714285714,516.0357142857143,99.6257281744314,75.05865837997767,92.2004588013238
2022-03-06,505,1589,335,594,85.38,89.45,7.0,0.0,0,Spring,20.0,60.0,0.0,20.0,6,6,9,3,1,452.0,519.0,547.0,330.0,648.0,491.4285714285714,500.1428571428572,514.1428571428571,100.45041420664074,76.09695954995341,92.97618742759586
2022-03-07,477,1419,673,537,85.41,86.29,5.0,0.0,0,Spring,40.0,20.0,0.0,40.0,0,7,10,3,0,505.0,429.0,520.0,533.0,633.0,489.4285714285714,497.1428571428572,509.0357142857143,99.9480817605772,74.92648411595206,89.20201050003685
2022-03-08,614,1058,1083,738,83.38,86.16,16.0,100.0,0,Spring,80.0,0.0,0.0,20.0,1,8,10,3,0,477.0,497.0,443.0,657.0,435.0,496.2857142857143,494.07142857142856,503.4642857142857,96.7052468168338,74.79866749709284,85.98642534676826
2022-03-09,366,968,0,477,72.64,73.83,15.0,100.0,0,Spring,0.0,40.0,0.0,60.0,2,9,10,3,0,614.0,689.0,584.0,636.0,585.0,513.0,506.2857142857143,509.8571428571428,106.46752243446508,79.62356490331291,87.3510220787431
2022-03-10,667,1254,1099,723,80.3,91.46,17.0,100.0,0,Spring,0.0,100.0,0.0,0.0,3,10,10,3,0,366.0,368.0,490.0,601.0,339.0,466.8571428571428,490.7142857142857,502.0357142857143,85.38233340183918,84.4278741534212,90.13384374561976
2022-03-11,597,1279,279,685,78.04,81.47,16.0,100.0,0,Spring,20.0,80.0,0.0,0.0,4,11,10,3,0,667.0,486.0,511.0,452.0,498.0,509.57142857142856,503.3571428571428,513.75,101.03936055296654,96.67678676342678,89.47195919103083
2022-03-12,517,1327,140,563,84.11,89.26,6.0,0.0,0,Spring,40.0,0.0,0.0,60.0,5,12,10,3,1,597.0,452.0,467.0,526.0,521.0,525.4285714285714,509.5,517.2857142857143,105.34207317568978,99.87896521444183,90.77316341170004
2022-03-13,535,1455,688,587,85.35,90.15,6.0,0.0,0,Spring,0.0,20.0,0.0,80.0,6,13,10,3,1,517.0,505.0,519.0,547.0,330.0,534.7142857142857,513.0714285714286,517.1428571428571,100.54636457163149,99.13352633673452,90.77024895436884
2022-03-14,447,1160,476,535,84.95,84.05,5.0,0.0,0,Spring,80.0,20.0,0.0,0.0,0,14,11,3,0,535.0,477.0,429.0,520.0,533.0,539.0,514.2142857142857,524.4642857142857,99.7045635866283,99.2992203636824,83.05619790588788
2022-03-15,477,815,264,640,89.7,94.07,3.0,0.0,0,Spring,0.0,40.0,0.0,60.0,1,15,11,3,0,447.0,614.0,497.0,443.0,657.0,534.7142857142857,515.5,521.3928571428571,103.39038363683264,98.2216880327354,84.30954398138572
2022-03-16,560,1424,805,657,86.67,88.41,8.0,0.0,0,Spring,40.0,40.0,0.0,20.0,2,16,11,3,0,477.0,366.0,689.0,584.0,636.0,515.1428571428571,514.0714285714286,514.9642857142857,98.74281167326988,98.65594004161382,80.35637389402805
2022-03-17,667,1153,1029,726,77.73,73.23,23.0,100.0,0,Spring,60.0,20.0,0.0,20.0,3,17,11,3,0,560.0,667.0,368.0,490.0,601.0,542.8571428571429,504.8571428571428,512.25,74.04149415795757,86.31325519280347,77.34368944067967
2022-03-18,326,574,96,550,85.69,84.36,4.0,0.0,0,Spring,0.0,80.0,0.0,20.0,4,18,11,3,0,667.0,597.0,486.0,511.0,452.0,542.8571428571429,526.2142857142857,514.6071428571429,74.04149415795757,86.83510329835025,81.06482969671016
2022-03-19,371,1327,219,498,85.23,83.1,3.0,0.0,0,Spring,40.0,60.0,0.0,0.0,5,19,11,3,1,326.0,517.0,452.0,467.0,526.0,504.1428571428572,514.7857142857143,510.1071428571428,105.27492352792042,101.77817400256646,87.8796901854459
2022-03-20,682,1649,697,621,90.73,92.93,4.0,0.0,0,Spring,0.0,40.0,0.0,60.0,6,20,11,3,1,371.0,535.0,505.0,519.0,547.0,483.2857142857143,509.0,504.57142857142856,116.19913121550454,107.74899606885506,91.64279631483386
2022-03-21,424,1176,912,589,88.51,83.24,4.0,0.0,0,Spring,0.0,0.0,0.0,100.0,0,21,12,3,0,682.0,447.0,477.0,429.0,520.0,504.2857142857143,521.6428571428571,509.3928571428572,138.2867965325615,117.21223823137576,97.3323208797093
2022-03-22,293,971,0,382,74.45,81.34,7.0,0.0,0,Spring,20.0,80.0,0.0,0.0,1,22,12,3,0,424.0,477.0,614.0,497.0,443.0,501.0,517.8571428571429,505.9642857142857,140.13564856951982,119.59666649770232,98.6270499079486
2022-03-23,472,1471,245,569,75.67,81.01,16.0,100.0,0,Spring,0.0,40.0,0.0,60.0,2,23,12,3,0,293.0,560.0,366.0,689.0,584.0,474.7142857142857,494.9285714285714,500.6071428571428,161.0793947982527,130.0594327373299,105.97390988691312
2022-03-24,560,1632,686,682,92.51,97.92,3.0,0.0,0,Spring,0.0,20.0,0.0,80.0,3,24,12,3,0,472.0,667.0,667.0,368.0,490.0,462.1428571428572,502.5,496.6071428571428,156.68804312117368,124.96199422224342,104.81706790817866
2022-03-25,509,1294,314,656,79.27,76.86,17.0,100.0,0,Spring,80.0,0.0,0.0,20.0,4,25,12,3,0,560.0,326.0,597.0,486.0,511.0,446.8571428571428,494.8571428571428,499.1071428571428,137.40503213908423,117.15529282692538,105.48629515538252
2022-03-26,786,1099,993,867,85.98,89.61,19.0,100.0,0,Spring,60.0,0.0,0.0,40.0,5,26,12,3,1,509.0,371.0,517.0,452.0,467.0,473.0,488.57142857142856,499.0357142857143,127.64011908487056,113.55900823645982,105.47862066783688
2022-03-27,466,1155,1120,805,81.87,86.31,19.0,100.0,0,Spring,0.0,20.0,0.0,80.0,6,27,12,3,1,786.0,682.0,535.0,505.0,519.0,532.2857142857143,507.7857142857143,510.4285714285714,163.6629812406319,138.71119891089074,118.3345629267662
2022-03-28,439,1131,83,476,81.06,76.33,5.0,0.0,0,Spring,0.0,100.0,0.0,0.0,0,28,13,3,0,466.0,424.0,447.0,477.0,429.0,501.4285714285714,502.8571428571428,508.5357142857143,150.56986987536945,138.8955651631038,118.61593239522854
2022-03-29,472,1412,271,595,88.47,85.63,5.0,0.0,0,Spring,40.0,20.0,0.0,40.0,1,29,13,3,0,439.0,293.0,477.0,614.0,497.0,503.57142857142856,502.2857142857143,508.8928571428572,149.38636388334004,139.15924943494306,118.38241213392094
2022-03-30,345,1867,216,403,77.63,76.9,5.0,0.0,0,Spring,80.0,20.0,0.0,0.0,2,30,13,3,0,472.0,472.0,560.0,366.0,689.0,529.1428571428571,501.9285714285714,508.0,119.70579012928398,139.23553054817927,118.56956076810248
2022-03-31,339,1738,0,348,76.07,75.31,3.0,0.0,0,Spring,20.0,60.0,0.0,20.0,3,31,13,3,0,345.0,560.0,667.0,667.0,368.0,511.0,486.57142857142856,495.7142857142857,138.03139739445749,144.10931443003437,116.93108357865464
2022-04-01,343,1399,455,407,74.9,78.47,6.0,0.0,0,Spring,40.0,20.0,0.0,40.0,4,1,13,4,0,339.0,509.0,326.0,597.0,486.0,479.4285714285714,463.1428571428572,494.6785714285714,149.73404994952105,139.09479730515676,118.22547622028527
2022-04-02,543,1231,948,737,85.71,85.0,14.0,100.0,0,Spring,0.0,60.0,0.0,40.0,5,2,13,4,1,343.0,786.0,371.0,517.0,452.0,455.7142857142857,464.3571428571428,489.57142857142856,157.22776926666407,137.87430571293618,121.65324996691722
2022-04-03,360,1372,0,415,73.74,78.52,8.0,0.0,0,Spring,80.0,0.0,0.0,20.0,6,3,13,4,1,543.0,466.0,682.0,535.0,505.0,421.0,476.6428571428572,492.82142857142856,80.01874780324857,136.57266712850492,121.82776353628914
2022-04-04,415,1012,386,487,77.39,76.55,8.0,0.0,0,Spring,40.0,60.0,0.0,0.0,0,4,14,4,0,360.0,439.0,424.0,447.0,477.0,405.8571428571428,453.6428571428572,487.6428571428572,80.11331260872154,126.0357746178302,124.34665233567794
2022-04-05,497,1215,663,579,85.25,94.35,5.0,0.0,0,Spring,60.0,40.0,0.0,0.0,1,5,14,4,0,415.0,472.0,293.0,477.0,614.0,402.4285714285714,453.0,485.4285714285714,78.96382535240801,126.22141717571613,125.09298129093406
2022-04-06,655,1274,639,710,82.45,88.84,13.0,100.0,0,Spring,80.0,0.0,0.0,20.0,2,6,14,4,0,497.0,345.0,472.0,560.0,366.0,406.0,467.57142857142856,481.25,83.09231813671596,117.8256301526927,122.5677817010291
2022-04-07,405,872,165,501,80.49,84.66,6.0,0.0,0,Spring,20.0,20.0,0.0,60.0,3,7,14,4,0,655.0,339.0,560.0,667.0,667.0,450.2857142857143,480.6428571428572,491.57142857142856,119.70618792932696,128.0610474271231,124.65372142278898
2022-04-08,366,1437,489,493,86.81,82.93,1.0,0.0,0,Spring,0.0,40.0,0.0,60.0,4,8,14,4,0,405.0,343.0,509.0,326.0,597.0,459.7142857142857,469.57142857142856,482.2142857142857,111.81936964842608,127.37087838018807,120.77047626182464
2022-04-09,473,1310,108,520,81.66,88.65,6.0,0.0,0,Spring,40.0,40.0,0.0,20.0,5,9,14,4,1,366.0,543.0,786.0,371.0,517.0,463.0,459.3571428571428,473.9642857142857,108.0940948124978,129.67866033027542,120.5286141353863
2022-04-10,362,945,226,447,80.61,79.99,4.0,0.0,0,Spring,60.0,40.0,0.0,0.0,6,10,14,4,1,473.0,360.0,466.0,682.0,535.0,453.0,437.0,472.3928571428572,102.55567593588658,89.91791128151708,120.2332114362548
2022-04-11,395,1059,662,474,79.07,80.12,5.0,0.0,0,Spring,40.0,20.0,0.0,40.0,0,11,15,4,0,362.0,415.0,439.0,424.0,447.0,453.2857142857143,429.57142857142856,466.2142857142857,102.25574847038192,91.61769587695494,121.33680005513196
2022-04-12,477,944,793,614,89.74,82.86,4.0,0.0,0,Spring,40.0,0.0,0.0,60.0,1,12,15,4,0,395.0,497.0,472.0,293.0,477.0,450.4285714285714,426.4285714285714,464.3571428571428,103.77195694222485,92.02316956214749,122.0377034289038
2022-04-13,390,703,599,599,86.26,91.86,9.0,0.0,0,Spring,40.0,0.0,0.0,60.0,2,13,15,4,0,477.0,655.0,345.0,472.0,560.0,447.57142857142856,426.7857142857143,464.3571428571428,102.54406718228816,92.2231228901104,122.0377034289038
2022-04-14,513,779,1084,634,78.78,75.36,19.0,100.0,0,Spring,20.0,40.0,0.0,40.0,3,14,15,4,0,390.0,405.0,339.0,560.0,667.0,409.7142857142857,430.0,458.2857142857143,47.16536259344687,89.90850049655188,121.32993192511236
2022-04-15,441,1142,468,631,87.86,93.81,6.0,0.0,0,Spring,0.0,20.0,0.0,80.0,4,15,15,4,0,513.0,366.0,343.0,509.0,326.0,425.1428571428572,442.4285714285714,452.7857142857143,61.00117094894783,88.37482611077601,114.83494020577324
2022-04-16,689,1491,912,683,79.57,84.7,17.0,100.0,0,Spring,20.0,60.0,0.0,20.0,5,16,15,4,1,441.0,473.0,543.0,786.0,371.0,435.8571428571428,449.4285714285714,456.8928571428572,55.191873107757125,83.64826936065667,112.15773921405732
2022-04-17,592,2062,405,628,89.34,84.52,5.0,0.0,0,Spring,60.0,0.0,0.0,40.0,6,17,15,4,1,689.0,362.0,360.0,466.0,682.0,466.7142857142857,459.8571428571428,468.25,111.2904822011809,103.05999532972358,119.02804680379305
2022-04-18,549,1619,182,590,87.81,88.99,4.0,0.0,0,Spring,80.0,0.0,0.0,20.0,0,18,16,4,0,592.0,395.0,415.0,439.0,424.0,499.57142857142856,476.4285714285714,465.0357142857143,109.15410687472551,104.41169569450638,114.15761753037624
2022-04-19,636,2118,740,714,91.15,98.54,5.0,0.0,0,Spring,40.0,20.0,0.0,40.0,1,19,16,4,0,549.0,477.0,497.0,472.0,293.0,521.5714285714286,486.0,469.5,99.67255915054564,104.4892338951722,114.93492522743928
2022-04-20,494,1764,106,554,82.0,84.2,8.0,0.0,0,Spring,20.0,20.0,0.0,60.0,2,20,16,4,0,636.0,390.0,655.0,345.0,472.0,544.2857142857143,495.9285714285714,481.75,105.75398225081052,111.9522317678491,113.69863512650296
2022-04-21,316,1834,150,414,76.58,78.95,6.0,0.0,0,Spring,0.0,100.0,0.0,0.0,3,21,16,4,0,494.0,513.0,405.0,339.0,560.0,559.1428571428571,484.4285714285714,482.5357142857143,85.90969788374406,102.19943872020669,113.70477762621267
2022-04-22,378,1668,255,433,80.53,85.87,3.0,0.0,0,Spring,0.0,80.0,0.0,20.0,4,22,16,4,0,316.0,441.0,366.0,343.0,509.0,531.0,478.07142857142856,473.82142857142856,126.31178356221024,109.99123341690206,116.8544690254376
2022-04-23,451,1545,151,503,78.39,79.31,12.0,100.0,1,Spring,20.0,0.0,0.0,80.0,5,23,16,4,1,378.0,689.0,473.0,543.0,786.0,522.0,478.9285714285714,469.1428571428572,135.68959675180204,109.09379470875533,118.0105815361376
2022-04-24,375,1245,509,464,71.8,74.45,15.0,100.0,1,Spring,0.0,60.0,0.0,40.0,6,24,16,4,1,451.0,592.0,362.0,360.0,466.0,488.0,477.3571428571428,457.1785714285714,115.13036089581225,109.34392258645842,100.35826695410684
2022-04-25,585,1076,908,620,76.72,76.66,19.0,100.0,1,Spring,0.0,20.0,0.0,80.0,0,25,17,4,0,375.0,549.0,395.0,415.0,439.0,457.0,478.2857142857143,453.9285714285714,111.62138385333382,108.33951518006047,101.52865990974573
2022-04-26,430,794,623,491,75.64,71.56,15.0,100.0,1,Spring,20.0,80.0,0.0,0.0,1,26,17,4,0,585.0,636.0,477.0,497.0,472.0,462.1428571428572,491.8571428571428,459.1428571428572,117.25389626991571,109.00236916469515,104.4409151717122
2022-04-27,390,1002,220,492,67.67,69.16,21.0,100.0,1,Spring,20.0,40.0,0.0,40.0,2,27,17,4,0,430.0,494.0,390.0,655.0,345.0,432.7142857142857,488.5,457.6428571428572,88.72751224153296,110.21220789563549,104.55096729301351
2022-04-28,460,1180,606,509,75.53,71.03,16.0,100.0,1,Spring,60.0,20.0,0.0,20.0,3,28,17,4,0,390.0,316.0,513.0,405.0,339.0,417.8571428571428,488.5,459.25,85.39989963192467,110.21220789563549,103.09097923678884
2022-04-29,319,1265,124,340,76.58,78.91,2.0,0.0,1,Spring,0.0,40.0,0.0,60.0,4,29,17,4,0,460.0,378.0,441.0,366.0,343.0,438.4285714285714,484.7142857142857,463.57142857142856,73.25493644994627,110.21617120733418,100.36357188166724
2022-04-30,360,1237,194,402,76.87,78.75,6.0,0.0,1,Spring,0.0,40.0,0.0,60.0,5,30,17,4,1,319.0,451.0,689.0,473.0,543.0,430.0,476.0,462.7142857142857,83.97618710086778,118.45349623050716,101.52717466652572
2022-05-01,426,1510,301,441,80.54,80.69,5.0,0.0,1,Spring,40.0,20.0,0.0,40.0,6,1,17,5,1,360.0,375.0,592.0,362.0,360.0,417.0,452.5,456.1785714285714,87.16650732936333,104.79338646190348,102.05628569439254
2022-05-02,366,1274,364,446,83.4,85.56,2.0,0.0,1,Spring,0.0,60.0,0.0,40.0,0,2,18,5,0,426.0,585.0,549.0,395.0,415.0,424.2857142857143,440.6428571428572,458.5357142857143,85.17964210168637,96.888204523689,100.50298766255932
2022-05-03,435,1125,531,539,83.38,85.92,5.0,0.0,1,Spring,20.0,20.0,0.0,60.0,1,3,18,5,0,366.0,430.0,636.0,477.0,497.0,393.0,427.57142857142856,456.7857142857143,48.73397172404428,93.42764727170052,101.7085003705151
2022-05-04,346,1155,215,358,72.11,72.0,7.0,0.0,1,Spring,60.0,20.0,0.0,20.0,2,4,18,5,0,435.0,390.0,494.0,390.0,655.0,393.7142857142857,413.2142857142857,454.57142857142856,49.39876613072479,71.89755379537094,101.47520352882744
2022-05-05,388,1024,123,435,81.04,83.45,3.0,0.0,1,Spring,40.0,40.0,0.0,20.0,3,5,18,5,0,346.0,460.0,316.0,513.0,405.0,387.4285714285714,402.6428571428572,443.5357142857143,52.64300251966695,69.9599964186757,95.49693892432032
2022-05-06,355,1083,543,477,79.02,82.66,5.0,0.0,1,Spring,0.0,40.0,0.0,60.0,4,6,18,5,0,388.0,319.0,378.0,441.0,366.0,377.1428571428572,407.7857142857143,442.9285714285714,42.07306569698484,65.61212197033842,95.80455744646623
2022-05-07,399,865,326,441,69.65,73.01,16.0,100.0,1,Spring,20.0,40.0,0.0,40.0,5,7,18,5,1,355.0,360.0,451.0,689.0,473.0,382.2857142857143,406.1428571428572,442.5357142857143,35.462253574348246,66.69431661042705,96.1536124946287
2022-05-08,463,762,458,430,80.98,79.09,3.0,0.0,1,Spring,40.0,40.0,0.0,20.0,6,8,18,5,1,399.0,426.0,375.0,592.0,362.0,387.8571428571428,402.4285714285714,439.8928571428572,34.425903868203726,65.44018323948673,96.30212462012054
2022-05-09,233,948,170,280,68.68,73.58,5.0,0.0,1,Spring,80.0,0.0,0.0,20.0,0,9,19,5,0,463.0,366.0,585.0,549.0,395.0,393.1428571428572,408.7142857142857,443.5,43.02490972846781,66.81481707091471,95.16126663021404
2022-05-10,314,885,332,397,72.23,80.36,7.0,0.0,1,Spring,0.0,40.0,0.0,60.0,1,10,19,5,0,233.0,435.0,430.0,636.0,477.0,374.1428571428572,383.57142857142856,437.7142857142857,74.70927780721841,61.383678970521686,102.83458747402258
2022-05-11,367,913,627,430,78.08,77.6,8.0,0.0,1,Spring,80.0,0.0,0.0,20.0,2,11,19,5,0,314.0,346.0,390.0,494.0,390.0,356.85714285714283,375.2857142857143,431.8928571428572,72.23902124528084,62.454203001299256,105.11663338290774
2022-05-12,422,924,199,447,79.81,78.48,7.0,0.0,1,Spring,40.0,60.0,0.0,0.0,3,12,19,5,0,367.0,388.0,460.0,316.0,513.0,359.85714285714283,373.6428571428572,431.07142857142856,72.14898606686124,62.339772639521854,105.5451206203892
2022-05-13,428,701,1349,582,75.32,80.39,18.0,100.0,1,Spring,0.0,40.0,0.0,60.0,4,13,19,5,0,422.0,355.0,319.0,378.0,441.0,364.7142857142857,370.9285714285714,427.82142857142856,75.42924783246467,59.02993280559441,104.32287969335032
2022-05-14,473,938,198,515,79.09,83.88,10.0,100.0,1,Spring,40.0,60.0,0.0,0.0,5,14,19,5,1,428.0,399.0,360.0,451.0,689.0,375.1428571428572,378.7142857142857,427.3571428571428,78.83194904653911,58.84193764972096,104.29097979024114
2022-05-15,309,880,89,408,78.62,78.87,4.0,0.0,1,Spring,60.0,0.0,0.0,40.0,6,15,19,5,1,473.0,463.0,426.0,375.0,592.0,385.7142857142857,386.7857142857143,419.6428571428572,87.09327238792929,63.632573385055046,91.41448717576708
2022-05-16,494,1611,283,526,69.83,69.29,21.0,100.0,1,Spring,20.0,40.0,0.0,40.0,0,16,20,5,0,309.0,233.0,366.0,585.0,549.0,363.7142857142857,378.4285714285714,409.5357142857143,83.70128291671942,65.73456447739645,87.19984800481883
2022-05-17,396,1400,327,476,82.19,85.47,5.0,0.0,1,Spring,20.0,20.0,0.0,60.0,1,17,20,5,0,494.0,314.0,435.0,430.0,636.0,401.0,387.57142857142856,407.57142857142856,73.24843570570833,72.43322047632184,84.52018324436708
2022-05-18,321,1185,121,396,77.42,80.96,3.0,0.0,1,Spring,80.0,20.0,0.0,0.0,2,18,20,5,0,396.0,367.0,346.0,390.0,494.0,412.7142857142857,384.7857142857143,399.0,62.83235441955617,71.20844652948749,71.69276010764173
2022-05-19,536,1131,847,622,72.36,79.55,21.0,100.0,1,Spring,60.0,40.0,0.0,0.0,3,19,20,5,0,321.0,422.0,388.0,460.0,316.0,406.1428571428572,383.0,392.82142857142856,70.36435786065849,72.55660919903549,70.64939703626149
2022-05-20,411,930,564,489,81.76,88.2,6.0,0.0,1,Spring,60.0,20.0,0.0,20.0,4,20,20,5,0,536.0,428.0,355.0,319.0,378.0,422.4285714285714,393.57142857142856,400.6785714285714,86.08301641024015,83.32394086263047,73.94595302147361
2022-05-21,362,714,479,435,78.89,79.2,8.0,0.0,1,Spring,40.0,40.0,0.0,20.0,5,21,20,5,1,411.0,473.0,399.0,360.0,451.0,420.0,397.57142857142856,401.8571428571428,86.13942186943189,82.67146683452184,73.83400515656949
2022-05-22,349,795,331,387,74.9,75.68,7.0,0.0,1,Spring,40.0,0.0,0.0,60.0,6,22,20,5,1,362.0,309.0,463.0,426.0,375.0,404.1428571428572,394.9285714285714,398.6785714285714,84.96553923293143,83.21192988223078,73.55524684632873
2022-05-23,476,1177,487,618,75.73,73.41,21.0,100.0,1,Spring,40.0,60.0,0.0,0.0,0,23,21,5,0,349.0,494.0,233.0,366.0,585.0,409.8571428571428,386.7857142857143,397.75,78.60752417639684,81.60050770150194,74.02783510525201
2022-05-24,403,1503,200,520,69.53,76.24,20.0,100.0,1,Spring,40.0,60.0,0.0,0.0,1,24,21,5,0,476.0,396.0,314.0,435.0,430.0,407.2857142857143,404.1428571428572,393.8571428571428,75.63445926673492,71.60453052153056,66.27647718890496
2022-05-25,647,1502,978,594,75.79,75.39,19.0,100.0,1,Spring,60.0,0.0,0.0,40.0,2,25,21,5,0,403.0,321.0,367.0,346.0,390.0,408.2857142857143,410.5,392.8928571428572,75.50654339352353,66.77372813637695,65.92663671515056
2022-05-26,485,913,922,751,81.4,73.51,20.0,100.0,0,Spring,0.0,60.0,0.0,40.0,3,26,21,5,0,647.0,536.0,422.0,388.0,460.0,454.8571428571428,430.5,402.07142857142856,106.76364638994006,90.4703521347442,81.54840806013856
2022-05-27,740,1116,955,823,85.86,82.06,18.0,100.0,0,Spring,80.0,0.0,0.0,20.0,4,27,21,5,0,485.0,411.0,428.0,355.0,319.0,447.57142857142856,435.0,402.9642857142857,101.93438599225983,91.57510578754469,82.33917304654834
2022-05-28,423,1231,350,530,83.88,79.41,6.0,0.0,0,Spring,40.0,20.0,0.0,40.0,5,28,21,5,1,740.0,362.0,473.0,399.0,360.0,494.57142857142856,457.2857142857143,418.0,147.79361414131657,122.48731712770446,102.42720992652951
2022-05-29,487,1566,100,498,85.34,79.98,5.0,0.0,0,Spring,60.0,0.0,0.0,40.0,6,29,21,5,1,423.0,349.0,309.0,463.0,426.0,503.2857142857143,453.7142857142857,420.25,140.28151967349353,122.72259435342438,101.79595604279515
2022-05-30,442,2025,407,512,84.87,81.56,4.0,0.0,0,Spring,60.0,20.0,0.0,20.0,0,30,22,5,0,487.0,476.0,494.0,233.0,366.0,523.0,466.4285714285714,422.4285714285714,123.70260034992528,115.5899345403091,102.57334451645332
2022-05-31,442,1753,295,578,88.48,87.44,2.0,0.0,0,Spring,80.0,20.0,0.0,0.0,1,31,22,5,0,442.0,403.0,396.0,314.0,435.0,518.1428571428571,462.7142857142857,425.1428571428572,126.49167109791402,115.47122756602344,102.02894080556156
2022-06-01,513,1843,675,549,86.1,98.16,2.0,0.0,0,Summer,40.0,60.0,0.0,0.0,2,1,22,6,0,442.0,647.0,321.0,367.0,346.0,523.7142857142857,466.0,425.3928571428572,121.32836201223289,114.0728512162967,102.06255862467827
2022-06-02,447,1423,286,625,87.35,79.31,9.0,0.0,0,Summer,40.0,20.0,0.0,40.0,3,2,22,6,0,513.0,485.0,536.0,422.0,388.0,504.57142857142856,479.7142857142857,431.3571428571428,108.53088215320273,106.59587852577268,102.1307130087838
2022-06-03,552,1262,1473,811,84.2,81.8,19.0,100.0,0,Summer,20.0,20.0,0.0,60.0,4,3,22,6,0,447.0,740.0,411.0,428.0,355.0,499.1428571428572,473.3571428571428,433.4642857142857,110.60353908055043,105.63042040191684,101.81118404068984
2022-06-04,392,1594,88,561,85.6,86.97,3.0,0.0,0,Summer,40.0,40.0,0.0,20.0,5,4,22,6,1,552.0,423.0,362.0,473.0,399.0,472.2857142857143,483.4285714285714,440.5,46.78216998570501,105.94898212435449,102.98813308122244
2022-06-05,498,1693,177,582,89.03,93.73,3.0,0.0,0,Summer,60.0,40.0,0.0,0.0,6,5,22,6,1,392.0,487.0,349.0,309.0,463.0,467.8571428571428,485.57142857142856,440.25,53.2460595456868,103.58104540422892,103.10103818135926
2022-06-06,418,2140,347,459,80.47,78.95,5.0,0.0,0,Summer,20.0,80.0,0.0,0.0,0,6,23,6,0,498.0,442.0,476.0,494.0,233.0,469.4285714285714,496.2142857142857,441.5,54.06125273815818,95.83413441295998,103.59804802965924
2022-06-07,427,1815,233,513,81.39,81.99,6.0,0.0,0,Summer,0.0,100.0,0.0,0.0,1,7,23,6,0,418.0,442.0,403.0,396.0,314.0,466.0,492.07142857142856,448.1071428571428,56.78321348191997,98.00428898441449,95.3816269619301
2022-06-08,694,1875,667,771,85.9,85.17,15.0,100.0,0,Summer,20.0,40.0,0.0,40.0,2,8,23,6,0,427.0,513.0,647.0,321.0,367.0,463.8571428571428,493.7857142857143,452.1428571428572,58.1074538288863,96.52514903176456,91.82137017690408
2022-06-09,373,1575,77,454,81.77,84.06,2.0,0.0,0,Summer,80.0,20.0,0.0,0.0,3,9,23,6,0,694.0,447.0,485.0,536.0,422.0,489.7142857142857,497.1428571428572,463.82142857142856,104.9836721998779,102.87248054143156,100.9341749456432
2022-06-10,483,1552,669,579,84.17,80.78,6.0,0.0,0,Summer,40.0,40.0,0.0,20.0,4,10,23,6,0,373.0,552.0,740.0,411.0,428.0,479.1428571428572,489.1428571428572,462.07142857142856,113.3908117550808,108.11095236828685,102.10413296362692
2022-06-11,571,1128,715,705,93.11,96.62,3.0,0.0,0,Summer,0.0,20.0,0.0,80.0,5,11,23,6,1,483.0,392.0,423.0,362.0,473.0,469.2857142857143,470.7857142857143,464.0357142857143,108.91237194141318,80.54351768924806,101.95332343151053
2022-06-12,479,1330,412,553,82.31,87.06,7.0,0.0,0,Summer,40.0,20.0,0.0,40.0,6,12,23,6,1,571.0,498.0,487.0,349.0,309.0,494.8571428571428,481.3571428571428,467.5357142857143,108.75573329167302,83.44930026240894,103.93533678592796
2022-06-13,363,1051,279,470,80.81,77.04,4.0,0.0,0,Summer,20.0,60.0,0.0,20.0,0,13,24,6,0,479.0,418.0,442.0,476.0,494.0,492.1428571428572,480.7857142857143,473.6071428571428,108.90122217163672,83.43507708339496,99.18831296363228
2022-06-14,550,1319,314,574,72.11,77.82,20.0,100.0,0,Summer,0.0,40.0,0.0,60.0,1,14,24,6,0,363.0,427.0,442.0,403.0,396.0,484.2857142857143,475.1428571428572,468.9285714285714,116.83708641482268,88.76144098984298,101.25871835218967
2022-06-15,565,1495,595,636,85.84,87.59,7.0,0.0,0,Summer,20.0,60.0,0.0,20.0,2,15,24,6,0,550.0,694.0,513.0,647.0,321.0,501.8571428571428,482.8571428571428,474.4285714285714,116.03222048412324,90.3385573554001,101.33312447764628
2022-06-16,425,1006,426,453,82.84,80.39,2.0,0.0,0,Summer,20.0,80.0,0.0,0.0,3,16,24,6,0,565.0,373.0,447.0,485.0,536.0,483.4285714285714,486.57142857142856,483.1428571428572,87.05526433030359,92.71106007020212,98.08979796904724
2022-06-17,735,931,1786,955,87.16,99.26,19.0,100.0,0,Summer,20.0,40.0,0.0,40.0,4,17,24,6,0,425.0,483.0,552.0,740.0,411.0,490.8571428571428,485.0,479.1785714285714,77.78694957259546,93.615416218944,98.11748572650566
2022-06-18,480,849,316,685,81.17,81.16,18.0,100.0,0,Summer,60.0,40.0,0.0,0.0,5,18,24,6,1,735.0,571.0,392.0,423.0,362.0,526.8571428571429,498.07142857142856,490.75,120.2614215939989,114.20256247004808,108.35081055602764
2022-06-19,864,1354,461,819,82.08,87.16,20.0,100.0,0,Summer,60.0,40.0,0.0,0.0,6,19,24,6,1,480.0,479.0,498.0,487.0,349.0,513.8571428571429,504.3571428571428,494.9642857142857,119.61107609167946,110.26932563421312,105.41258697168728
2022-06-20,370,1668,503,516,84.53,87.27,4.0,0.0,0,Summer,100.0,0.0,0.0,0.0,0,20,25,6,0,864.0,363.0,418.0,442.0,476.0,568.8571428571429,530.5,513.3571428571429,176.09223773487648,146.18363056838407,122.53924973194414
2022-06-21,462,1755,185,477,78.57,81.1,7.0,0.0,0,Summer,60.0,0.0,0.0,40.0,1,21,25,6,0,370.0,550.0,427.0,442.0,403.0,569.8571428571429,527.0714285714286,509.57142857142856,174.74307670732745,149.54930459716104,125.3414384410688
2022-06-22,655,1478,1319,715,80.45,77.9,19.0,100.0,0,Summer,40.0,20.0,0.0,40.0,2,22,25,6,0,462.0,565.0,694.0,513.0,647.0,557.2857142857143,529.5714285714286,511.6785714285714,179.51018010660235,148.03259219390944,123.97193636178734
2022-06-23,489,1455,186,528,86.46,86.88,3.0,0.0,0,Summer,20.0,60.0,0.0,20.0,3,23,25,6,0,655.0,425.0,373.0,447.0,485.0,570.1428571428571,526.7857142857143,511.9642857142857,183.3370562392564,145.03696004887763,124.3041318531578
2022-06-24,699,1556,688,836,85.94,85.8,19.0,100.0,0,Summer,0.0,40.0,0.0,60.0,4,24,25,6,0,489.0,735.0,483.0,552.0,740.0,579.2857142857143,535.0714285714286,512.1071428571429,176.35543114754975,138.75294274673624,124.27429020657996
2022-06-25,686,1848,303,827,87.79,89.22,16.0,100.0,0,Summer,60.0,40.0,0.0,0.0,5,25,25,6,1,699.0,480.0,571.0,392.0,423.0,574.1428571428571,550.5,510.6428571428572,171.516207758362,144.41113850072946,121.7046255202156
2022-06-26,690,1465,1050,811,82.32,86.29,20.0,100.0,0,Summer,20.0,20.0,0.0,60.0,6,26,25,6,1,686.0,864.0,479.0,498.0,487.0,603.5714285714286,558.7142857142857,520.0357142857143,170.33971658899503,148.86877472429208,124.799537672119
2022-06-27,610,1539,659,641,88.11,94.07,4.0,0.0,0,Summer,20.0,40.0,0.0,40.0,0,27,26,6,0,690.0,370.0,363.0,418.0,442.0,578.7142857142857,573.7857142857143,527.2857142857143,135.0403819674131,150.84540153692157,128.64647427704884
2022-06-28,504,929,619,633,83.54,88.49,8.0,0.0,0,Summer,60.0,0.0,0.0,40.0,1,28,26,6,0,610.0,462.0,550.0,427.0,442.0,613.0,591.4285714285714,533.2857142857143,98.82982006122164,138.21093927856677,128.4390205918048
2022-06-29,428,1600,146,490,79.3,85.11,7.0,0.0,1,Summer,40.0,40.0,0.0,20.0,2,29,26,6,0,504.0,655.0,565.0,694.0,513.0,619.0,588.1428571428571,535.5,88.91194145520303,139.80913205722058,127.3366782574042
2022-06-30,498,2075,194,512,84.63,87.79,2.0,0.0,1,Summer,0.0,80.0,0.0,20.0,3,30,26,6,0,428.0,489.0,425.0,373.0,447.0,586.5714285714286,578.3571428571429,532.4642857142857,111.9938348643314,146.2019715445603,128.89659425517053
2022-07-01,573,1771,770,737,84.51,84.2,17.0,100.0,1,Summer,40.0,40.0,0.0,20.0,4,1,26,7,0,498.0,699.0,735.0,483.0,552.0,587.8571428571429,583.5714285714286,534.2857142857143,110.73155011321876,141.53918418353484,128.00140541556502
2022-07-02,464,1463,219,504,80.71,82.27,7.0,0.0,1,Summer,20.0,80.0,0.0,0.0,5,2,26,7,1,573.0,686.0,480.0,571.0,392.0,569.8571428571429,572.0,535.0357142857143,99.30496558821343,134.66196996125555,128.17045425493112
2022-07-03,466,1218,314,534,86.05,81.96,4.0,0.0,1,Summer,20.0,20.0,0.0,60.0,6,3,26,7,1,464.0,690.0,864.0,479.0,498.0,538.1428571428571,570.8571428571429,537.6071428571429,91.14535748175123,135.56767094921025,125.89658874727743
2022-07-04,504,1571,483,560,78.28,74.96,15.0,100.0,1,Summer,20.0,20.0,0.0,60.0,0,4,27,7,0,466.0,610.0,370.0,363.0,418.0,506.1428571428572,542.4285714285714,536.4642857142857,64.31803420355392,108.3688248427662,126.41363092901072
2022-07-05,405,1180,314,497,75.02,77.3,16.0,100.0,1,Summer,20.0,60.0,0.0,20.0,1,5,27,7,0,504.0,504.0,462.0,550.0,427.0,491.0,552.0,539.5357142857143,45.52288801617632,97.3226197124402,124.4583768419692
2022-07-06,518,937,707,528,86.57,82.56,3.0,0.0,1,Summer,0.0,80.0,0.0,20.0,2,6,27,7,0,405.0,428.0,655.0,565.0,694.0,476.8571428571428,547.9285714285714,538.75,55.16770967220023,102.43531864300734,125.26198471529526
2022-07-07,488,1188,795,601,75.69,80.5,20.0,100.0,1,Summer,40.0,20.0,0.0,40.0,3,7,27,7,0,518.0,498.0,489.0,425.0,373.0,489.7142857142857,538.1428571428571,532.4642857142857,52.29631690573207,97.86164263336806,121.54361574801278
2022-07-08,528,898,386,569,87.12,84.5,6.0,0.0,1,Summer,40.0,0.0,0.0,60.0,4,8,27,7,0,488.0,573.0,699.0,735.0,483.0,488.2857142857143,538.0714285714286,536.5714285714286,52.16868245002382,97.90062802164708,117.84215072194048
2022-07-09,335,1128,578,502,83.48,84.69,5.0,0.0,1,Summer,40.0,60.0,0.0,0.0,5,9,27,7,1,528.0,464.0,686.0,480.0,571.0,481.8571428571428,525.8571428571429,538.1785714285714,41.715019563016455,86.25263174834974,117.3904701701656
2022-07-10,595,1587,543,649,77.91,78.67,19.0,100.0,1,Summer,80.0,0.0,0.0,20.0,6,10,27,7,1,335.0,466.0,690.0,864.0,479.0,463.4285714285714,500.7857142857143,529.75,69.89481893735534,87.13135845591745,123.27164373102276
2022-07-11,381,1265,72,390,80.33,77.79,3.0,0.0,1,Summer,60.0,20.0,0.0,20.0,0,11,28,7,0,595.0,504.0,610.0,370.0,363.0,481.8571428571428,494.0,533.8928571428571,85.86700680204734,73.96672848704935,123.45199675438852
2022-07-12,309,1695,166,384,75.26,75.19,5.0,0.0,1,Summer,40.0,20.0,0.0,40.0,1,12,28,7,0,381.0,405.0,504.0,462.0,550.0,464.2857142857143,477.6428571428572,534.5357142857143,92.87933800674617,71.62467037685664,122.57287541850292
2022-07-13,481,1552,192,549,88.36,91.03,3.0,0.0,1,Summer,0.0,20.0,0.0,80.0,2,13,28,7,0,309.0,518.0,428.0,655.0,565.0,450.57142857142856,463.7142857142857,525.9285714285714,108.81307694521682,83.99672939734329,129.70106044040324
2022-07-14,362,1263,224,423,79.78,79.21,4.0,0.0,1,Summer,60.0,20.0,0.0,20.0,3,14,28,7,0,481.0,488.0,498.0,489.0,425.0,445.2857142857143,467.5,522.9285714285714,105.85007366666332,83.45588424661607,129.73532274694517
2022-07-15,305,1125,79,341,71.46,75.74,6.0,0.0,1,Summer,20.0,60.0,0.0,20.0,4,15,28,7,0,362.0,528.0,573.0,699.0,735.0,427.2857142857143,457.7857142857143,520.6785714285714,108.06589700380988,87.45212190892563,132.02274034519215
2022-07-16,289,899,561,437,78.23,80.1,5.0,0.0,1,Summer,40.0,20.0,0.0,40.0,5,16,28,7,1,305.0,335.0,464.0,686.0,480.0,395.4285714285714,438.6428571428572,505.32142857142856,106.2824180236426,89.59791132769605,131.17561132043974
2022-07-17,326,817,443,398,79.36,80.21,3.0,0.0,1,Summer,60.0,20.0,0.0,20.0,6,17,28,7,1,289.0,595.0,466.0,690.0,864.0,388.8571428571428,426.1428571428572,498.5,111.914295439901,97.63500092996048,137.36151275078933
2022-07-18,432,693,377,536,83.04,82.41,6.0,0.0,1,Summer,40.0,40.0,0.0,20.0,0,18,29,7,0,326.0,381.0,504.0,610.0,370.0,350.42857142857144,416.1428571428572,479.2857142857143,66.16609691490252,100.3699749334025,120.99429345063814
2022-07-19,314,734,285,431,79.3,78.67,5.0,0.0,1,Summer,40.0,60.0,0.0,0.0,1,19,29,7,0,432.0,309.0,405.0,504.0,462.0,357.7142857142857,411.0,481.5,72.5895178055206,97.32024850580042,119.47803145348556
2022-07-20,302,969,527,374,78.41,73.97,5.0,0.0,1,Summer,0.0,80.0,0.0,20.0,2,20,29,7,0,314.0,481.0,518.0,428.0,655.0,358.42857142857144,404.5,476.2142857142857,72.05289062639295,100.73098217147866,123.57614451043364
2022-07-21,405,863,396,535,75.78,73.01,17.0,100.0,1,Summer,40.0,60.0,0.0,0.0,3,21,29,7,0,302.0,362.0,488.0,498.0,489.0,332.85714285714283,389.07142857142856,463.6071428571428,49.55276168364455,98.52720380742508,122.66405168882883
2022-07-22,616,854,740,703,91.9,98.68,6.0,0.0,1,Summer,40.0,20.0,0.0,40.0,4,22,29,7,0,405.0,305.0,528.0,573.0,699.0,339.0,383.1428571428572,460.6071428571428,56.01190349678556,94.53274332441404,123.04661546226971
2022-07-23,826,1136,1079,831,84.52,91.69,17.0,100.0,1,Summer,20.0,0.0,0.0,80.0,5,23,29,7,1,616.0,289.0,335.0,464.0,686.0,383.4285714285714,389.4285714285714,457.6428571428572,115.88767139326036,107.00806172772803,117.98656994688332
2022-07-24,457,579,1866,904,84.6,90.37,23.0,100.0,1,Summer,20.0,80.0,0.0,0.0,6,24,29,7,1,826.0,326.0,595.0,466.0,690.0,460.1428571428572,424.5,462.6428571428572,194.22360701987157,156.71421809729367,130.3417770171135
2022-07-25,391,1051,405,545,71.94,68.06,17.0,100.0,0,Summer,20.0,60.0,0.0,20.0,0,25,30,7,0,457.0,432.0,381.0,504.0,610.0,478.8571428571428,414.6428571428572,454.32142857142856,185.24796766445104,149.3311277473176,122.49022744735974
2022-07-26,744,1938,154,831,102.75,100.05,4.0,0.0,0,Summer,0.0,20.0,0.0,80.0,1,26,30,7,0,391.0,314.0,309.0,405.0,504.0,473.0,415.3571428571428,446.5,187.6095235677904,149.1816688794917,119.12722735083024
2022-07-27,781,2630,1762,988,90.06,97.45,18.0,100.0,0,Summer,40.0,60.0,0.0,0.0,2,27,30,7,0,744.0,302.0,481.0,518.0,428.0,534.4285714285714,446.4285714285714,455.07142857142856,197.03202543652404,169.27343118603835,131.41788833968334
2022-07-28,636,2141,152,717,94.14,94.98,6.0,0.0,0,Summer,0.0,20.0,0.0,80.0,3,28,30,7,0,781.0,405.0,362.0,488.0,498.0,602.8571428571429,467.8571428571428,467.6785714285714,185.70893765193307,191.514151773884,144.9590117218146
2022-07-29,459,2321,255,534,80.65,79.53,6.0,0.0,0,Summer,20.0,80.0,0.0,0.0,4,29,30,7,0,636.0,616.0,305.0,528.0,573.0,635.8571428571429,487.4285714285714,472.6071428571428,163.93843211342966,193.85034445147625,148.33479132509814
2022-07-30,653,2923,651,929,106.0,112.55,3.0,0.0,0,Summer,20.0,40.0,0.0,40.0,5,30,30,7,1,459.0,826.0,289.0,335.0,464.0,613.4285714285714,498.4285714285714,468.5357142857143,177.30280797067417,186.9486619310289,147.036020314212
2022-07-31,780,2407,358,889,99.27,101.72,6.0,0.0,0,Summer,20.0,20.0,0.0,60.0,6,31,30,7,1,653.0,457.0,326.0,595.0,466.0,588.7142857142857,524.4285714285714,475.2857142857143,153.1455889948237,180.79215192535912,151.102088899662
2022-08-01,397,1985,81,535,81.64,90.67,5.0,0.0,0,Summer,0.0,60.0,0.0,40.0,0,1,31,8,0,780.0,391.0,432.0,381.0,504.0,634.8571428571429,556.8571428571429,486.5,155.48786509074026,183.1635910843119,161.66987396589457
2022-08-02,468,2183,328,554,80.28,88.7,6.0,0.0,0,Summer,40.0,40.0,0.0,20.0,1,2,31,8,0,397.0,744.0,314.0,309.0,405.0,635.7142857142857,554.3571428571429,482.6785714285714,153.92824549739018,185.22610180859687,162.50334550890756
2022-08-03,357,2043,0,406,78.28,77.47,3.0,0.0,0,Summer,40.0,20.0,0.0,40.0,2,3,31,8,0,468.0,781.0,302.0,481.0,518.0,596.2857142857143,565.3571428571429,484.9285714285714,156.8881919135561,174.09219800609483,161.82270329464708
2022-08-04,530,1686,954,568,86.26,91.67,4.0,0.0,0,Summer,20.0,40.0,0.0,40.0,3,4,31,8,0,357.0,636.0,405.0,362.0,488.0,535.7142857142857,569.2857142857143,479.1785714285714,155.53104115225617,168.2134306224035,163.4562017611445
2022-08-05,516,1423,583,608,84.36,87.34,8.0,0.0,0,Summer,80.0,20.0,0.0,0.0,4,5,31,8,0,530.0,459.0,616.0,305.0,528.0,520.5714285714286,578.2142857142857,480.6785714285714,149.16976586298944,162.0261985327957,163.73263064711452
2022-08-06,527,1315,283,702,93.88,96.4,2.0,0.0,0,Summer,20.0,20.0,0.0,60.0,5,6,31,8,1,516.0,653.0,826.0,289.0,335.0,528.7142857142857,571.0714285714286,480.25,146.78523345999352,162.43600599607203,163.61984507908505
2022-08-07,590,1933,824,678,93.26,100.39,3.0,0.0,0,Summer,60.0,40.0,0.0,0.0,6,7,31,8,1,527.0,780.0,457.0,326.0,595.0,510.7142857142857,549.7142857142857,487.1071428571428,136.35946891178773,145.06732048441305,161.31412633274692
2022-08-08,659,1479,651,637,77.21,78.93,16.0,100.0,0,Summer,20.0,80.0,0.0,0.0,0,8,32,8,0,590.0,397.0,391.0,432.0,381.0,483.57142857142856,559.2142857142857,486.9285714285714,81.83083596228106,142.866898018577,161.19298959377846
2022-08-09,587,1001,540,713,80.26,87.11,18.0,100.0,0,Summer,0.0,40.0,0.0,60.0,1,9,32,8,0,659.0,468.0,744.0,314.0,309.0,521.0,578.3571428571429,496.8571428571428,94.56214887575284,136.40246283748615,162.97846126399315
2022-08-10,782,1685,902,910,91.95,83.46,16.0,100.0,0,Summer,20.0,60.0,0.0,20.0,2,10,32,8,0,587.0,357.0,781.0,302.0,481.0,538.0,567.1428571428571,506.7857142857143,94.14173711307176,127.92717708666348,159.5420198087518
2022-08-11,718,1228,809,931,88.4,90.51,17.0,100.0,0,Summer,80.0,20.0,0.0,0.0,3,11,32,8,0,782.0,530.0,636.0,405.0,362.0,598.7142857142857,567.2142857142857,517.5357142857143,94.99774433412352,128.05598449441982,167.67373127216507
2022-08-12,453,1882,703,572,88.93,93.66,2.0,0.0,0,Summer,60.0,20.0,0.0,20.0,4,12,32,8,0,718.0,516.0,459.0,616.0,305.0,625.5714285714286,573.0714285714286,530.25,98.83126553686908,133.21553633446453,168.93558382259656
2022-08-13,787,1580,505,867,87.46,80.05,19.0,100.0,0,Summer,60.0,40.0,0.0,0.0,5,13,32,8,1,453.0,527.0,653.0,826.0,289.0,616.5714285714286,572.6428571428571,535.5357142857143,112.40826948058192,133.619786157392,163.86613374446793
2022-08-14,577,1739,322,579,82.25,89.89,6.0,0.0,0,Summer,20.0,20.0,0.0,60.0,6,14,32,8,1,787.0,590.0,780.0,457.0,326.0,653.7142857142857,582.2142857142857,553.3214285714286,120.54005459557766,144.19920973400653,163.1409419220601
2022-08-15,629,1714,123,630,89.93,98.55,1.0,0.0,0,Summer,60.0,40.0,0.0,0.0,0,15,33,8,0,577.0,659.0,397.0,391.0,432.0,651.8571428571429,567.7142857142857,562.2857142857143,121.77907397062494,132.51381847910054,156.96658222853674
2022-08-16,564,1530,980,683,89.81,88.93,5.0,0.0,0,Summer,40.0,40.0,0.0,20.0,1,16,33,8,0,629.0,587.0,468.0,744.0,314.0,647.5714285714286,584.2857142857143,569.3214285714286,122.0134652990636,123.73882455921672,155.31689316229367
2022-08-17,447,1221,80,462,80.01,77.37,5.0,0.0,0,Summer,80.0,0.0,0.0,20.0,2,17,33,8,0,564.0,782.0,357.0,781.0,302.0,644.2857142857143,591.1428571428571,578.25,124.20643338908889,119.38229294217707,147.06225061366223
2022-08-18,386,1192,664,561,87.3,95.9,2.0,0.0,0,Summer,0.0,20.0,0.0,80.0,3,18,33,8,0,447.0,718.0,530.0,636.0,405.0,596.4285714285714,597.5714285714286,583.4285714285714,126.81200934566796,107.6509418199636,139.3236117213045
2022-08-19,394,1251,594,531,87.41,87.41,1.0,0.0,0,Summer,40.0,60.0,0.0,0.0,4,19,33,8,0,386.0,453.0,516.0,459.0,616.0,549.0,587.2857142857143,582.75,135.5494989539493,120.69314464722127,140.26789844199337
2022-08-20,821,1109,1666,1012,97.22,96.27,15.0,100.0,0,Summer,40.0,40.0,0.0,20.0,5,20,33,8,1,394.0,787.0,527.0,653.0,826.0,540.5714285714286,578.5714285714286,574.8214285714286,144.07967372586742,130.2611071807543,144.52836542595523
2022-08-21,401,1240,119,573,85.5,85.63,4.0,0.0,0,Summer,40.0,20.0,0.0,40.0,6,21,33,8,1,821.0,577.0,590.0,780.0,457.0,545.4285714285714,599.5714285714286,574.6428571428571,154.00309211490662,144.25443029363282,144.2092651992659
2022-08-22,603,1646,1506,874,89.13,92.39,16.0,100.0,0,Summer,0.0,60.0,0.0,40.0,0,22,34,8,0,401.0,629.0,659.0,397.0,391.0,520.2857142857143,586.0714285714286,572.6428571428571,162.1416194624464,153.7502791920986,146.27478309439465
2022-08-23,612,2257,266,729,85.81,80.08,16.0,100.0,0,Summer,60.0,0.0,0.0,40.0,1,23,34,8,0,603.0,564.0,587.0,468.0,744.0,516.5714285714286,582.0714285714286,580.2142857142857,159.51265064027282,152.4297892780167,141.9471359978406
2022-08-24,569,2674,369,624,88.4,83.56,5.0,0.0,0,Summer,40.0,40.0,0.0,20.0,2,24,34,8,0,612.0,447.0,782.0,357.0,781.0,523.4285714285714,583.8571428571429,575.5,162.88734055869944,152.63826374942644,138.4551003568119
2022-08-25,542,2977,172,667,89.64,94.49,5.0,0.0,0,Summer,20.0,20.0,0.0,60.0,3,25,34,8,0,569.0,386.0,718.0,530.0,636.0,540.8571428571429,568.6428571428571,567.9285714285714,159.84516317510582,141.58422725216718,132.46828511325495
2022-08-26,804,2607,335,883,85.54,84.26,21.0,100.0,0,Summer,40.0,60.0,0.0,0.0,4,26,34,8,0,542.0,394.0,453.0,516.0,459.0,563.1428571428571,556.0714285714286,564.5714285714286,144.82567517700792,134.9612276434713,131.8690227211804
2022-08-27,755,2138,307,857,85.47,89.83,19.0,100.0,0,Summer,40.0,20.0,0.0,40.0,5,27,34,8,1,804.0,821.0,787.0,527.0,653.0,621.7142857142857,581.1428571428571,576.8928571428571,147.89378427970348,146.4539082877175,137.6313754296074
2022-08-28,421,1690,800,565,86.91,83.27,5.0,0.0,0,Summer,40.0,20.0,0.0,40.0,6,28,34,8,1,755.0,401.0,577.0,590.0,780.0,612.2857142857143,578.8571428571429,580.5357142857143,134.5755231406197,143.20767982353277,141.02836125137637
2022-08-29,531,1269,736,529,83.83,92.53,2.0,0.0,0,Summer,40.0,60.0,0.0,0.0,0,29,35,8,0,421.0,603.0,629.0,659.0,397.0,615.1428571428571,567.7142857142857,567.7142857142857,129.45710817542195,149.30270159409915,138.51938148728175
2022-08-30,455,1399,175,519,79.1,82.08,8.0,0.0,0,Summer,80.0,0.0,0.0,20.0,1,30,35,8,0,531.0,612.0,564.0,587.0,468.0,604.8571428571429,560.7142857142857,572.5,133.38344296479565,148.50352421170555,134.6640538800442
2022-08-31,532,1459,217,597,85.98,91.63,4.0,0.0,0,Summer,40.0,40.0,0.0,20.0,2,31,35,8,0,455.0,569.0,447.0,782.0,357.0,582.4285714285714,552.9285714285714,572.0357142857143,144.70182807283078,151.15171404698185,135.059515589694
2022-09-01,675,1679,1091,762,78.26,78.05,21.0,100.0,0,Autumn,20.0,40.0,20.0,20.0,3,1,35,9,0,532.0,542.0,386.0,718.0,530.0,577.1428571428571,559.0,578.2857142857143,145.94454263112942,148.2487514540754,128.63639745936138
2022-09-02,524,1326,150,658,84.43,87.17,14.0,100.0,0,Autumn,0.0,0.0,20.0,80.0,4,2,35,9,0,675.0,804.0,394.0,453.0,516.0,596.1428571428571,579.6428571428571,583.4642857142857,149.2273752493475,142.30822839221838,129.53606165790785
2022-09-03,596,1369,405,771,77.14,82.67,20.0,100.0,0,Autumn,0.0,20.0,20.0,60.0,5,3,35,9,1,524.0,755.0,821.0,787.0,527.0,556.1428571428571,588.9285714285714,583.75,118.61201256116324,133.2138040235227,129.3904870852111
2022-09-04,483,1530,358,484,82.6,79.82,5.0,0.0,0,Autumn,60.0,0.0,20.0,20.0,6,4,35,9,1,596.0,421.0,401.0,577.0,590.0,533.4285714285714,572.8571428571429,586.2142857142857,84.50415599810698,115.4501938185778,128.92586360726204
2022-09-05,554,1047,808,659,91.03,89.01,6.0,0.0,0,Autumn,20.0,0.0,60.0,20.0,0,5,36,9,0,483.0,531.0,603.0,629.0,659.0,542.2857142857143,578.7142857142857,582.3928571428571,73.25688656072855,107.89341504924634,130.3869850599204
2022-09-06,509,759,1594,761,84.56,85.1,18.0,100.0,0,Autumn,0.0,0.0,40.0,60.0,1,6,36,9,0,554.0,455.0,612.0,564.0,587.0,545.5714285714286,575.2142857142857,578.6428571428571,73.18209513001845,107.83975189099804,129.60973165500567
2022-09-07,469,936,216,567,71.29,80.01,18.0,100.0,0,Autumn,20.0,20.0,20.0,40.0,2,7,36,9,0,509.0,532.0,569.0,447.0,782.0,553.2857142857143,567.8571428571429,575.8571428571429,64.35763173008147,108.64752972012587,130.26005734561372
2022-09-08,426,1321,72,540,86.82,83.94,4.0,0.0,0,Autumn,40.0,0.0,40.0,20.0,3,8,36,9,0,469.0,675.0,542.0,386.0,718.0,544.2857142857143,560.7142857142857,564.6785714285714,71.8046291119506,111.8078217791087,125.24821387694568
2022-09-09,513,2137,290,600,76.95,75.07,16.0,100.0,0,Autumn,60.0,0.0,20.0,20.0,4,9,36,9,0,426.0,524.0,804.0,394.0,453.0,508.7142857142857,552.4285714285714,554.25,56.248597866122566,117.4568426704456,124.1610736995387
2022-09-10,432,1914,215,488,79.85,87.06,5.0,0.0,0,Autumn,0.0,20.0,40.0,40.0,5,10,36,9,1,513.0,596.0,755.0,821.0,787.0,507.1428571428572,531.6428571428571,556.3928571428571,55.90297717602223,92.63958876524298,122.85985369840591
2022-09-11,546,1697,479,658,92.26,99.73,4.0,0.0,0,Autumn,80.0,0.0,0.0,20.0,6,11,36,9,1,432.0,483.0,421.0,401.0,577.0,483.7142857142857,508.57142857142856,543.7142857142857,45.93369963223903,70.24978980063138,116.3242139510206
2022-09-12,623,1392,620,661,78.37,82.3,18.0,100.0,0,Autumn,20.0,20.0,60.0,0.0,0,12,37,9,0,546.0,554.0,531.0,603.0,629.0,492.7142857142857,517.5,542.6071428571429,51.59365040297846,66.0835717976744,116.14305970423024
2022-09-13,313,1134,122,462,80.63,73.65,5.0,0.0,0,Autumn,0.0,60.0,20.0,20.0,1,13,37,9,0,623.0,509.0,455.0,612.0,564.0,502.57142857142856,524.0714285714286,542.3928571428571,68.93198856568009,71.85183931665729,115.98318501554128
2022-09-14,386,943,540,471,81.74,77.52,7.0,0.0,0,Autumn,20.0,60.0,20.0,0.0,2,14,37,9,0,313.0,469.0,532.0,569.0,447.0,474.57142857142856,513.9285714285714,533.4285714285714,99.09399097634042,90.06618445575181,123.69479421706556
2022-09-15,500,1300,444,602,89.67,92.7,3.0,0.0,0,Autumn,40.0,0.0,0.0,60.0,3,15,37,9,0,386.0,426.0,675.0,542.0,386.0,462.7142857142857,503.5,531.25,104.6800112815467,96.06548247459568,125.79278228131436
2022-09-16,661,1118,977,710,81.05,79.17,17.0,100.0,0,Autumn,0.0,0.0,60.0,40.0,4,16,37,9,0,500.0,513.0,524.0,804.0,394.0,473.2857142857143,491.0,535.3214285714286,104.0892474205257,82.45464954002992,122.72494194605044
2022-09-17,601,1210,849,784,78.01,89.25,20.0,100.0,0,Autumn,80.0,20.0,0.0,0.0,5,17,37,9,1,661.0,432.0,596.0,755.0,821.0,494.4285714285714,500.7857142857143,544.8571428571429,126.18618141838029,93.99441765046728,121.70629926352764
2022-09-18,561,909,293,739,82.79,82.75,18.0,100.0,0,Autumn,20.0,60.0,0.0,20.0,6,18,37,9,1,601.0,546.0,483.0,421.0,401.0,518.5714285714286,501.1428571428572,537.0,128.39893190476985,94.39267991734287,109.7309841789864
2022-09-19,487,1343,587,611,93.58,92.79,2.0,0.0,0,Autumn,0.0,20.0,20.0,60.0,0,19,38,9,0,561.0,623.0,554.0,531.0,603.0,520.7142857142857,506.7142857142857,542.7142857142857,129.05646604712,95.53447108156874,106.50503627210696
2022-09-20,508,1490,791,648,92.76,98.6,4.0,0.0,0,Autumn,0.0,40.0,0.0,60.0,1,20,38,9,0,487.0,313.0,509.0,455.0,612.0,501.2857142857143,501.9285714285714,538.5714285714286,121.08222314569866,94.65765382984809,106.32912864254872
2022-09-21,332,1226,76,405,78.89,81.54,2.0,0.0,0,Autumn,0.0,80.0,0.0,20.0,2,21,38,9,0,508.0,386.0,469.0,532.0,569.0,529.1428571428571,501.8571428571428,534.8571428571429,88.62548273762013,94.6522844154058,105.482213450882
2022-09-22,290,1410,107,376,75.97,83.54,1.0,0.0,0,Autumn,0.0,40.0,60.0,0.0,3,22,38,9,0,332.0,500.0,426.0,675.0,542.0,521.4285714285714,492.07142857142856,526.3928571428571,104.15190371577016,104.84381371700098,111.951490581351
2022-09-23,499,1774,507,560,83.93,93.9,4.0,0.0,0,Autumn,20.0,20.0,0.0,60.0,4,23,38,9,0,290.0,661.0,513.0,524.0,804.0,491.4285714285714,482.3571428571428,517.3928571428571,136.5562852732127,117.02899518617444,120.45664327903629
2022-09-24,563,1517,634,608,88.08,85.76,6.0,0.0,0,Autumn,0.0,0.0,0.0,100.0,5,24,38,9,1,499.0,601.0,432.0,596.0,755.0,468.2857142857143,481.3571428571428,506.5,115.0647850643486,116.8066167401729,106.5688787870362
2022-09-25,434,1360,244,523,81.98,85.95,6.0,0.0,0,Autumn,20.0,20.0,60.0,0.0,6,25,38,9,1,563.0,561.0,546.0,483.0,421.0,462.8571428571428,490.7142857142857,499.6428571428572,108.46724324487478,117.79149020551142,95.59955613011616
2022-09-26,397,1170,976,530,82.64,78.48,7.0,0.0,0,Autumn,0.0,40.0,0.0,60.0,0,26,39,9,0,434.0,487.0,623.0,554.0,531.0,444.7142857142857,482.7142857142857,500.1071428571428,99.57194097019196,117.55092419976845,95.23434615636728
2022-09-27,458,1466,467,501,80.81,89.07,3.0,0.0,0,Autumn,40.0,0.0,20.0,40.0,1,27,39,9,0,397.0,508.0,313.0,509.0,455.0,431.8571428571428,466.57142857142856,495.32142857142856,99.01082191933776,112.20017433533268,96.97538961239748
2022-09-28,289,1235,150,378,73.38,74.1,7.0,0.0,0,Autumn,20.0,80.0,0.0,0.0,2,28,39,9,0,458.0,332.0,386.0,469.0,532.0,424.7142857142857,476.9285714285714,495.4285714285714,94.29336188321028,103.27071540054608,96.93083772250915
2022-09-29,482,2112,256,526,80.67,86.75,6.0,0.0,0,Autumn,40.0,40.0,0.0,20.0,3,29,39,9,0,289.0,290.0,500.0,426.0,675.0,418.57142857142856,470.0,486.75,102.39280108623684,112.66697011034812,104.14506442671468
2022-09-30,438,1886,484,553,88.91,88.95,3.0,0.0,0,Autumn,40.0,60.0,0.0,0.0,4,30,39,9,0,482.0,499.0,661.0,513.0,524.0,446.0,468.7142857142857,479.8571428571428,86.72946442818592,112.4006765456152,97.39218703385916
2022-10-01,320,1533,120,409,74.42,76.64,8.0,0.0,0,Autumn,0.0,60.0,40.0,0.0,5,1,39,10,1,438.0,563.0,601.0,432.0,596.0,437.2857142857143,452.7857142857143,476.7857142857143,83.52188193464467,97.92397252769273,97.30454564497342
2022-10-02,437,1333,402,518,81.75,94.02,5.0,0.0,0,Autumn,0.0,40.0,0.0,60.0,6,2,39,10,1,320.0,434.0,561.0,546.0,483.0,402.57142857142856,432.7142857142857,466.9285714285714,72.30919061653913,93.9242154173148,98.74956298878648
2022-10-03,527,1435,733,624,88.7,88.49,5.0,0.0,0,Autumn,0.0,0.0,80.0,20.0,0,3,40,10,0,437.0,397.0,487.0,623.0,554.0,403.0,423.8571428571428,465.2857142857143,72.53504899931671,86.44505337349942,98.85487198052422
2022-10-04,581,1438,771,606,74.21,79.05,20.0,100.0,0,Autumn,20.0,40.0,20.0,20.0,1,4,40,10,0,527.0,458.0,508.0,313.0,509.0,421.57142857142856,426.7142857142857,464.32142857142856,86.1139886871988,89.30623939907171,98.08615018004824
2022-10-05,485,857,211,615,89.49,94.8,4.0,0.0,0,Autumn,0.0,60.0,20.0,20.0,2,5,40,10,0,581.0,289.0,332.0,386.0,469.0,439.1428571428572,431.9285714285714,466.8928571428572,105.21633043627855,96.27641638349584,100.22136213687952
2022-10-06,523,1322,322,663,75.74,76.62,19.0,100.0,0,Autumn,20.0,0.0,60.0,20.0,3,6,40,10,0,485.0,482.0,290.0,500.0,426.0,467.1428571428572,442.8571428571428,467.4642857142857,82.15316705485459,92.6771543858294,100.27941782944175
2022-10-07,470,1618,682,545,82.54,88.62,6.0,0.0,0,Autumn,0.0,20.0,40.0,40.0,4,7,40,10,0,523.0,438.0,499.0,661.0,513.0,473.0,459.5,470.9285714285714,84.80762544331334,83.59126748650195,100.4692429705176
2022-10-08,560,1223,204,602,85.63,93.9,5.0,0.0,0,Autumn,0.0,40.0,20.0,40.0,5,8,40,10,1,470.0,320.0,563.0,601.0,432.0,477.57142857142856,457.4285714285714,469.3928571428572,83.45828727146102,82.89355016731143,100.13041099660644
2022-10-09,575,1070,1023,668,75.93,75.04,22.0,100.0,0,Autumn,60.0,0.0,20.0,20.0,6,9,40,10,1,560.0,437.0,434.0,561.0,546.0,511.8571428571428,457.2142857142857,473.9642857142857,50.87379342198579,82.6030159362124,101.2753789474643
2022-10-10,593,1137,1120,776,86.56,87.29,16.0,100.0,0,Autumn,20.0,40.0,20.0,20.0,0,10,41,10,0,575.0,527.0,397.0,487.0,623.0,531.5714285714286,467.2857142857143,475.0,43.18895361415645,87.97589579969141,102.1835675707283
2022-10-11,539,1182,216,572,85.23,90.38,3.0,0.0,0,Autumn,0.0,40.0,20.0,40.0,1,11,41,10,0,593.0,581.0,458.0,508.0,313.0,541.0,481.2857142857143,473.9285714285714,48.85693400122496,91.45694957942534,100.7210774849811
2022-10-12,478,1623,86,506,82.3,88.49,5.0,0.0,0,Autumn,0.0,40.0,0.0,60.0,2,12,41,10,0,539.0,485.0,289.0,332.0,386.0,535.0,487.07142857142856,482.0,45.5960524607125,92.42748865646293,96.30583998291549
2022-10-13,509,1734,1182,656,75.33,74.03,20.0,100.0,0,Autumn,80.0,20.0,0.0,0.0,3,13,41,10,0,478.0,523.0,482.0,290.0,500.0,534.0,500.57142857142856,485.2857142857143,46.932575751461926,73.04131000353767,94.46098828023352
2022-10-14,661,1397,568,741,84.89,83.35,15.0,100.0,0,Autumn,0.0,60.0,40.0,0.0,4,14,41,10,0,509.0,470.0,438.0,499.0,661.0,532.0,502.5,485.6071428571428,47.77028364998521,72.86948290238831,94.52820048975222
2022-10-15,665,1329,302,738,89.81,82.36,13.0,100.0,0,Autumn,0.0,20.0,0.0,80.0,5,15,41,10,1,661.0,560.0,320.0,563.0,601.0,559.2857142857143,518.4285714285714,485.6071428571428,59.55029886774846,81.54254603080985,94.52820048975222
2022-10-16,408,1603,607,507,83.59,90.05,4.0,0.0,0,Autumn,40.0,0.0,40.0,20.0,6,16,41,10,1,665.0,575.0,437.0,434.0,561.0,574.2857142857143,543.0714285714286,487.8928571428572,71.7372852513822,67.96318492753585,98.12703002314971
2022-10-17,353,1667,113,408,80.13,76.01,5.0,0.0,0,Autumn,40.0,20.0,40.0,0.0,0,17,42,10,0,408.0,593.0,527.0,397.0,487.0,550.4285714285714,541.0,482.4285714285714,95.3447379125828,71.77957712544442,98.1651777179781
2022-10-18,400,1427,206,495,72.2,73.24,18.0,100.0,0,Autumn,0.0,20.0,60.0,20.0,1,18,42,10,0,353.0,539.0,581.0,458.0,508.0,516.1428571428571,528.5714285714286,477.6428571428572,117.95539915780122,87.69064004583547,101.15489196925812
2022-10-19,329,1716,338,435,76.74,87.57,5.0,0.0,0,Autumn,0.0,60.0,20.0,20.0,2,19,42,10,0,400.0,478.0,485.0,289.0,332.0,496.2857142857143,515.6428571428571,473.7857142857143,124.95827875163546,92.57313710945331,102.00993311941032
2022-10-20,492,1512,197,521,82.63,76.24,7.0,0.0,0,Autumn,20.0,40.0,40.0,0.0,3,20,42,10,0,329.0,509.0,523.0,482.0,290.0,475.0,504.5,473.6785714285714,140.33650036014618,105.08805831301638,102.16582510852606
2022-10-21,364,1430,353,419,74.97,79.03,8.0,0.0,0,Autumn,40.0,40.0,20.0,0.0,4,21,42,10,0,492.0,661.0,470.0,438.0,499.0,472.57142857142856,502.2857142857143,480.8928571428572,139.7961100351235,104.99481933844172,95.63872580192596
2022-10-22,489,1160,643,525,81.61,87.81,3.0,0.0,0,Autumn,60.0,40.0,0.0,0.0,5,22,42,10,1,364.0,665.0,560.0,320.0,563.0,430.1428571428572,494.7142857142857,476.07142857142856,116.14563928021342,111.14400123708404,98.06419989775787
2022-10-23,472,1097,453,544,83.76,82.05,8.0,0.0,0,Autumn,20.0,40.0,0.0,40.0,6,23,42,10,1,489.0,408.0,575.0,437.0,434.0,405.0,489.6428571428572,473.4285714285714,64.31692364118925,109.54423563309705,96.62122632041827
2022-10-24,365,744,517,449,81.26,90.06,3.0,0.0,0,Autumn,40.0,0.0,0.0,60.0,0,24,43,10,0,472.0,353.0,593.0,527.0,397.0,414.1428571428572,482.2857142857143,474.7857142857143,69.17954555943135,106.7948634398808,96.31328401237698
2022-10-25,334,1260,153,425,77.91,82.73,5.0,0.0,0,Autumn,20.0,60.0,0.0,20.0,1,25,43,10,0,365.0,400.0,539.0,581.0,458.0,415.8571428571428,466.0,473.6428571428572,67.54116910306956,105.99419432577028,97.45358412188428
2022-10-26,423,1079,186,486,81.8,85.13,3.0,0.0,0,Autumn,0.0,40.0,60.0,0.0,2,26,43,10,0,334.0,329.0,478.0,485.0,289.0,406.4285714285714,451.3571428571428,469.2142857142857,74.38381800467279,109.24398039593385,100.94566090242104
2022-10-27,685,1288,1780,861,80.92,91.25,22.0,100.0,0,Autumn,60.0,40.0,0.0,0.0,3,27,43,10,0,423.0,492.0,509.0,523.0,482.0,419.8571428571428,447.4285714285714,474.0,66.09949210956749,109.20109487033103,95.09215802850744
2022-10-28,589,1006,199,707,83.82,78.93,16.0,100.0,0,Autumn,0.0,60.0,0.0,40.0,4,28,43,10,0,685.0,364.0,661.0,470.0,438.0,447.4285714285714,460.0,481.25,119.71474031053567,125.7164085734846,103.12402637026408
2022-10-29,402,1060,0,543,85.92,85.5,5.0,0.0,0,Autumn,0.0,20.0,20.0,60.0,5,29,43,10,1,589.0,489.0,665.0,560.0,320.0,479.57142857142856,454.8571428571428,486.6428571428572,123.71992178957692,118.10351205802256,104.71450226270994
2022-10-30,413,1591,155,469,77.57,83.38,7.0,0.0,0,Autumn,40.0,0.0,60.0,0.0,6,30,43,10,1,402.0,472.0,408.0,575.0,437.0,467.1428571428572,436.07142857142856,489.57142857142856,126.94280676933278,101.9135865372181,100.96072891510283
2022-10-31,334,1333,206,392,78.67,78.3,4.0,0.0,0,Autumn,20.0,0.0,60.0,20.0,0,31,44,10,0,413.0,365.0,353.0,593.0,527.0,458.7142857142857,436.4285714285714,488.7142857142857,128.51551694343394,101.81636130097829,101.52389142020034
2022-11-01,724,1205,1822,741,87.74,84.0,15.0,100.0,0,Autumn,40.0,20.0,20.0,20.0,1,1,44,11,0,334.0,334.0,400.0,539.0,581.0,454.2857142857143,435.07142857142856,481.82142857142856,132.7475226205925,103.13207684675604,105.30943947400036
2022-11-02,489,656,650,722,79.57,85.01,16.0,100.0,0,Autumn,0.0,20.0,40.0,40.0,2,2,44,11,0,724.0,423.0,329.0,478.0,485.0,510.0,458.2142857142857,486.9285714285714,153.99134174794813,128.00912141263638,113.45024315512846
2022-11-03,422,783,251,512,80.52,86.61,4.0,0.0,0,Autumn,0.0,20.0,80.0,0.0,3,3,44,11,0,489.0,685.0,492.0,509.0,523.0,519.4285714285714,469.6428571428572,487.07142857142856,149.7385022217702,122.61422125001312,113.45024315512846
2022-11-04,532,2293,81,522,82.57,94.75,4.0,0.0,0,Autumn,40.0,20.0,0.0,40.0,4,4,44,11,0,422.0,589.0,364.0,661.0,470.0,481.8571428571428,464.6428571428572,483.4642857142857,133.37094707547638,123.058839674271,113.8704534053073
2022-11-05,504,1842,949,714,84.79,86.59,14.0,100.0,0,Autumn,40.0,0.0,20.0,40.0,5,5,44,11,1,532.0,402.0,489.0,665.0,560.0,473.7142857142857,476.6428571428572,485.6785714285714,127.34299389930364,120.65756193768864,114.2012692319135
2022-11-06,552,1699,447,595,73.1,74.18,18.0,100.0,0,Autumn,20.0,40.0,20.0,20.0,6,6,44,11,1,504.0,413.0,472.0,408.0,575.0,488.2857142857143,477.7142857142857,483.6785714285714,123.54852526533088,120.84219116200715,113.33857947708584
2022-11-07,456,1301,96,596,85.62,92.81,5.0,0.0,0,Autumn,20.0,0.0,60.0,20.0,0,7,45,11,0,552.0,334.0,365.0,353.0,593.0,508.1428571428572,483.4285714285714,482.8571428571428,120.5659274303602,122.43221941812648,112.73394253259264
2022-11-08,499,1822,104,528,81.77,88.43,4.0,0.0,0,Autumn,40.0,20.0,20.0,20.0,1,8,45,11,0,456.0,724.0,334.0,400.0,539.0,525.5714285714286,489.9285714285714,477.9642857142857,97.88063673484707,117.99639126536142,110.7317352693766
2022-11-09,334,1427,691,464,78.29,82.23,6.0,0.0,0,Autumn,0.0,40.0,20.0,40.0,2,9,45,11,0,499.0,489.0,423.0,329.0,478.0,493.4285714285714,501.7142857142857,476.5357142857143,43.93881026631308,109.13113394263026,110.1717454344062
2022-11-10,615,1286,905,862,90.1,87.28,14.0,100.0,0,Autumn,0.0,40.0,0.0,60.0,3,10,45,11,0,334.0,422.0,685.0,492.0,509.0,471.2857142857143,495.3571428571428,471.3928571428572,74.77681076758633,116.4180842037449,113.4141343617099
2022-11-11,372,1262,84,482,76.99,80.14,7.0,0.0,0,Autumn,20.0,40.0,40.0,0.0,4,11,45,11,0,615.0,532.0,589.0,364.0,661.0,498.8571428571428,490.3571428571428,475.1785714285714,87.98944741923816,108.90758760234544,116.44456750569094
2022-11-12,689,1786,623,763,77.64,86.44,20.0,100.0,0,Autumn,40.0,20.0,0.0,40.0,5,12,45,11,1,372.0,504.0,402.0,489.0,665.0,476.0,474.8571428571428,464.8571428571428,98.14105494983563,109.23007274193634,112.09047743798423
2022-11-13,461,1388,84,506,81.35,82.02,6.0,0.0,0,Autumn,20.0,40.0,20.0,20.0,6,13,45,11,1,689.0,552.0,413.0,472.0,408.0,502.4285714285714,495.3571428571428,465.7142857142857,127.46614863413372,120.82129660902346,113.75700455205477
2022-11-14,479,1011,1247,667,79.64,80.86,19.0,100.0,0,Autumn,0.0,60.0,20.0,20.0,0,14,46,11,0,461.0,456.0,334.0,365.0,353.0,489.4285714285714,498.7857142857143,467.6071428571428,126.20203001914189,118.97134662884685,113.20068684705772
2022-11-15,371,1047,183,427,76.56,74.22,7.0,0.0,0,Autumn,80.0,0.0,0.0,20.0,1,15,46,11,0,479.0,499.0,724.0,334.0,400.0,492.7142857142857,509.1428571428572,472.1071428571428,125.48401529771871,109.45308594086296,110.95823014080096
2022-11-16,452,859,491,567,87.18,86.07,3.0,0.0,0,Autumn,0.0,0.0,20.0,80.0,2,16,46,11,0,371.0,334.0,489.0,423.0,329.0,474.4285714285714,483.9285714285714,471.07142857142856,133.48640023470193,95.98033795900692,111.78846709594642
2022-11-17,544,1703,1049,650,88.82,90.36,6.0,0.0,0,Autumn,0.0,40.0,40.0,20.0,3,17,46,11,0,452.0,615.0,422.0,685.0,492.0,491.2857142857143,481.2857142857143,475.4642857142857,119.51668542608644,96.33868826770878,108.36306673772364
2022-11-18,601,1710,97,645,88.34,89.2,7.0,0.0,0,Autumn,40.0,20.0,20.0,20.0,4,18,46,11,0,544.0,372.0,532.0,589.0,364.0,481.1428571428572,490.0,477.32142857142856,109.89302157314717,96.08089540350036,109.10004025237065
2022-11-19,483,1501,276,562,88.68,89.34,1.0,0.0,0,Autumn,0.0,40.0,20.0,40.0,5,19,46,11,1,601.0,689.0,504.0,402.0,489.0,513.8571428571429,494.9285714285714,485.7857142857143,106.0038184397598,100.08724216380404,109.176159771417
2022-11-20,562,1756,979,589,78.86,78.66,13.0,100.0,0,Autumn,0.0,20.0,60.0,20.0,6,20,46,11,1,483.0,461.0,552.0,413.0,472.0,484.4285714285714,493.4285714285714,485.57142857142856,72.61280222949014,100.0981935483766,109.17550551882556
2022-11-21,563,1194,293,730,81.78,87.74,18.0,100.0,0,Autumn,80.0,0.0,20.0,0.0,0,21,47,11,0,562.0,479.0,456.0,334.0,365.0,498.8571428571428,494.1428571428572,488.7857142857143,77.07880939105685,100.58280717349766,110.082244386189
2022-11-22,536,1234,239,548,86.75,90.53,2.0,0.0,0,Autumn,60.0,40.0,0.0,0.0,1,22,47,11,0,563.0,371.0,499.0,724.0,334.0,510.8571428571428,501.7857142857143,495.8571428571428,79.95713137139731,101.52239508254628,108.17910878131543
2022-11-23,399,1606,649,476,80.47,84.23,4.0,0.0,0,Autumn,0.0,60.0,20.0,20.0,2,23,47,11,0,536.0,452.0,334.0,489.0,423.0,534.4285714285714,504.4285714285714,503.07142857142856,50.89484958505892,101.92509639301396,103.62501077029113
2022-11-24,384,1334,394,453,79.52,80.15,3.0,0.0,0,Autumn,20.0,0.0,20.0,60.0,3,24,47,11,0,399.0,544.0,615.0,422.0,685.0,526.8571428571429,509.07142857142856,502.2142857142857,66.69189998650191,94.79570282837292,104.40815816814118
2022-11-25,547,1312,592,590,88.76,85.59,5.0,0.0,0,Autumn,20.0,40.0,20.0,20.0,4,25,47,11,0,384.0,601.0,372.0,532.0,589.0,504.0,492.57142857142856,491.4642857142857,84.79779871356736,95.04307872321228,100.30637590711343
2022-11-26,609,1544,606,647,80.42,81.39,15.0,100.0,0,Autumn,20.0,20.0,0.0,60.0,5,26,47,11,1,547.0,483.0,689.0,504.0,402.0,496.2857142857143,505.07142857142856,489.9642857142857,76.55872318186938,89.30024057656779,99.10057821816535
2022-11-27,616,1260,862,696,94.94,97.19,3.0,0.0,0,Autumn,20.0,40.0,20.0,20.0,6,27,47,11,1,609.0,562.0,461.0,552.0,413.0,514.2857142857143,499.3571428571428,497.3571428571428,87.01286166560739,78.5362308774713,100.01230083074992
2022-11-28,413,1546,98,532,85.16,83.26,7.0,0.0,0,Autumn,0.0,0.0,80.0,20.0,0,28,48,11,0,616.0,563.0,479.0,456.0,334.0,522.0,510.4285714285714,504.6071428571428,94.05672047582094,83.48257698071242,101.02340736670357
2022-11-29,420,1231,249,423,78.13,76.76,6.0,0.0,0,Autumn,20.0,40.0,20.0,20.0,1,29,48,11,0,413.0,536.0,371.0,499.0,724.0,500.57142857142856,505.7142857142857,507.4285714285714,100.05474691863644,87.17570989446722,97.10949473791976
2022-11-30,547,1474,956,661,93.45,86.5,5.0,0.0,0,Autumn,0.0,20.0,20.0,60.0,2,30,48,11,0,420.0,399.0,452.0,334.0,489.0,484.0,509.2142857142857,496.57142857142856,102.77807807763928,82.19224984185462,88.62255735397042
2022-12-01,478,1356,193,560,87.61,89.09,4.0,0.0,0,Winter,40.0,0.0,60.0,0.0,3,1,48,12,0,547.0,384.0,544.0,615.0,422.0,505.1428571428572,516.0,498.6428571428572,97.46354629882332,81.01851640211586,89.1154948848489
2022-12-02,477,1373,363,692,80.26,81.19,16.0,100.0,0,Winter,40.0,0.0,0.0,60.0,4,2,48,12,0,478.0,547.0,601.0,372.0,532.0,518.5714285714286,511.2857142857143,500.6428571428572,83.46028425316493,81.18395879011493,87.95251845538935
2022-12-03,367,1678,154,423,80.94,83.54,2.0,0.0,0,Winter,0.0,0.0,60.0,40.0,5,3,48,12,1,477.0,609.0,483.0,689.0,504.0,508.57142857142856,502.4285714285714,498.6785714285714,83.67966129404289,77.3152530335914,87.8403659724844
2022-12-04,554,1465,841,608,88.58,90.62,4.0,0.0,0,Winter,60.0,0.0,20.0,20.0,6,4,48,12,1,367.0,616.0,562.0,461.0,552.0,474.0,494.1428571428572,493.7857142857143,85.24865590338247,85.35523700111432,91.28115181815348
2022-12-05,545,1060,803,777,79.14,73.97,20.0,100.0,0,Winter,20.0,0.0,20.0,60.0,0,5,49,12,0,554.0,413.0,563.0,479.0,456.0,465.1428571428572,493.57142857142856,493.8571428571428,69.86994721487547,84.89152742512847,91.32916222661838
2022-12-06,593,1214,212,681,88.33,93.11,7.0,0.0,0,Winter,20.0,0.0,0.0,80.0,1,6,49,12,0,545.0,420.0,536.0,371.0,499.0,484.0,492.2857142857143,497.0357142857143,71.25073099040218,83.88951394215168,91.51137639977944
2022-12-07,599,1210,974,658,92.33,90.43,5.0,0.0,0,Winter,40.0,0.0,40.0,20.0,2,7,49,12,0,593.0,547.0,399.0,452.0,334.0,508.7142857142857,496.3571428571428,500.3928571428572,75.2434145196206,87.48064150063458,93.29298305784197
2022-12-08,574,1314,703,641,89.89,98.3,5.0,0.0,0,Winter,40.0,0.0,0.0,60.0,3,8,49,12,0,599.0,478.0,384.0,544.0,615.0,516.1428571428571,510.6428571428572,509.8571428571428,81.92359971629801,86.6856452874466,89.13689608341956
2022-12-09,413,1219,336,540,85.94,95.19,2.0,0.0,0,Winter,20.0,0.0,20.0,60.0,4,9,49,12,0,574.0,477.0,547.0,601.0,372.0,529.8571428571429,524.2142857142857,508.3928571428572,82.5074311227555,79.94438313980736,87.67040097062007
2022-12-10,393,1420,96,526,81.83,88.94,7.0,0.0,0,Winter,20.0,0.0,40.0,40.0,5,10,49,12,1,413.0,367.0,609.0,483.0,689.0,520.7142857142857,514.6428571428571,509.8571428571428,92.30513580098422,84.87602465030675,85.62654239139202
2022-12-11,444,1759,241,613,89.76,89.1,5.0,0.0,0,Winter,40.0,0.0,60.0,0.0,6,11,49,12,1,393.0,554.0,616.0,562.0,461.0,524.4285714285714,499.2142857142857,499.2857142857143,85.34997977515341,86.02877744947014,80.8280557923714
2022-12-12,630,1556,764,797,84.56,83.16,16.0,100.0,0,Winter,40.0,0.0,60.0,0.0,0,12,50,12,0,444.0,545.0,413.0,563.0,479.0,508.7142857142857,486.9285714285714,498.6785714285714,89.04439770083684,80.14838573710419,81.18933225466122
2022-12-13,323,1245,0,374,75.55,74.23,5.0,0.0,0,Winter,40.0,0.0,60.0,0.0,1,13,50,12,0,630.0,593.0,420.0,536.0,371.0,520.8571428571429,502.4285714285714,504.07142857142856,99.94569954301636,85.55224610252338,84.76980969024723
2022-12-14,441,1367,619,551,81.93,84.84,7.0,0.0,0,Winter,0.0,0.0,20.0,80.0,2,14,50,12,0,323.0,599.0,547.0,399.0,452.0,482.2857142857143,495.5,502.3571428571428,117.94308554795164,96.02784051433242,87.98493738333457
2022-12-15,417,1188,584,558,77.23,80.85,17.0,100.0,0,Winter,40.0,0.0,40.0,20.0,3,15,50,12,0,441.0,574.0,478.0,384.0,544.0,459.7142857142857,487.9285714285714,501.9642857142857,106.44202535608174,95.83356107633348,88.24229360659479
2022-12-16,630,986,1106,848,89.25,88.97,17.0,100.0,0,Winter,40.0,0.0,60.0,0.0,4,16,50,12,0,417.0,413.0,477.0,547.0,601.0,437.2857142857143,483.57142857142856,497.4285714285714,94.18194144971775,97.68844848308768,89.25968297776498
2022-12-17,384,1191,144,488,79.34,84.78,7.0,0.0,0,Winter,40.0,0.0,20.0,40.0,5,17,50,12,1,630.0,393.0,367.0,609.0,483.0,468.2857142857143,494.5,498.4642857142857,117.64595797804284,105.16854604359132,90.6631870830912
2022-12-18,533,1320,594,625,88.76,92.34,4.0,0.0,0,Winter,20.0,0.0,20.0,60.0,6,18,50,12,1,384.0,444.0,554.0,616.0,562.0,467.0,495.7142857142857,494.9285714285714,118.65074799595658,103.67065349270403,93.1839791394104
2022-12-19,650,1415,1458,1011,101.64,102.19,15.0,100.0,0,Winter,40.0,0.0,40.0,20.0,0,19,51,12,0,533.0,630.0,545.0,413.0,563.0,479.7142857142857,494.2142857142857,493.8928571428572,120.52899275791738,102.9115965442992,92.57002926142144
2022-12-20,413,1375,0,484,84.21,86.83,3.0,0.0,0,Winter,20.0,0.0,80.0,0.0,1,20,51,12,0,650.0,323.0,593.0,420.0,536.0,482.57142857142856,501.7142857142857,497.0,124.84504681518494,110.44764062070874,96.3581282969371
2022-12-21,356,1628,50,420,79.7,73.77,4.0,0.0,0,Winter,40.0,0.0,20.0,40.0,2,21,51,12,0,413.0,441.0,599.0,547.0,399.0,495.4285714285714,488.8571428571428,492.6071428571428,109.34480195366277,109.47627571786892,97.31329294668376
2022-12-22,548,2098,1160,753,81.83,78.07,21.0,100.0,0,Winter,20.0,0.0,60.0,20.0,3,22,51,12,0,356.0,417.0,574.0,478.0,384.0,483.2857142857143,471.5,491.07142857142856,120.54281989638136,109.9326717026936,99.16687341581807
2022-12-23,610,1817,250,677,80.78,79.45,20.0,100.0,0,Winter,20.0,0.0,60.0,20.0,4,23,51,12,0,548.0,630.0,413.0,477.0,547.0,502.0,469.6428571428572,496.9285714285714,118.6914768071688,108.27501106893467,97.43675197234737
2022-12-24,834,1726,859,904,91.38,88.0,17.0,100.0,0,Winter,40.0,0.0,40.0,20.0,5,24,51,12,1,610.0,384.0,393.0,367.0,609.0,499.1428571428572,483.7142857142857,499.1785714285714,115.28866462266016,113.04351005181624,99.3445383581171
2022-12-25,497,1865,150,631,77.37,76.4,16.0,100.0,0,Winter,20.0,0.0,40.0,40.0,6,25,51,12,1,834.0,533.0,444.0,554.0,616.0,563.4285714285714,515.2142857142857,507.2142857142857,157.9513186004445,143.2330959667482,116.2227609323159
2022-12-26,395,2028,157,522,83.4,85.46,5.0,0.0,0,Winter,60.0,0.0,0.0,40.0,0,26,52,12,0,497.0,650.0,630.0,545.0,413.0,558.2857142857143,519.0,502.9642857142857,159.68376486639096,141.9002900197608,114.2565281846264
2022-12-27,569,1790,495,597,89.88,95.74,3.0,0.0,0,Winter,0.0,0.0,80.0,20.0,1,27,52,12,0,395.0,413.0,323.0,593.0,420.0,521.8571428571429,502.2142857142857,502.32142857142856,164.29387143310072,141.6589504470443,114.83064940305847
2022-12-28,473,1221,627,577,88.92,84.54,5.0,0.0,0,Winter,0.0,0.0,0.0,100.0,2,28,52,12,0,569.0,356.0,441.0,599.0,547.0,544.1428571428571,519.7857142857143,507.6428571428572,157.5070671128005,132.69234432233895,114.3257899311714
2022-12-29,464,983,516,656,87.8,89.59,7.0,0.0,0,Winter,40.0,0.0,0.0,60.0,3,29,52,12,0,473.0,548.0,417.0,574.0,478.0,560.8571428571429,522.0714285714286,505.0,139.37889435088894,131.50107591587565,114.23756922406184
2022-12-30,520,1298,192,672,94.73,104.15,2.0,0.0,0,Winter,40.0,0.0,0.0,60.0,4,30,52,12,0,464.0,610.0,630.0,413.0,477.0,548.8571428571429,525.4285714285714,504.5,144.2028993830438,129.19199444459144,114.39065618407088
2022-12-31,554,1594,991,607,90.97,97.45,3.0,0.0,0,Winter,0.0,0.0,40.0,60.0,5,31,52,12,1,520.0,834.0,384.0,393.0,367.0,536.0,517.5714285714286,506.0357142857143,141.83558556770365,125.63911338905066,114.29639252362884
2023-01-01,502,1141,521,580,86.49,92.43,5.0,0.0,0,Winter,80.0,0.0,0.0,20.0,6,1,52,1,1,554.0,497.0,533.0,444.0,554.0,496.0,529.7142857142857,512.7142857142857,59.19459434779513,119.81680155164322,111.2953551800621
2023-01-02,652,918,355,733,83.88,80.51,17.0,100.0,0,Winter,40.0,0.0,0.0,60.0,0,2,1,1,0,502.0,395.0,650.0,630.0,545.0,496.7142857142857,527.5,510.8571428571428,59.23882253419725,120.0376543487017,111.01441824466384
2023-01-03,505,1753,324,501,84.73,84.55,2.0,0.0,0,Winter,60.0,0.0,20.0,20.0,1,3,1,1,0,652.0,569.0,413.0,323.0,593.0,533.4285714285714,527.6428571428571,514.6785714285714,65.04833367801025,120.19574236850656,114.033800567892
2023-01-04,506,1572,298,529,82.12,83.16,5.0,0.0,0,Winter,100.0,0.0,0.0,0.0,2,4,1,1,0,505.0,473.0,356.0,441.0,599.0,524.2857142857143,534.2142857142857,511.5357142857143,63.699069291250005,115.88334888779524,113.00327171365224
2023-01-05,604,1185,1186,697,95.29,96.38,5.0,0.0,0,Winter,40.0,0.0,40.0,20.0,3,5,1,1,0,506.0,464.0,548.0,417.0,574.0,529.0,544.9285714285714,508.2142857142857,60.4069532421562,104.51533879749886,111.69646605466365
2023-01-06,480,1014,314,555,83.36,87.05,6.0,0.0,0,Winter,20.0,0.0,60.0,20.0,4,6,1,1,0,604.0,520.0,610.0,630.0,413.0,549.0,548.9285714285714,509.2857142857143,58.44370510728014,105.70675277586344,112.4919279878959
2023-01-07,478,628,631,672,93.54,90.61,4.0,0.0,0,Winter,40.0,0.0,20.0,40.0,5,7,1,1,1,480.0,554.0,834.0,384.0,393.0,543.2857142857143,539.6428571428571,511.6785714285714,63.489406690445726,105.63915878182576,111.07156637566138
2023-01-08,552,1509,266,623,86.09,87.65,7.0,0.0,0,Winter,80.0,0.0,0.0,20.0,6,8,1,1,1,478.0,502.0,497.0,533.0,444.0,532.4285714285714,514.2142857142857,514.7142857142857,67.7098150021036,63.95693090657913,108.84710892666472
2023-01-09,331,1647,135,413,79.77,77.76,4.0,0.0,0,Winter,0.0,0.0,40.0,60.0,0,9,2,1,0,552.0,652.0,395.0,650.0,630.0,539.5714285714286,518.1428571428571,518.5714285714286,66.59293541824911,64.50504708083722,108.1598366518291
2023-01-10,535,1451,1214,744,94.67,99.69,5.0,0.0,0,Winter,40.0,0.0,0.0,60.0,1,10,2,1,0,331.0,505.0,569.0,413.0,323.0,493.7142857142857,513.5714285714286,507.8928571428572,84.40915093699724,75.2725450875415,111.46078509393656
2023-01-11,533,1241,375,652,83.02,79.43,13.0,100.0,0,Winter,40.0,0.0,20.0,40.0,2,11,2,1,0,535.0,506.0,473.0,356.0,441.0,498.0,511.1428571428572,515.4642857142857,85.8273460694979,73.88229426996247,105.4758115654813
2023-01-12,447,1083,344,574,79.84,73.29,16.0,100.0,0,Winter,40.0,0.0,60.0,0.0,3,12,2,1,0,533.0,604.0,464.0,548.0,417.0,501.8571428571428,515.4285714285714,518.75,86.84743053468085,73.23693297543444,104.49867091127192
2023-01-13,811,1633,954,818,88.98,92.25,14.0,100.0,0,Winter,60.0,0.0,40.0,0.0,4,13,2,1,0,447.0,480.0,520.0,610.0,630.0,479.4285714285714,514.2142857142857,519.8214285714286,75.6193474865112,74.28860412806682,103.56642297701536
2023-01-14,382,1484,498,522,84.79,85.95,5.0,0.0,0,Winter,60.0,0.0,0.0,40.0,5,14,2,1,1,811.0,478.0,554.0,834.0,384.0,526.7142857142857,535.0,526.2857142857143,146.39981134518175,108.74953580802756,115.64276318580752
2023-01-15,403,1102,260,460,78.69,83.29,4.0,0.0,0,Winter,0.0,0.0,80.0,20.0,6,15,2,1,1,382.0,552.0,502.0,497.0,533.0,513.0,522.7142857142857,526.2142857142857,155.9112995691248,115.91736351744328,115.73448448699716
2023-01-16,558,1356,765,726,81.18,79.74,17.0,100.0,0,Winter,60.0,0.0,20.0,20.0,0,16,3,1,0,403.0,331.0,652.0,395.0,650.0,491.7142857142857,515.6428571428571,521.5714285714286,159.82147778663787,120.21813964165734,118.03685192641532
2023-01-17,432,1544,299,658,76.82,75.18,19.0,100.0,0,Winter,20.0,0.0,0.0,80.0,1,17,3,1,0,558.0,535.0,505.0,569.0,413.0,524.1428571428571,508.9285714285714,518.2857142857143,144.02595665530652,114.50593823077392,115.58445914467605
2023-01-18,554,2059,263,646,91.93,92.5,5.0,0.0,0,Winter,80.0,0.0,20.0,0.0,2,18,3,1,0,432.0,533.0,506.0,473.0,356.0,509.4285714285714,503.7142857142857,518.9642857142857,147.94014233562757,116.3459222593278,114.99773979835535
2023-01-19,610,1768,696,727,94.56,98.83,5.0,0.0,0,Winter,20.0,0.0,20.0,60.0,3,19,3,1,0,554.0,447.0,604.0,464.0,548.0,512.4285714285714,507.1428571428572,526.0357142857143,148.70872776769272,117.12311546327692,110.60958438910366
2023-01-20,744,1392,862,837,84.81,87.7,20.0,100.0,0,Winter,40.0,0.0,20.0,40.0,4,20,3,1,0,610.0,811.0,480.0,520.0,610.0,535.7142857142857,507.57142857142856,528.25,149.51556695509933,117.51511476317472,111.68096923329853
2023-01-21,652,985,660,790,85.43,94.18,16.0,100.0,0,Winter,40.0,0.0,20.0,40.0,5,21,3,1,1,744.0,382.0,478.0,554.0,834.0,526.1428571428571,526.4285714285714,533.0357142857143,129.80039621335092,132.922021261579,118.00580090664664
2023-01-22,619,1143,644,749,93.74,98.69,4.0,0.0,0,Winter,20.0,0.0,20.0,60.0,6,22,3,1,1,652.0,403.0,552.0,502.0,497.0,564.7142857142857,538.8571428571429,526.5357142857143,119.53899543066044,136.14124856353965,105.12337800496464
2023-01-23,767,1541,1228,812,82.84,90.82,18.0,100.0,0,Winter,40.0,0.0,40.0,20.0,0,23,4,1,0,619.0,558.0,331.0,652.0,395.0,595.5714285714286,543.6428571428571,530.8928571428571,96.49500357161374,137.80622244679256,106.37471827380212
2023-01-24,544,1152,162,658,87.55,97.25,6.0,0.0,0,Winter,20.0,0.0,60.0,20.0,1,24,4,1,0,767.0,432.0,535.0,505.0,569.0,625.4285714285714,574.7857142857143,544.1785714285714,113.72753572003757,135.29749475844707,111.86269810581766
2023-01-25,567,1525,782,659,73.19,78.03,21.0,100.0,0,Winter,0.0,0.0,20.0,80.0,2,25,4,1,0,544.0,554.0,533.0,506.0,473.0,641.4285714285714,575.4285714285714,543.2857142857143,86.62920435753229,135.11517268652628,111.75696420187478
2023-01-26,623,1860,371,635,88.59,90.85,3.0,0.0,0,Winter,20.0,0.0,20.0,60.0,3,26,4,1,0,567.0,610.0,447.0,604.0,464.0,643.2857142857143,577.8571428571429,546.6428571428571,84.55710946990091,134.59846675481552,110.97654549855896
2023-01-27,344,2047,0,488,79.62,87.57,6.0,0.0,0,Winter,40.0,0.0,60.0,0.0,4,27,4,1,0,623.0,744.0,811.0,480.0,520.0,645.1428571428571,590.4285714285714,552.3214285714286,83.84395937579265,129.56122062604155,110.6586521768062
2023-01-28,453,1703,0,490,82.75,81.37,5.0,0.0,0,Winter,40.0,0.0,20.0,40.0,5,28,4,1,1,344.0,652.0,382.0,478.0,554.0,588.0,557.0714285714286,546.0357142857143,129.25169244539913,128.517262705003,117.3584197117904
2023-01-29,329,1250,460,401,79.6,82.73,2.0,0.0,1,Winter,40.0,0.0,20.0,40.0,6,29,4,1,1,453.0,619.0,403.0,552.0,502.0,559.5714285714286,562.1428571428571,542.4285714285714,134.60294343346442,122.3292261090517,118.64963316308872
2023-01-30,369,1076,347,475,83.01,80.71,6.0,0.0,1,Winter,20.0,0.0,20.0,60.0,0,30,5,1,0,329.0,767.0,558.0,331.0,652.0,518.1428571428571,556.8571428571429,536.25,156.16490063543802,131.0242826248729,125.1587510442759
2023-01-31,405,867,733,556,85.4,88.51,5.0,0.0,1,Winter,20.0,0.0,60.0,20.0,1,31,5,1,0,369.0,544.0,432.0,535.0,505.0,461.2857142857143,543.3571428571429,526.1428571428571,118.32823597337816,140.30549478951923,126.8801459195705
2023-02-01,531,1064,457,597,93.23,92.94,2.0,0.0,1,Winter,0.0,0.0,60.0,40.0,2,1,5,2,0,405.0,567.0,554.0,533.0,506.0,441.4285714285714,541.4285714285714,522.5714285714286,113.7070169966909,142.1276318534284,128.88882047069913
2023-02-02,409,803,505,570,89.19,91.09,2.0,0.0,1,Winter,60.0,0.0,0.0,40.0,3,2,5,2,0,531.0,623.0,610.0,447.0,604.0,436.2857142857143,539.7857142857143,523.4642857142857,107.73843988368994,142.10406726785084,128.85636049575402
2023-02-03,403,1334,374,458,82.88,85.3,4.0,0.0,1,Winter,40.0,0.0,40.0,20.0,4,3,5,2,0,409.0,344.0,744.0,811.0,480.0,405.7142857142857,525.4285714285714,516.5,69.50471035767865,144.5963688690343,129.60981330016557
2023-02-04,581,1378,221,602,81.22,75.7,14.0,100.0,1,Winter,80.0,0.0,20.0,0.0,5,4,5,2,1,403.0,453.0,652.0,382.0,478.0,414.1428571428572,501.07142857142856,513.75,64.14418282647485,133.21900088877018,131.21981134298647
2023-02-05,480,1018,908,609,80.84,76.02,14.0,100.0,1,Winter,0.0,0.0,40.0,60.0,6,5,5,2,1,581.0,329.0,619.0,403.0,552.0,432.4285714285714,496.0,517.4285714285714,90.07192892878682,128.29173484979142,131.6236015567594
2023-02-06,441,1085,295,579,83.71,91.08,8.0,0.0,1,Winter,40.0,0.0,20.0,40.0,0,6,6,2,0,480.0,369.0,767.0,558.0,331.0,454.0,486.07142857142856,514.8571428571429,78.51326851770582,123.32288095496683,131.6264957808057
2023-02-07,366,939,327,465,72.78,68.04,17.0,100.0,1,Winter,60.0,0.0,40.0,0.0,1,7,6,2,0,441.0,405.0,544.0,432.0,535.0,464.2857142857143,462.7857142857143,518.7857142857143,69.74886925180083,93.32752794608588,127.51306603866948
2023-02-08,470,1322,533,598,79.93,83.26,14.0,100.0,1,Winter,0.0,0.0,60.0,40.0,2,8,6,2,0,366.0,531.0,567.0,554.0,533.0,458.7142857142857,450.07142857142856,512.75,76.50427936988105,93.5368823066512,130.67761433730325
2023-02-09,432,1158,267,543,86.31,88.57,4.0,0.0,1,Winter,60.0,0.0,20.0,20.0,3,9,6,2,0,470.0,409.0,623.0,610.0,447.0,450.0,443.1428571428572,510.5,70.10468362860438,87.61441499140244,130.85827787682734
2023-02-10,360,1461,75,435,79.58,81.02,6.0,0.0,1,Winter,20.0,0.0,20.0,60.0,4,10,6,2,0,432.0,403.0,344.0,744.0,811.0,453.2857142857143,429.5,509.9642857142857,68.38058761011641,70.68973377753264,131.15822566171832
2023-02-11,484,1176,693,461,81.41,83.11,4.0,0.0,1,Winter,0.0,0.0,60.0,40.0,5,11,6,2,1,360.0,581.0,453.0,652.0,382.0,447.1428571428572,430.6428571428572,493.8571428571428,75.23835141608012,69.31711648188067,120.04157128253073
2023-02-12,265,798,188,388,75.25,69.16,6.0,0.0,1,Winter,40.0,0.0,40.0,20.0,6,12,6,2,1,484.0,480.0,329.0,619.0,403.0,433.2857142857143,432.8571428571428,497.5,51.73881291549703,70.5700493703373,118.05256205355084
2023-02-13,417,929,566,579,71.58,81.27,21.0,100.0,1,Winter,20.0,0.0,40.0,40.0,0,13,7,2,0,265.0,441.0,369.0,767.0,558.0,402.57142857142856,428.2857142857143,492.57142857142856,77.02349672417556,79.34290581581116,124.83008557455342
2023-02-14,436,1211,144,538,77.36,81.0,15.0,100.0,1,Winter,60.0,0.0,0.0,40.0,1,14,7,2,0,417.0,366.0,405.0,544.0,432.0,399.1428571428572,431.7142857142857,487.5357142857143,75.54784040908267,77.60197119961522,124.93686765511195
2023-02-15,491,775,995,523,83.68,92.53,6.0,0.0,1,Winter,20.0,0.0,20.0,60.0,2,15,7,2,0,436.0,470.0,531.0,567.0,554.0,409.1428571428572,433.9285714285714,487.6785714285714,75.06092763310946,77.22242030525962,124.87328497956383
2023-02-16,388,911,283,486,82.28,88.13,4.0,0.0,1,Winter,100.0,0.0,0.0,0.0,3,16,7,2,0,491.0,432.0,409.0,623.0,610.0,412.1428571428572,431.07142857142856,485.4285714285714,78.25051346248723,74.02854364854986,124.19978784839918
2023-02-17,437,689,181,410,78.71,79.55,4.0,0.0,1,Winter,0.0,0.0,80.0,20.0,4,17,7,2,0,388.0,360.0,403.0,344.0,744.0,405.8571428571428,429.57142857142856,477.5,78.15674117103545,74.719695977921,123.03341912757804
2023-02-18,529,1308,758,585,86.85,91.95,4.0,0.0,1,Winter,20.0,0.0,20.0,60.0,5,18,7,2,1,437.0,484.0,581.0,453.0,652.0,416.8571428571428,432.0,466.5357142857143,76.01628898121922,74.34120919527312,111.54752587619588
2023-02-19,369,1013,633,512,83.62,86.54,7.0,0.0,1,Winter,0.0,0.0,40.0,60.0,6,19,7,2,1,529.0,265.0,480.0,329.0,619.0,423.2857142857143,428.2857142857143,462.1428571428572,84.112453072686,67.28861896159127,106.27034507983072
2023-02-20,585,992,460,689,83.78,78.65,17.0,100.0,1,Winter,20.0,0.0,20.0,60.0,0,20,8,2,0,369.0,417.0,441.0,369.0,767.0,438.1428571428572,420.3571428571428,453.2142857142857,55.97150635644503,67.26595566264389,103.05710647872496
2023-02-21,364,974,73,478,80.99,77.63,6.0,0.0,1,Winter,40.0,0.0,20.0,40.0,1,21,8,2,0,585.0,436.0,366.0,405.0,544.0,462.1428571428572,430.6428571428572,446.7142857142857,77.33569372424076,80.3938450981809,87.02569103127512
2023-02-22,411,1385,211,443,77.17,79.09,8.0,0.0,1,Winter,20.0,0.0,20.0,60.0,2,22,8,2,0,364.0,491.0,470.0,531.0,567.0,451.8571428571428,430.5,440.2857142857143,85.72519771811301,80.51922847274514,86.2175788309493
2023-02-23,454,1185,1028,594,79.41,82.07,15.0,100.0,1,Winter,20.0,0.0,60.0,20.0,3,23,8,2,0,411.0,388.0,432.0,409.0,623.0,440.4285714285714,426.2857142857143,434.7142857142857,84.9663799057354,79.83389348798246,82.69437579642188
2023-02-24,428,868,315,422,79.56,72.71,6.0,0.0,1,Winter,0.0,0.0,20.0,80.0,4,24,8,2,0,454.0,437.0,360.0,403.0,344.0,449.8571428571428,427.8571428571428,428.6785714285714,81.7810666177869,80.17083408174456,74.17100040843025
2023-02-25,373,671,200,436,71.66,72.48,15.0,100.0,1,Winter,40.0,0.0,60.0,0.0,5,25,8,2,1,428.0,529.0,484.0,581.0,453.0,448.57142857142856,432.7142857142857,431.6785714285714,82.08706179591128,77.76733402758653,72.29417965990395
2023-02-26,425,1473,116,423,81.7,82.8,5.0,0.0,1,Winter,60.0,0.0,20.0,20.0,6,26,8,2,1,373.0,369.0,265.0,480.0,329.0,426.2857142857143,424.7857142857143,428.82142857142856,77.66963002726014,77.79477792581872,72.99774403994066
2023-02-27,442,1164,1003,585,86.46,92.29,5.0,0.0,1,Winter,40.0,0.0,0.0,60.0,0,27,9,2,0,425.0,585.0,417.0,441.0,369.0,434.2857142857143,436.2142857142857,432.25,73.56111809399131,62.82843375345323,70.34182413203598
2023-02-28,351,1003,463,533,73.34,71.98,17.0,100.0,1,Winter,20.0,0.0,60.0,20.0,1,28,9,2,0,442.0,364.0,436.0,366.0,405.0,413.8571428571428,438.0,434.8571428571428,33.889175122393155,62.595158328370886,69.25514516824862
2023-03-01,413,965,244,496,83.13,78.62,6.0,0.0,0,Spring,40.0,60.0,0.0,0.0,2,1,9,3,0,351.0,411.0,491.0,470.0,531.0,412.0,431.9285714285714,432.9285714285714,37.26481808176054,66.78606981159392,70.85087551220957
2023-03-02,666,1424,316,684,79.55,84.36,18.0,100.0,0,Spring,0.0,20.0,0.0,80.0,3,2,9,3,0,413.0,454.0,388.0,432.0,409.0,412.2857142857143,426.3571428571428,428.7142857142857,37.26354020448768,64.70002632606408,68.26357259853458
2023-03-03,419,1318,243,482,77.98,81.19,7.0,0.0,0,Spring,40.0,20.0,0.0,40.0,4,3,9,3,0,666.0,428.0,437.0,360.0,403.0,442.57142857142856,446.2142857142857,437.8928571428572,103.71572870569064,89.81020892066554,81.50770892226495
2023-03-04,510,1142,963,560,76.47,74.35,15.0,100.0,0,Spring,80.0,20.0,0.0,0.0,5,4,9,3,1,419.0,373.0,529.0,484.0,581.0,441.2857142857143,444.9285714285714,438.4642857142857,103.98191234651408,90.0807025229762,81.30987008687832
2023-03-05,517,785,337,609,86.76,88.94,6.0,0.0,0,Spring,0.0,20.0,0.0,80.0,6,5,9,3,1,510.0,425.0,369.0,265.0,480.0,460.8571428571428,443.57142857142856,435.9285714285714,101.8584451930369,88.85140082503706,77.72836298738362
2023-03-06,403,536,629,601,88.51,96.59,2.0,0.0,0,Spring,60.0,40.0,0.0,0.0,0,6,10,3,0,517.0,442.0,585.0,417.0,441.0,474.0,454.1428571428572,437.25,102.394661319166,88.09772296267795,78.8123063336538
2023-03-07,557,1257,215,580,83.95,85.4,6.0,0.0,0,Spring,40.0,0.0,0.0,60.0,1,7,10,3,0,403.0,351.0,364.0,436.0,366.0,468.4285714285714,441.1428571428572,435.8928571428572,105.44170133752786,80.39408430480916,79.072090541768
2023-03-08,399,915,463,491,84.43,88.35,4.0,0.0,0,Spring,60.0,20.0,0.0,20.0,2,8,10,3,0,557.0,413.0,411.0,491.0,470.0,497.8571428571428,454.9285714285714,442.7142857142857,95.4819853365522,82.66379012483131,81.0335354185779
2023-03-09,483,984,1086,572,72.42,76.35,19.0,100.0,0,Spring,20.0,0.0,0.0,80.0,3,9,10,3,0,399.0,666.0,454.0,388.0,432.0,495.8571428571428,454.07142857142856,440.1785714285714,97.67706754305009,83.21470310700373,81.2586421940275
2023-03-10,481,801,739,603,83.42,86.07,11.0,100.0,0,Spring,40.0,40.0,0.0,20.0,4,10,10,3,0,483.0,419.0,428.0,437.0,360.0,469.7142857142857,456.1428571428572,442.0,62.81909021339087,83.57295950509064,81.6392244142668
2023-03-11,414,1119,407,507,81.66,80.02,5.0,0.0,0,Spring,20.0,60.0,0.0,20.0,5,11,10,3,1,481.0,510.0,373.0,529.0,484.0,478.57142857142856,459.9285714285714,446.32142857142856,58.71359054159232,83.40029910084164,80.32990014398693
2023-03-12,513,1486,223,700,92.84,100.08,6.0,0.0,0,Spring,0.0,60.0,0.0,40.0,6,12,10,3,1,414.0,517.0,425.0,369.0,265.0,464.8571428571428,462.8571428571428,443.82142857142856,61.30369366639258,80.79209514155819,80.20300796586461
2023-03-13,507,1927,269,524,80.41,86.1,8.0,0.0,0,Spring,40.0,40.0,0.0,20.0,0,13,11,3,0,513.0,403.0,442.0,585.0,417.0,464.2857142857143,469.1428571428572,452.6785714285714,60.75281690510168,81.04306276281746,73.10320131381455
2023-03-14,517,1420,739,756,82.67,85.2,17.0,100.0,0,Spring,20.0,40.0,0.0,40.0,1,14,11,3,0,507.0,557.0,351.0,364.0,436.0,479.1428571428572,473.7857142857143,455.8928571428572,55.780607656032544,81.23013704798922,73.45411229983429
2023-03-15,664,1427,915,754,82.19,88.77,17.0,100.0,0,Spring,60.0,0.0,0.0,40.0,2,15,11,3,0,517.0,399.0,413.0,411.0,491.0,473.4285714285714,485.6428571428572,458.7857142857143,47.97866589383689,73.69438674256388,74.23254609314537
2023-03-16,427,1534,239,528,82.27,86.1,7.0,0.0,0,Spring,80.0,0.0,0.0,20.0,3,16,11,3,0,664.0,483.0,666.0,454.0,388.0,511.2857142857143,503.57142857142856,464.9642857142857,75.89184032932309,84.4144667566059,83.61927925086363
2023-03-17,463,1346,649,542,82.59,84.15,6.0,0.0,0,Spring,20.0,60.0,0.0,20.0,4,17,11,3,0,427.0,481.0,419.0,428.0,437.0,503.2857142857143,486.5,466.3571428571428,82.07052716153024,72.34293331072453,82.60849848026577
2023-03-18,592,1679,372,748,78.19,81.3,21.0,100.0,0,Spring,40.0,40.0,0.0,20.0,5,18,11,3,1,463.0,414.0,510.0,373.0,529.0,500.7142857142857,489.6428571428572,467.2857142857143,83.15991479415712,70.10608131512252,82.41217868596392
2023-03-19,664,1459,1412,815,83.02,82.39,21.0,100.0,0,Spring,0.0,60.0,0.0,40.0,6,19,11,3,1,592.0,513.0,517.0,425.0,369.0,526.1428571428571,495.5,469.5357142857143,79.35243867588171,75.17952871933602,84.97951044673796
2023-03-20,498,1539,635,682,90.4,93.37,5.0,0.0,0,Spring,20.0,60.0,0.0,20.0,0,20,12,3,0,664.0,507.0,403.0,442.0,585.0,547.7142857142857,506.0,480.07142857142856,94.3004317517766,87.64526403458564,90.18126953897593
2023-03-21,568,1834,323,652,90.81,103.43,2.0,0.0,0,Spring,80.0,20.0,0.0,0.0,1,21,12,3,0,498.0,517.0,557.0,351.0,364.0,546.4285714285714,512.7857142857143,476.9642857142857,95.0067666763045,82.58904618319832,87.90208447486614
2023-03-22,387,2235,0,424,78.77,73.86,4.0,0.0,0,Spring,20.0,40.0,0.0,40.0,2,22,12,3,0,568.0,664.0,399.0,413.0,411.0,553.7142857142857,513.5714285714286,484.25,94.3269390395526,83.09282509589801,86.63744165368887
2023-03-23,532,2193,601,786,82.38,92.02,16.0,100.0,0,Spring,80.0,20.0,0.0,0.0,3,23,12,3,0,387.0,427.0,483.0,666.0,454.0,514.1428571428571,512.7142857142857,483.3928571428572,98.3656928192425,84.41694012589946,87.50337106129109
2023-03-24,512,1941,313,550,83.0,89.24,6.0,0.0,0,Spring,40.0,0.0,0.0,60.0,4,24,12,3,0,532.0,463.0,481.0,419.0,428.0,529.1428571428571,516.2142857142857,486.1785714285714,90.55832111854532,84.10540874533392,87.77414348514209
2023-03-25,657,1429,295,742,82.08,84.05,17.0,100.0,0,Spring,0.0,0.0,0.0,100.0,5,25,12,3,1,512.0,592.0,414.0,510.0,373.0,536.1428571428571,518.4285714285714,489.1785714285714,86.39141271258526,83.5129785267984,87.14528251460494
2023-03-26,440,1701,125,479,81.3,78.18,6.0,0.0,0,Spring,0.0,80.0,0.0,20.0,6,26,12,3,1,657.0,664.0,513.0,517.0,425.0,545.4285714285714,535.7857142857143,499.32142857142856,96.3186675275658,85.37084583557326,89.61483573085891
2023-03-27,395,1386,388,406,76.93,73.3,6.0,0.0,0,Spring,60.0,40.0,0.0,0.0,0,27,13,3,0,440.0,498.0,507.0,403.0,442.0,513.4285714285714,530.5714285714286,499.8571428571428,87.13181038491302,89.02092604958217,89.19795475387973
2023-03-28,480,1171,185,558,84.91,80.93,5.0,0.0,0,Spring,80.0,20.0,0.0,0.0,1,28,13,3,0,395.0,568.0,517.0,557.0,351.0,498.7142857142857,522.5714285714286,498.1785714285714,98.16943564693726,96.05664537593964,90.75569712611215
2023-03-29,645,1084,1281,683,91.77,85.17,5.0,0.0,0,Spring,80.0,20.0,0.0,0.0,2,29,13,3,0,480.0,387.0,664.0,399.0,413.0,486.1428571428572,519.9285714285714,502.7857142857143,93.33350340120592,96.72837805359411,86.16579932632793
2023-03-30,387,751,85,554,86.16,81.3,6.0,0.0,0,Spring,60.0,20.0,0.0,20.0,3,30,13,3,0,645.0,532.0,427.0,483.0,666.0,523.0,518.5714285714286,511.07142857142856,98.4581129211811,94.66273272535965,88.33938284166695
2023-03-31,455,839,230,486,79.62,79.87,7.0,0.0,0,Spring,60.0,20.0,0.0,20.0,4,31,13,3,0,387.0,512.0,463.0,481.0,419.0,502.2857142857143,515.7142857142857,501.1071428571428,110.73649546816752,98.17756956064392,85.91871235228783
2023-04-01,552,1193,1477,704,89.28,92.13,8.0,0.0,0,Spring,40.0,40.0,0.0,20.0,5,1,13,4,1,455.0,657.0,592.0,414.0,510.0,494.1428571428572,515.1428571428571,502.3928571428572,111.99170887678656,98.53063338010988,84.90794112218543
2023-04-02,358,971,0,466,80.57,83.4,4.0,0.0,0,Spring,60.0,20.0,0.0,20.0,6,2,13,4,1,552.0,440.0,664.0,513.0,517.0,479.1428571428572,512.2857142857143,503.8928571428572,91.74498818542034,96.69335238579905,85.41677313195093
2023-04-03,495,870,1147,679,81.71,83.65,16.0,100.0,0,Spring,20.0,60.0,0.0,20.0,0,3,14,4,0,358.0,395.0,498.0,507.0,403.0,467.4285714285714,490.4285714285714,498.2142857142857,102.2135952191249,94.3167448104963,89.69138739893044
2023-04-04,686,1495,740,792,88.04,80.97,17.0,100.0,0,Spring,40.0,40.0,0.0,20.0,1,4,14,4,0,495.0,480.0,568.0,517.0,557.0,481.7142857142857,490.2142857142857,501.5,97.27232269204237,94.30162619645874,87.73803601040433
2023-04-05,512,1432,127,653,80.78,80.88,15.0,100.0,0,Spring,100.0,0.0,0.0,0.0,2,5,14,4,0,686.0,645.0,387.0,664.0,399.0,511.1428571428572,498.6428571428572,506.1071428571428,124.12282703224348,106.29900292090208,93.92879071332584
2023-04-06,545,1653,728,620,67.87,76.95,23.0,100.0,0,Spring,60.0,40.0,0.0,0.0,3,6,14,4,0,512.0,387.0,532.0,427.0,483.0,492.1428571428572,507.57142857142856,510.1428571428572,109.54059912718624,101.33395989781188,91.5539566819863
2023-04-07,643,1770,239,762,79.76,82.73,21.0,100.0,0,Spring,100.0,0.0,0.0,0.0,4,7,14,4,0,545.0,455.0,512.0,463.0,481.0,514.7142857142857,508.5,512.3571428571429,100.13942661062528,101.63414780476056,91.6229044167268
2023-04-08,540,1860,843,624,75.95,75.68,20.0,100.0,0,Spring,20.0,40.0,0.0,40.0,5,8,14,4,1,643.0,552.0,657.0,592.0,414.0,541.5714285714286,517.8571428571429,518.1428571428571,106.46573336502412,107.82311522036493,94.63485940052246
2023-04-09,482,1631,0,557,85.79,96.61,4.0,0.0,0,Spring,40.0,20.0,0.0,40.0,6,9,14,4,1,540.0,358.0,440.0,664.0,513.0,539.8571428571429,509.5,522.6428571428571,106.3663928306754,100.49397226470042,92.47030125265437
2023-04-10,529,1149,900,622,89.64,87.38,4.0,0.0,0,Spring,60.0,0.0,0.0,40.0,0,10,15,4,0,482.0,495.0,395.0,498.0,507.0,557.5714285714286,512.5,521.5357142857143,77.41846709680493,98.87346225586242,92.77510926682294
2023-04-11,341,1429,178,414,77.23,81.16,5.0,0.0,0,Spring,20.0,80.0,0.0,0.0,1,11,15,4,0,529.0,686.0,480.0,568.0,517.0,562.4285714285714,522.0714285714286,522.3214285714286,73.82153512098665,92.93129330169243,92.74059943233502
2023-04-12,216,1498,68,289,75.23,77.52,0.0,0.0,1,Spring,20.0,60.0,0.0,20.0,2,12,15,4,0,341.0,512.0,645.0,387.0,664.0,513.1428571428571,512.1428571428571,516.0357142857143,90.78808396742512,104.4795579143496,98.87608486752596
2023-04-13,357,1741,101,412,77.36,77.98,6.0,0.0,1,Spring,60.0,0.0,0.0,40.0,3,13,15,4,0,216.0,545.0,387.0,532.0,427.0,470.8571428571428,481.5,500.0357142857143,144.47079124795292,123.66564724163388,109.700765432644
2023-04-14,260,1485,210,271,67.12,75.16,7.0,0.0,1,Spring,20.0,60.0,0.0,20.0,4,14,15,4,0,357.0,643.0,455.0,512.0,463.0,444.0,479.3571428571428,497.5357142857143,145.8583788017224,125.67271727838065,112.19608567241409
2023-04-15,364,1275,170,415,76.2,81.1,7.0,0.0,1,Spring,0.0,100.0,0.0,0.0,5,15,15,4,1,260.0,540.0,552.0,657.0,592.0,389.2857142857143,465.4285714285714,490.2857142857143,129.70956567875604,138.7098323206308,120.74363939780224
2023-04-16,516,1241,810,582,74.86,74.32,18.0,100.0,1,Spring,0.0,20.0,0.0,80.0,6,16,15,4,1,364.0,482.0,358.0,440.0,664.0,364.1428571428572,452.0,482.1428571428572,111.39034753428878,138.78428197413731,121.31676147077394
2023-04-17,531,961,670,639,72.22,84.8,23.0,100.0,1,Spring,20.0,40.0,0.0,40.0,0,17,16,4,0,516.0,529.0,495.0,395.0,498.0,369.0,463.2857142857143,476.8571428571428,117.93501035174744,136.9645819301349,116.21681980827584
2023-04-18,375,923,0,402,76.74,81.18,4.0,0.0,1,Spring,0.0,60.0,0.0,40.0,1,18,16,4,0,531.0,341.0,686.0,480.0,568.0,369.2857142857143,465.8571428571428,478.0357142857143,118.38878647027713,137.94026418532195,116.6058514962892
2023-04-19,381,908,365,467,76.64,77.26,8.0,0.0,1,Spring,20.0,60.0,0.0,20.0,2,19,16,4,0,375.0,216.0,512.0,645.0,387.0,374.1428571428572,443.6428571428572,471.1428571428572,117.73052361421102,124.10950942482314,116.79507672453492
2023-04-20,342,1122,123,412,75.61,82.4,6.0,0.0,1,Spring,40.0,0.0,0.0,60.0,3,20,16,4,0,381.0,357.0,545.0,387.0,532.0,397.7142857142857,434.2857142857143,470.9285714285714,95.14149863180032,123.49614043886812,116.9605595351379
2023-04-21,451,1064,677,492,70.4,76.85,16.0,100.0,1,Spring,20.0,60.0,0.0,20.0,4,21,16,4,0,342.0,260.0,643.0,455.0,512.0,395.57142857142856,419.7857142857143,464.1428571428572,96.37229398338069,121.3964760427762,118.78356111657222
2023-04-22,298,776,125,346,74.84,76.39,4.0,0.0,1,Spring,60.0,0.0,0.0,40.0,5,22,16,4,1,451.0,364.0,540.0,552.0,657.0,422.8571428571428,406.07142857142856,461.9642857142857,76.60162872817796,103.8115632255897,118.43219098891112
2023-04-23,385,869,892,521,85.12,83.11,5.0,0.0,1,Spring,60.0,0.0,0.0,40.0,6,23,16,4,1,298.0,516.0,482.0,358.0,440.0,413.4285714285714,388.7857142857143,449.1428571428572,88.2323771693389,99.86851245622783,115.94210377844404
2023-04-24,371,928,119,373,75.8,85.92,2.0,0.0,1,Spring,0.0,80.0,0.0,20.0,0,24,17,4,0,385.0,531.0,529.0,495.0,395.0,394.7142857142857,381.8571428571428,447.1785714285714,75.87866253810441,96.2015969344959,116.56695852644472
2023-04-25,377,676,346,487,70.92,77.05,18.0,100.0,1,Spring,40.0,40.0,0.0,20.0,1,25,17,4,0,371.0,375.0,341.0,686.0,480.0,371.8571428571428,370.57142857142856,446.32142857142856,46.326481165128,86.37816166825256,117.0520788087047
2023-04-26,378,1147,454,466,83.61,77.83,4.0,0.0,1,Spring,40.0,40.0,0.0,20.0,2,26,17,4,0,377.0,381.0,216.0,512.0,645.0,372.1428571428572,373.1428571428572,442.6428571428572,46.35525346505643,85.96498137019506,117.57179501958387
2023-04-27,298,1165,50,322,71.9,69.11,6.0,0.0,1,Spring,60.0,20.0,0.0,20.0,3,27,17,4,0,378.0,342.0,357.0,545.0,387.0,371.7142857142857,384.7142857142857,433.1071428571428,46.27351397114983,73.13047199400458,111.2069606420307
2023-04-28,404,1169,524,387,78.99,76.53,4.0,0.0,1,Spring,40.0,60.0,0.0,0.0,4,28,17,4,0,298.0,451.0,260.0,643.0,455.0,365.4285714285714,380.5,429.9285714285714,53.41927599302663,76.47397747449251,113.8149663306484
2023-04-29,381,925,375,490,84.04,85.57,4.0,0.0,1,Spring,80.0,20.0,0.0,0.0,5,29,17,4,1,404.0,298.0,364.0,540.0,552.0,358.7142857142857,390.7857142857143,428.1071428571428,42.76179870598912,68.2632670355996,113.80696433995242
2023-04-30,362,665,223,491,82.45,87.19,5.0,0.0,1,Spring,40.0,20.0,0.0,40.0,6,30,17,4,1,381.0,385.0,516.0,482.0,358.0,370.57142857142856,392.0,422.0,33.65935799970766,67.90037951632884,111.47662103345752
2023-05-01,306,890,324,372,75.05,75.02,6.0,0.0,1,Spring,0.0,40.0,0.0,60.0,0,1,18,5,0,362.0,371.0,531.0,529.0,495.0,367.2857142857143,381.0,422.1428571428572,33.1346459450658,58.02254203855035,111.39409994539912
2023-05-02,328,838,281,362,75.91,78.13,5.0,0.0,1,Spring,20.0,0.0,0.0,80.0,1,2,18,5,0,306.0,377.0,375.0,341.0,686.0,358.0,364.9285714285714,415.3928571428572,40.26164427839609,42.3128718108224,112.53619641095736
2023-05-03,391,657,567,430,78.0,77.12,6.0,0.0,1,Spring,0.0,80.0,0.0,20.0,2,3,18,5,0,328.0,378.0,381.0,216.0,512.0,351.0,361.57142857142856,402.6071428571428,40.665300523502495,43.30520360580966,100.32736759145412
2023-05-04,400,891,117,480,72.65,76.72,15.0,100.0,1,Spring,40.0,20.0,0.0,40.0,3,4,18,5,0,391.0,298.0,342.0,357.0,545.0,352.85714285714283,362.2857142857143,398.2857142857143,42.3651923612962,43.730694327595536,98.02035206011806
2023-05-05,488,778,1074,619,85.21,84.73,11.0,100.0,1,Spring,80.0,20.0,0.0,0.0,4,5,18,5,0,400.0,404.0,451.0,260.0,643.0,367.4285714285714,366.4285714285714,393.1071428571428,37.62914270817878,44.40324708451307,93.71799277253136
2023-05-06,372,778,530,444,78.84,80.56,6.0,0.0,1,Spring,60.0,0.0,0.0,40.0,5,6,18,5,1,488.0,381.0,298.0,364.0,540.0,379.4285714285714,369.07142857142856,387.57142857142856,58.719267544414095,50.50584777370462,82.29190526386995
2023-05-07,384,868,344,526,73.17,76.27,18.0,100.0,1,Spring,0.0,60.0,0.0,40.0,6,7,18,5,1,372.0,362.0,385.0,516.0,482.0,378.1428571428572,374.3571428571428,381.57142857142856,58.77762774908175,46.18292582072512,76.70116546095542
2023-05-08,488,1208,983,642,73.78,77.55,21.0,100.0,1,Spring,60.0,0.0,0.0,40.0,0,8,19,5,0,384.0,306.0,371.0,531.0,529.0,381.2857142857143,374.2857142857143,378.07142857142856,58.35727399880437,46.16596910383952,74.1419702060299
2023-05-09,466,1535,362,534,69.18,70.56,21.0,100.0,1,Spring,40.0,40.0,0.0,20.0,1,9,19,5,0,488.0,328.0,377.0,375.0,341.0,407.2857142857143,382.6428571428572,376.6071428571428,59.75146939815111,55.22625788915556,71.40512445855605
2023-05-10,363,1069,210,409,80.21,79.46,4.0,0.0,1,Spring,40.0,20.0,0.0,40.0,2,10,19,5,0,466.0,391.0,378.0,381.0,216.0,427.0,389.0,381.07142857142856,51.4165991355589,59.48496901286483,72.9865175633954
2023-05-11,311,1588,234,372,77.43,74.09,3.0,0.0,1,Spring,20.0,60.0,0.0,20.0,3,11,19,5,0,363.0,400.0,298.0,342.0,357.0,423.0,387.9285714285714,386.32142857142856,55.60275772537506,59.83241247365456,65.5845812793478
2023-05-12,417,1740,139,447,79.38,76.88,6.0,0.0,1,Spring,40.0,40.0,0.0,20.0,4,12,19,5,0,311.0,488.0,404.0,451.0,260.0,410.2857142857143,388.8571428571428,384.6785714285714,70.03978461254377,58.413456224844445,66.90903364321488
2023-05-13,515,1595,844,554,79.34,91.59,6.0,0.0,0,Spring,60.0,20.0,0.0,20.0,5,13,19,5,1,417.0,372.0,381.0,298.0,364.0,400.1428571428572,389.7857142857143,390.2857142857143,61.534349679478105,58.77490119931263,62.50739638774503
2023-05-14,358,1344,269,475,70.9,66.38,16.0,100.0,0,Spring,40.0,40.0,0.0,20.0,6,14,19,5,1,515.0,384.0,362.0,385.0,516.0,420.57142857142856,399.3571428571428,395.6785714285714,73.25493644994721,67.49770040852877,66.53935263988917
2023-05-15,479,1561,672,550,81.76,83.78,6.0,0.0,0,Spring,20.0,0.0,0.0,80.0,0,15,20,5,0,358.0,488.0,306.0,371.0,531.0,416.8571428571428,399.07142857142856,390.0357142857143,76.02505852552575,67.67622498759349,62.53679340276894
2023-05-16,457,1436,311,627,90.78,90.3,4.0,0.0,0,Spring,20.0,20.0,0.0,60.0,1,16,20,5,0,479.0,466.0,328.0,377.0,375.0,415.57142857142856,411.4285714285714,388.1785714285714,74.68569060370582,65.12085130528634,58.85956517592097
2023-05-17,451,1491,372,490,78.37,80.92,5.0,0.0,0,Spring,40.0,0.0,0.0,60.0,2,17,20,5,0,457.0,363.0,391.0,378.0,381.0,414.2857142857143,420.6428571428572,391.1071428571428,73.74441060336835,61.42989392902938,60.20418300079926
2023-05-18,624,1512,918,724,99.49,96.01,2.0,0.0,0,Spring,40.0,20.0,0.0,40.0,3,18,20,5,0,451.0,311.0,400.0,298.0,342.0,426.8571428571428,424.9285714285714,393.6071428571428,70.99396352608399,61.2955818281243,61.213856628922834
2023-05-19,514,1414,640,650,75.3,78.44,19.0,100.0,0,Spring,40.0,60.0,0.0,0.0,4,19,20,5,0,624.0,417.0,488.0,404.0,451.0,471.57142857142856,440.9285714285714,403.6785714285714,83.35437829503887,80.51131242608923,74.22441126417444
2023-05-20,449,1118,438,538,86.14,86.78,3.0,0.0,0,Spring,80.0,20.0,0.0,0.0,5,20,20,5,1,514.0,515.0,372.0,381.0,298.0,485.4285714285714,442.7857142857143,405.9285714285714,80.79368197835217,81.96732798586751,76.6279750538055
2023-05-21,492,1550,81,554,82.21,87.83,6.0,0.0,0,Spring,60.0,0.0,0.0,40.0,6,21,20,5,1,449.0,358.0,384.0,362.0,385.0,476.0,448.2857142857143,411.32142857142856,80.61844288581489,79.39524164333977,74.02004411790774
2023-05-22,501,1801,551,616,85.24,95.97,5.0,0.0,0,Spring,40.0,40.0,0.0,20.0,0,22,21,5,0,492.0,479.0,488.0,306.0,371.0,495.1428571428572,456.0,415.1428571428572,61.59390817125976,77.90131824696743,75.36071984288748
2023-05-23,588,1551,277,649,77.57,90.09,15.0,100.0,0,Spring,0.0,60.0,0.0,40.0,1,23,21,5,0,501.0,457.0,466.0,328.0,377.0,498.2857142857143,456.9285714285714,419.7857142857143,61.19290341674827,78.38805274521576,76.53580964966817
2023-05-24,718,1540,1629,780,81.61,87.72,19.0,100.0,0,Spring,40.0,20.0,0.0,40.0,2,24,21,5,0,588.0,451.0,363.0,391.0,378.0,517.0,465.6428571428572,427.32142857142856,66.28222486710433,85.89582880788402,82.33493186546694
2023-05-25,528,822,289,597,89.93,87.38,3.0,0.0,0,Spring,0.0,60.0,0.0,40.0,3,25,21,5,0,718.0,624.0,311.0,400.0,298.0,555.1428571428571,491.0,439.4642857142857,93.2924230067814,103.79788051785978,98.3129855191734
2023-05-26,434,1112,121,600,84.43,83.68,8.0,0.0,0,Spring,40.0,0.0,0.0,60.0,4,26,21,5,0,528.0,514.0,417.0,488.0,404.0,541.4285714285714,506.5,447.6785714285714,88.41164542988153,90.1569144922846,95.62738394856694
2023-05-27,456,1899,491,515,88.21,86.08,3.0,0.0,0,Spring,0.0,80.0,0.0,20.0,5,27,21,5,1,434.0,449.0,515.0,372.0,381.0,530.0,507.7142857142857,448.75,97.27452561350982,88.96535935314964,95.28733350202432
2023-05-28,582,1515,681,839,86.57,91.11,16.0,100.0,0,Spring,60.0,40.0,0.0,0.0,6,28,21,5,1,456.0,492.0,358.0,384.0,362.0,531.0,503.5,451.4285714285714,96.33448672896628,89.9852552024277,94.3619621149326
2023-05-29,681,1264,690,744,95.83,92.6,6.0,0.0,0,Spring,40.0,0.0,0.0,60.0,0,29,22,5,0,582.0,501.0,479.0,488.0,306.0,543.8571428571429,519.5,459.2857142857143,96.26773182368136,81.65287691007701,95.78829169265369
2023-05-30,411,1472,84,486,83.75,86.85,1.0,0.0,0,Spring,40.0,20.0,0.0,40.0,1,30,22,5,0,681.0,588.0,457.0,466.0,328.0,569.5714285714286,533.9285714285714,472.6785714285714,106.41719338348992,91.2312904197251,99.69845408045114
2023-05-31,477,1145,423,505,76.99,83.48,8.0,0.0,0,Spring,20.0,60.0,0.0,20.0,2,31,22,5,0,411.0,718.0,451.0,363.0,391.0,544.2857142857143,530.6428571428571,475.6428571428572,121.2967631963228,94.96688260235072,96.41738520262956
2023-06-01,459,1380,441,484,77.97,83.86,5.0,0.0,0,Summer,20.0,60.0,0.0,20.0,3,1,22,6,0,477.0,528.0,624.0,311.0,400.0,509.8571428571428,532.5,478.7142857142857,95.15851437019656,93.53300528114634,94.980254143947
2023-06-02,338,1415,381,372,74.62,75.03,6.0,0.0,0,Summer,0.0,40.0,0.0,60.0,4,2,22,6,0,459.0,434.0,514.0,417.0,488.0,500.0,520.7142857142857,480.82142857142856,96.52978814852985,91.48974601764672,93.81662711806264
2023-06-03,497,1355,387,729,82.98,84.53,16.0,100.0,0,Summer,20.0,60.0,0.0,20.0,5,3,22,6,1,338.0,456.0,449.0,515.0,372.0,486.2857142857143,508.1428571428572,475.4642857142857,112.90071491612213,103.75329996075853,97.5979971496297
2023-06-04,620,1245,1003,762,96.61,99.3,4.0,0.0,0,Summer,0.0,40.0,0.0,60.0,6,4,22,6,1,497.0,582.0,492.0,358.0,384.0,492.1428571428572,511.57142857142856,479.9285714285714,112.12854018406544,102.43325352917044,95.5269706229722
2023-06-05,640,1142,823,920,97.07,95.47,11.0,100.0,0,Summer,60.0,20.0,0.0,20.0,0,5,23,6,0,620.0,681.0,501.0,479.0,488.0,497.57142857142856,520.7142857142857,488.3571428571428,117.97154620621774,106.1953414677425,97.14716377008394
2023-06-06,869,1305,1618,1006,92.11,93.07,18.0,100.0,0,Summer,20.0,40.0,0.0,40.0,1,6,23,6,0,640.0,411.0,588.0,457.0,466.0,491.7142857142857,530.6428571428571,493.7857142857143,107.93781278389643,110.6161812776026,101.2852068255439
2023-06-07,394,1440,0,469,81.75,83.15,3.0,0.0,0,Summer,40.0,20.0,0.0,40.0,2,7,23,6,0,869.0,477.0,718.0,451.0,363.0,557.1428571428571,550.7142857142857,508.1785714285714,171.15629170578634,142.67306822103558,123.40810153231271
2023-06-08,522,1611,307,588,84.97,90.42,4.0,0.0,0,Summer,60.0,20.0,0.0,20.0,3,8,23,6,0,394.0,459.0,528.0,624.0,311.0,545.2857142857143,527.5714285714286,509.2857142857143,180.26620526849956,139.69731801054928,122.19045763277924
2023-06-09,552,1975,584,719,96.01,89.07,4.0,0.0,0,Summer,20.0,20.0,0.0,60.0,4,9,23,6,0,522.0,338.0,434.0,514.0,417.0,554.2857142857143,527.1428571428571,516.8214285714286,176.77925433122746,139.70510543110572,115.85081517046594
2023-06-10,552,1680,548,652,79.26,91.21,16.0,100.0,0,Summer,20.0,60.0,0.0,20.0,5,10,23,6,1,552.0,497.0,456.0,449.0,515.0,584.8571428571429,535.5714285714286,521.6428571428571,149.54868613200708,137.19033061111372,114.3419868075154
2023-06-11,737,1949,672,921,92.71,95.46,19.0,100.0,0,Summer,40.0,0.0,0.0,60.0,6,11,23,6,1,552.0,620.0,582.0,492.0,358.0,592.7142857142857,542.4285714285714,522.9642857142857,145.55493153870856,135.2932508895533,114.47609556159112
2023-06-12,549,1526,142,551,89.43,87.69,1.0,0.0,0,Summer,40.0,40.0,0.0,20.0,0,12,24,6,0,737.0,640.0,681.0,501.0,479.0,609.4285714285714,553.5,536.5,155.58262236172914,144.789369563036,116.63443999347992
2023-06-13,751,1838,1185,775,100.87,98.3,0.0,0.0,0,Summer,40.0,20.0,0.0,40.0,1,13,24,6,0,549.0,869.0,411.0,588.0,457.0,596.4285714285714,544.0714285714286,539.0,156.40210691553708,140.06891945682338,116.1053161764978
2023-06-14,618,1425,533,695,93.09,97.62,3.0,0.0,0,Summer,0.0,40.0,0.0,60.0,2,14,24,6,0,751.0,394.0,477.0,718.0,451.0,579.5714285714286,568.3571428571429,549.5,125.41777803652516,144.62290867731014,121.57987772105524
2023-06-15,630,921,553,668,89.94,84.48,7.0,0.0,0,Summer,80.0,0.0,0.0,20.0,3,15,24,6,0,618.0,522.0,459.0,528.0,624.0,611.5714285714286,578.4285714285714,555.4642857142857,95.08742844150898,142.6678306070074,120.6615966224174
2023-06-16,502,1777,126,519,80.9,87.51,3.0,0.0,0,Summer,40.0,20.0,0.0,40.0,4,16,24,6,0,630.0,552.0,338.0,434.0,514.0,627.0,590.6428571428571,555.6785714285714,86.50626181574012,138.9275445596103,120.79307484792744
2023-06-17,545,1401,733,668,91.07,92.56,3.0,0.0,0,Summer,20.0,60.0,0.0,20.0,5,17,24,6,1,502.0,552.0,497.0,456.0,449.0,619.8571428571429,602.3571428571429,555.25,95.3439887485112,121.85085911938305,120.96758825159525
2023-06-18,496,1431,643,733,90.1,99.79,6.0,0.0,0,Summer,40.0,60.0,0.0,0.0,6,18,24,6,1,545.0,737.0,620.0,582.0,492.0,618.8571428571429,605.7857142857143,558.6785714285714,96.20711784379348,119.30708830023966,119.19204968870524
2023-06-19,762,1808,616,742,95.18,97.32,4.0,0.0,0,Summer,20.0,0.0,0.0,80.0,0,19,25,6,0,496.0,549.0,640.0,681.0,501.0,584.4285714285714,596.9285714285714,558.8214285714286,89.79023173088352,122.72449713811038,119.11154236181142
2023-06-20,452,1146,165,613,89.82,90.69,5.0,0.0,0,Summer,20.0,0.0,0.0,80.0,1,20,25,6,0,762.0,751.0,869.0,411.0,588.0,614.8571428571429,605.6428571428571,568.1428571428571,109.67289025617453,130.1263333740043,124.50932265726732
2023-06-21,446,1120,820,625,71.24,78.74,20.0,100.0,0,Summer,40.0,60.0,0.0,0.0,2,21,25,6,0,452.0,618.0,394.0,477.0,718.0,572.1428571428571,575.8571428571429,563.2857142857143,105.9755137935626,111.61600184620364,126.34516424897552
2023-06-22,423,1390,60,440,78.62,80.66,5.0,0.0,0,Summer,60.0,0.0,0.0,40.0,3,22,25,6,0,446.0,630.0,522.0,459.0,528.0,547.5714285714286,579.5714285714286,553.5714285714286,113.26055085930156,105.81312575676728,124.45151623897544
2023-06-23,382,1298,180,391,66.79,69.64,16.0,100.0,0,Summer,40.0,60.0,0.0,0.0,4,23,25,6,0,423.0,502.0,552.0,338.0,434.0,518.0,572.5,549.8214285714286,115.15930994351577,113.01922913312592,126.81016829524695
2023-06-24,307,1445,120,352,74.39,80.55,5.0,0.0,0,Summer,40.0,60.0,0.0,0.0,5,24,25,6,1,382.0,545.0,552.0,497.0,456.0,500.8571428571428,560.3571428571429,547.9642857142857,126.32818182737212,123.9910711070986,128.9322193858745
2023-06-25,463,1258,1023,527,69.72,73.06,22.0,100.0,0,Summer,20.0,60.0,0.0,20.0,6,25,25,6,1,307.0,496.0,737.0,620.0,582.0,466.8571428571428,542.8571428571429,542.6428571428571,143.34855954563895,141.3374887080055,135.76237800076777
2023-06-26,433,970,395,523,86.35,87.71,2.0,0.0,0,Summer,0.0,60.0,0.0,40.0,0,26,26,6,0,463.0,762.0,549.0,640.0,681.0,462.1428571428572,523.2857142857143,538.3928571428571,142.77187931735577,130.97705528446153,136.34605734856223
2023-06-27,502,773,327,491,70.69,71.09,17.0,100.0,0,Summer,20.0,40.0,0.0,40.0,1,27,26,6,0,433.0,452.0,751.0,869.0,411.0,415.1428571428572,515.0,529.5357142857143,54.4286339207248,132.88051312826366,134.78528388263618
2023-06-28,530,1431,567,617,75.72,78.46,17.0,100.0,0,Summer,20.0,40.0,0.0,40.0,2,28,26,6,0,502.0,446.0,618.0,394.0,477.0,422.2857142857143,497.2142857142857,532.7857142857143,62.72084790486209,114.21584059034076,132.90524531712174
2023-06-29,548,1299,134,527,81.16,89.79,5.0,0.0,0,Summer,20.0,0.0,0.0,80.0,3,29,26,6,0,530.0,423.0,630.0,522.0,459.0,434.2857142857143,490.9285714285714,534.6785714285714,74.87259019096935,109.37617817261786,132.45797476696205
2023-06-30,401,1228,157,470,81.28,80.04,3.0,0.0,0,Summer,20.0,60.0,0.0,20.0,4,30,26,6,0,548.0,382.0,502.0,552.0,338.0,452.1428571428572,485.07142857142856,537.8571428571429,85.83594540639484,103.38759357628167,131.64000131833038
2023-07-01,632,984,1052,724,82.71,81.88,17.0,100.0,0,Summer,20.0,80.0,0.0,0.0,5,1,26,7,1,401.0,307.0,545.0,552.0,497.0,454.8571428571428,477.8571428571428,540.1071428571429,83.51732070141455,105.61530858068495,128.6008292369196
2023-07-02,551,693,1218,790,78.85,89.55,18.0,100.0,0,Summer,40.0,0.0,0.0,60.0,6,2,26,7,1,632.0,463.0,496.0,737.0,620.0,501.2857142857143,484.07142857142856,544.9285714285714,77.75970311524783,112.22262509145597,129.45267362629008
2023-07-03,665,832,1353,895,87.42,94.18,18.0,100.0,0,Summer,20.0,0.0,0.0,80.0,0,3,27,7,0,551.0,433.0,762.0,549.0,640.0,513.8571428571429,488.0,542.4642857142857,77.6518481673783,113.62624290595448,128.62477214977713
2023-07-04,465,1225,651,670,87.86,85.19,6.0,0.0,0,Summer,100.0,0.0,0.0,0.0,1,4,27,7,0,665.0,502.0,452.0,751.0,869.0,547.0,481.07142857142856,543.3571428571429,86.40601830891202,97.43752577201109,129.41126354485226
2023-07-05,661,1309,198,690,90.95,89.24,6.0,0.0,0,Summer,80.0,20.0,0.0,0.0,2,5,27,7,0,465.0,530.0,446.0,618.0,394.0,541.7142857142857,482.0,528.9285714285714,90.6453056069175,97.2008230417824,113.27512510809264
2023-07-06,882,2482,866,974,93.4,94.25,18.0,100.0,0,Summer,0.0,100.0,0.0,0.0,3,6,27,7,0,661.0,548.0,423.0,630.0,522.0,560.4285714285714,497.3571428571428,538.4642857142857,100.7800528260384,107.51286659519582,112.7328806557894
2023-07-07,476,1943,139,553,83.72,83.47,6.0,0.0,0,Summer,60.0,40.0,0.0,0.0,4,7,27,7,0,882.0,401.0,382.0,502.0,552.0,608.1428571428571,530.1428571428571,551.3214285714286,157.19248134206748,146.14000512830484,129.99317747665168
2023-07-08,595,2129,375,657,86.16,88.78,8.0,0.0,0,Summer,20.0,0.0,0.0,80.0,5,8,27,7,1,476.0,632.0,307.0,545.0,552.0,618.8571428571429,536.8571428571429,548.6071428571429,142.59900487197038,140.8746617730463,130.7696134388332
2023-07-09,516,1909,938,622,76.45,81.63,19.0,100.0,0,Summer,40.0,20.0,0.0,40.0,6,9,27,7,1,595.0,551.0,463.0,496.0,737.0,613.5714285714286,557.4285714285714,550.1428571428571,142.7163353682837,124.84311033373866,131.06309317093985
2023-07-10,662,1503,805,886,94.77,90.96,14.0,100.0,0,Summer,60.0,20.0,0.0,20.0,0,10,28,7,0,516.0,665.0,433.0,762.0,549.0,608.5714285714286,561.2142857142857,542.25,145.8525021415554,122.54178475519628,125.94814482629452
2023-07-11,528,1181,191,575,86.63,80.97,4.0,0.0,0,Summer,20.0,60.0,0.0,20.0,1,11,28,7,0,662.0,465.0,502.0,452.0,751.0,608.1428571428571,577.5714285714286,546.2857142857143,145.66334310254436,119.35320193939768,127.9666788639565
2023-07-12,741,1672,428,713,92.09,95.56,5.0,0.0,0,Summer,40.0,20.0,0.0,40.0,2,12,28,7,0,528.0,661.0,530.0,446.0,618.0,617.1428571428571,579.4285714285714,538.3214285714286,137.03579650518168,118.28434728731712,121.5316003933955
2023-07-13,444,1581,154,585,85.22,87.88,5.0,0.0,0,Summer,40.0,40.0,0.0,20.0,3,13,28,7,0,741.0,882.0,548.0,423.0,630.0,628.5714285714286,594.5,542.7142857142857,144.43898036063217,124.7667053713874,126.63416458527972
2023-07-14,518,1534,812,562,82.32,91.56,6.0,0.0,0,Summer,60.0,40.0,0.0,0.0,4,14,28,7,0,444.0,476.0,401.0,382.0,502.0,566.0,587.0714285714286,536.0714285714286,106.15240615894372,130.7031070701918,126.76426899635388
2023-07-15,336,1080,480,467,79.13,79.5,4.0,0.0,0,Summer,0.0,80.0,0.0,20.0,5,15,28,7,1,518.0,595.0,632.0,307.0,545.0,572.0,595.4285714285714,536.6428571428571,101.29330349699016,121.29221820793786,126.64099572785216
2023-07-16,464,1153,286,675,91.09,91.58,5.0,0.0,0,Summer,20.0,60.0,0.0,20.0,6,16,28,7,1,336.0,516.0,551.0,463.0,496.0,535.0,574.2857142857143,529.1785714285714,133.63258085761376,138.94128730755716,132.168818413598
2023-07-17,745,1794,1972,1000,96.55,98.32,14.0,100.0,0,Summer,40.0,20.0,0.0,40.0,0,17,29,7,0,464.0,662.0,665.0,433.0,762.0,527.5714285714286,568.0714285714286,528.0357142857143,136.28384245495036,141.97533062294426,132.60397238417696
2023-07-18,617,1300,74,643,87.59,90.82,4.0,0.0,0,Summer,20.0,60.0,0.0,20.0,1,18,29,7,0,745.0,528.0,465.0,502.0,452.0,539.4285714285714,573.7857142857143,527.4285714285714,152.56676914590236,147.67228716182404,131.52761393529994
2023-07-19,400,1436,248,542,82.04,82.37,6.0,0.0,0,Summer,20.0,60.0,0.0,20.0,2,19,29,7,0,617.0,741.0,661.0,530.0,446.0,552.1428571428571,584.6428571428571,533.3214285714286,155.14233096464315,144.61493014892287,131.71913260487244
2023-07-20,450,2326,61,521,82.96,84.45,7.0,0.0,0,Summer,20.0,80.0,0.0,0.0,3,20,29,7,0,400.0,444.0,882.0,548.0,423.0,503.4285714285714,566.0,531.6785714285714,138.61440178045137,150.70909318694277,133.12791219459234
2023-07-21,563,1937,786,651,86.92,97.14,4.0,0.0,0,Summer,0.0,60.0,0.0,40.0,4,21,29,7,0,450.0,518.0,476.0,401.0,382.0,504.2857142857143,535.1428571428571,532.6428571428571,138.20361100650774,122.6444875633233,132.4074000074001
2023-07-22,673,1755,97,598,90.75,88.23,4.0,0.0,0,Summer,40.0,40.0,0.0,20.0,5,22,29,7,1,563.0,336.0,595.0,632.0,307.0,510.7142857142857,541.3571428571429,539.1071428571429,139.9829921641844,121.61705797793591,129.15891425788314
2023-07-23,536,1179,842,609,87.64,93.82,4.0,0.0,0,Summer,60.0,20.0,0.0,20.0,6,23,29,7,1,673.0,464.0,516.0,551.0,463.0,558.8571428571429,546.9285714285714,552.1785714285714,127.2522803612685,125.97219735121848,123.1807024242658
2023-07-24,554,1265,1107,641,89.55,86.07,6.0,0.0,0,Summer,0.0,80.0,0.0,20.0,0,24,30,7,0,536.0,745.0,662.0,665.0,433.0,569.1428571428571,548.3571428571429,554.7857142857143,121.06668764421896,125.70760159553171,121.99008980479556
2023-07-25,524,1010,0,529,81.53,81.22,8.0,0.0,0,Summer,0.0,60.0,0.0,40.0,1,25,30,7,0,554.0,617.0,528.0,465.0,502.0,541.8571428571429,540.6428571428571,559.1071428571429,93.12613054602993,121.4385613214518,119.6365914808847
2023-07-26,467,1358,545,652,80.56,86.21,14.0,100.0,0,Summer,60.0,0.0,0.0,40.0,2,26,30,7,0,524.0,400.0,741.0,661.0,530.0,528.5714285714286,540.3571428571429,559.8928571428571,87.05526433030377,121.47529482469712,119.31947135059858
2023-07-27,526,1751,273,629,79.08,77.16,17.0,100.0,0,Summer,80.0,20.0,0.0,0.0,3,27,30,7,0,467.0,450.0,444.0,882.0,548.0,538.1428571428571,520.7857142857143,557.6428571428571,73.13327690235278,107.98588125051528,120.49226632189436
2023-07-28,734,1744,1536,859,90.91,90.8,14.0,100.0,0,Summer,40.0,20.0,0.0,40.0,4,28,30,7,0,526.0,563.0,518.0,476.0,401.0,549.0,526.6428571428571,556.8571428571429,62.7747295228477,105.70030721362536,120.62912684499676
2023-07-29,492,1144,565,704,89.88,93.02,6.0,0.0,0,Summer,60.0,20.0,0.0,20.0,5,29,30,7,1,734.0,673.0,336.0,595.0,632.0,573.4285714285714,542.0714285714286,568.75,94.42432091867224,119.2389096831123,121.10834604386912
2023-07-30,417,1416,0,441,78.58,83.18,7.0,0.0,0,Summer,20.0,20.0,0.0,60.0,6,30,30,7,1,492.0,536.0,464.0,516.0,551.0,547.5714285714286,553.2142857142857,563.75,87.11268017699301,104.93087730019624,121.29017089424693
2023-07-31,316,1910,50,374,75.62,78.28,6.0,0.0,0,Summer,0.0,80.0,0.0,20.0,0,31,31,7,0,417.0,554.0,745.0,662.0,665.0,530.5714285714286,549.8571428571429,558.9642857142857,100.35247404832164,108.68929403286448,124.41521942831952
2023-08-01,482,1936,95,480,71.04,73.39,18.0,100.0,0,Summer,40.0,20.0,0.0,40.0,1,1,31,8,0,316.0,524.0,617.0,528.0,465.0,496.57142857142856,519.2142857142857,546.5,127.6869311282576,109.90777852463232,130.720935442503
2023-08-02,566,1549,1374,824,86.14,88.18,18.0,100.0,0,Summer,80.0,0.0,0.0,20.0,2,2,31,8,0,482.0,467.0,400.0,741.0,661.0,490.57142857142856,509.57142857142856,547.1071428571429,127.16899142854126,106.53906057672596,130.3673838116913
2023-08-03,538,1282,103,622,87.5,90.25,7.0,0.0,0,Summer,20.0,60.0,0.0,20.0,3,3,31,8,0,566.0,526.0,450.0,444.0,882.0,504.7142857142857,521.4285714285714,543.7142857142857,129.59258503185325,102.56983683603713,128.51656677840413
2023-08-04,436,1231,302,611,87.35,92.17,6.0,0.0,0,Summer,40.0,20.0,0.0,40.0,4,4,31,8,0,538.0,734.0,563.0,518.0,476.0,506.4285714285714,527.7142857142857,531.4285714285714,129.9998168496879,100.5319915185269,110.10346264660596
2023-08-05,577,1788,1143,713,92.21,90.3,6.0,0.0,0,Summer,60.0,20.0,0.0,20.0,5,5,31,8,1,436.0,492.0,673.0,336.0,595.0,463.8571428571428,518.6428571428571,530.0,83.5512389124754,102.80721850057044,111.10422200865374
2023-08-06,640,1542,720,816,87.5,87.54,15.0,100.0,0,Summer,80.0,20.0,0.0,0.0,6,6,31,8,1,577.0,417.0,536.0,464.0,516.0,476.0,511.7857142857143,529.3571428571429,93.86337588928578,94.59320074071648,110.76575693802204
2023-08-07,531,1420,278,642,87.36,92.24,6.0,0.0,0,Summer,80.0,0.0,0.0,20.0,0,7,32,8,0,640.0,316.0,554.0,745.0,662.0,507.8571428571428,519.2142857142857,533.7857142857143,107.37229402322347,100.53792133505384,112.67434462426664
2023-08-08,695,2181,987,816,86.97,88.28,17.0,100.0,0,Summer,80.0,0.0,0.0,20.0,1,8,32,8,0,531.0,482.0,524.0,617.0,528.0,538.5714285714286,517.5714285714286,529.1071428571429,66.2013523095947,100.11279353095328,109.83736775113204
2023-08-09,524,1630,62,577,85.43,86.97,4.0,0.0,0,Summer,40.0,20.0,0.0,40.0,2,9,32,8,0,695.0,566.0,467.0,400.0,741.0,569.0,529.7857142857143,535.0714285714286,82.7486152955647,110.81667367700136,114.22165863612456
2023-08-10,458,1168,101,594,91.63,85.3,4.0,0.0,0,Summer,60.0,0.0,0.0,40.0,3,10,32,8,0,524.0,538.0,526.0,450.0,444.0,563.0,533.8571428571429,527.3214285714286,84.50641001328458,109.37012469511048,106.85610038961865
2023-08-11,484,1654,1135,668,94.9,91.86,2.0,0.0,0,Summer,40.0,20.0,0.0,40.0,4,11,32,8,0,458.0,436.0,734.0,563.0,518.0,551.5714285714286,529.0,527.8214285714286,93.39317809286578,111.23986557123996,106.48388978182967
2023-08-12,454,1401,351,569,83.43,88.46,3.0,0.0,0,Summer,0.0,60.0,0.0,40.0,5,12,32,8,1,484.0,577.0,492.0,673.0,336.0,558.4285714285714,511.1428571428572,526.6071428571429,84.86628137420506,94.62546180588969,106.7934452440318
2023-08-13,548,1635,496,663,86.84,89.85,4.0,0.0,0,Summer,20.0,40.0,0.0,40.0,6,13,32,8,1,454.0,640.0,417.0,536.0,464.0,540.8571428571429,508.4285714285714,530.8214285714286,92.74773774676602,95.7550675788641,101.17350464587116
2023-08-14,559,1654,280,632,86.46,87.98,5.0,0.0,0,Summer,0.0,60.0,0.0,40.0,0,14,33,8,0,548.0,531.0,316.0,554.0,745.0,527.7142857142857,517.7857142857143,533.8214285714286,82.28550760556071,92.47800451286336,100.36085025820744
2023-08-15,519,1871,640,682,79.84,82.58,18.0,100.0,0,Summer,0.0,0.0,0.0,100.0,1,15,33,8,0,559.0,695.0,482.0,524.0,617.0,531.7142857142857,535.1428571428571,527.1785714285714,83.14788890026888,72.29305439864572,91.64224061288732
2023-08-16,531,1462,563,705,88.73,86.54,8.0,0.0,0,Summer,40.0,40.0,0.0,20.0,2,16,33,8,0,519.0,524.0,566.0,467.0,400.0,506.57142857142856,537.7857142857143,523.6785714285714,41.9438400040547,70.86300822055021,89.94033148434187
2023-08-17,633,1188,326,763,98.98,91.77,4.0,0.0,0,Summer,60.0,20.0,0.0,20.0,3,17,33,8,0,531.0,458.0,538.0,526.0,450.0,507.57142857142856,535.2857142857143,528.3571428571429,42.5082625021584,70.4069801734366,86.6141782447651
2023-08-18,665,1717,637,668,78.51,82.1,20.0,100.0,0,Summer,60.0,20.0,0.0,20.0,4,18,33,8,0,633.0,484.0,436.0,734.0,563.0,532.5714285714286,542.0714285714286,534.8928571428571,57.361012144885855,75.109626839413,87.38350521767282
2023-08-19,675,1237,1534,894,86.72,94.14,16.0,100.0,0,Summer,60.0,20.0,0.0,20.0,5,19,33,8,1,665.0,454.0,577.0,492.0,673.0,558.4285714285714,558.4285714285714,538.5357142857143,70.9926220177309,75.16823621892121,90.663187083091
2023-08-20,224,900,0,550,85.8,94.57,2.0,0.0,0,Summer,60.0,40.0,0.0,0.0,6,20,33,8,1,675.0,548.0,640.0,417.0,536.0,590.0,565.4285714285714,538.6071428571429,65.75966342168549,81.34041883506335,90.77376814987385
2023-08-21,579,1747,457,593,75.17,81.94,17.0,100.0,0,Summer,40.0,40.0,0.0,20.0,0,21,34,8,0,224.0,559.0,531.0,316.0,554.0,543.7142857142857,535.7142857142857,527.4642857142857,154.45680548912304,119.1840390523622,108.52051594492376
2023-08-22,488,1797,248,609,91.34,86.58,3.0,0.0,0,Summer,60.0,20.0,0.0,20.0,1,22,34,8,0,579.0,519.0,695.0,482.0,524.0,546.5714285714286,539.1428571428571,528.3571428571429,154.97081138379707,119.72716235922924,108.84927202863643
2023-08-23,449,1557,479,582,85.05,87.6,6.0,0.0,0,Summer,20.0,60.0,0.0,20.0,2,23,34,8,0,488.0,531.0,524.0,566.0,467.0,542.1428571428571,524.3571428571429,527.0714285714286,156.32703815125163,111.497917981842,109.11493382240972
2023-08-24,840,1775,1010,848,88.01,83.98,17.0,100.0,0,Summer,80.0,0.0,0.0,20.0,3,24,34,8,0,449.0,633.0,458.0,538.0,526.0,530.4285714285714,519.0,526.4285714285714,160.32244295258772,113.30354057880172,109.5341748028236
2023-08-25,410,1543,362,488,82.28,83.06,4.0,0.0,0,Summer,20.0,60.0,0.0,20.0,4,25,34,8,0,840.0,665.0,484.0,436.0,734.0,560.0,546.2857142857143,537.6428571428571,197.2358993692579,140.27085259565476,124.53534803441543
2023-08-26,400,1133,326,496,79.47,80.78,7.0,0.0,0,Summer,20.0,40.0,0.0,40.0,5,26,34,8,1,410.0,675.0,454.0,577.0,492.0,523.5714285714286,541.0,526.0714285714286,198.15722473401203,144.1393556463802,120.6052417543467
2023-08-27,676,1514,683,898,86.43,84.7,20.0,100.0,0,Summer,20.0,20.0,0.0,60.0,6,27,34,8,1,400.0,224.0,548.0,640.0,417.0,484.2857142857143,537.1428571428571,522.7857142857143,190.23381603149528,147.33366482650402,122.80106078165856
2023-08-28,519,1814,290,530,86.96,87.91,1.0,0.0,0,Summer,40.0,60.0,0.0,0.0,0,28,35,8,0,676.0,579.0,559.0,531.0,316.0,548.8571428571429,546.2857142857143,532.0357142857143,161.7368527077535,151.95820709424197,124.2832732534112
2023-08-29,480,1528,170,608,82.05,93.3,6.0,0.0,0,Summer,40.0,60.0,0.0,0.0,1,29,35,8,0,519.0,488.0,519.0,695.0,482.0,540.2857142857143,543.4285714285714,539.2857142857143,161.46280715767992,152.07675910322553,116.9168292999132
2023-08-30,505,1508,713,635,87.24,95.36,5.0,0.0,0,Summer,40.0,0.0,0.0,60.0,2,30,35,8,0,480.0,449.0,531.0,524.0,566.0,539.1428571428571,540.6428571428571,539.2142857142857,161.92223295091244,152.9135538304397,116.9537284705993
2023-08-31,575,1334,437,691,91.19,90.42,6.0,0.0,0,Summer,40.0,40.0,0.0,20.0,3,31,35,8,0,505.0,840.0,633.0,458.0,538.0,547.1428571428571,538.7857142857143,537.0357142857143,158.06373036577017,153.19729791322013,117.00442604570898
2023-09-01,540,901,564,693,77.43,85.54,17.0,100.0,0,Autumn,60.0,0.0,0.0,40.0,4,1,35,9,0,575.0,410.0,665.0,484.0,436.0,509.2857142857143,534.6428571428571,538.3571428571429,95.64119455150129,151.22505243350494,117.22444893694956
2023-09-02,319,1369,416,346,73.64,73.16,7.0,0.0,0,Autumn,0.0,60.0,20.0,20.0,5,2,35,9,1,540.0,400.0,675.0,454.0,577.0,527.8571428571429,525.7142857142857,542.0714285714286,85.20060361959231,146.55449423412315,115.49600877228664
2023-09-03,400,1050,204,524,85.78,89.29,3.0,0.0,0,Autumn,40.0,20.0,40.0,0.0,6,3,35,9,1,319.0,676.0,224.0,548.0,640.0,516.2857142857143,500.2857142857143,532.8571428571429,107.92854779237724,149.51430524377045,122.67473230902122
2023-09-04,432,883,539,655,90.99,91.43,4.0,0.0,0,Autumn,40.0,40.0,0.0,20.0,0,4,36,9,0,400.0,519.0,579.0,559.0,531.0,476.8571428571428,512.8571428571429,524.2857142857143,88.52763894481127,130.71393142328685,123.2942452001348
2023-09-05,668,1334,1175,736,85.3,95.64,12.0,100.0,0,Autumn,20.0,0.0,0.0,80.0,1,5,36,9,0,432.0,480.0,488.0,519.0,695.0,464.4285714285714,502.3571428571428,520.75,87.72847721399087,130.89608746744724,124.50810623617478
2023-09-06,537,965,0,570,89.45,89.39,4.0,0.0,0,Autumn,20.0,0.0,40.0,40.0,2,6,36,9,0,668.0,505.0,449.0,531.0,524.0,491.2857142857143,515.2142857142857,519.7857142857143,117.13768862000867,138.02350890695715,123.20634818386714
2023-09-07,454,1012,602,522,83.0,95.46,3.0,0.0,0,Autumn,20.0,80.0,0.0,0.0,3,7,36,9,0,537.0,575.0,840.0,633.0,458.0,495.8571428571428,521.5,520.25,118.3799371676195,136.77423846504198,123.24730483117357
2023-09-08,412,1222,230,417,76.91,81.6,4.0,0.0,0,Autumn,0.0,60.0,20.0,20.0,4,8,36,9,0,454.0,540.0,410.0,665.0,484.0,478.57142857142856,493.9285714285714,520.1071428571429,113.63663896070544,102.15558592785628,123.32442589026752
2023-09-09,628,1278,1119,756,84.94,84.26,15.0,100.0,0,Autumn,20.0,60.0,0.0,20.0,5,9,36,9,1,412.0,319.0,400.0,675.0,454.0,460.2857142857143,494.07142857142856,517.5357142857143,112.3961954956873,102.0305114890892,124.84641887887042
2023-09-10,466,1221,410,554,86.18,84.02,3.0,0.0,0,Autumn,40.0,40.0,20.0,0.0,6,10,36,9,1,628.0,400.0,676.0,224.0,548.0,504.4285714285714,510.3571428571428,523.75,108.26180789003602,104.036685203498,125.89284832451494
2023-09-11,741,1219,1415,936,92.21,87.98,18.0,100.0,0,Autumn,20.0,20.0,0.0,60.0,0,11,37,9,0,466.0,432.0,519.0,579.0,559.0,513.8571428571429,495.3571428571428,520.8214285714286,100.22712302803176,92.85522821356533,126.26106216924477
2023-09-12,578,1280,449,684,81.88,79.75,17.0,100.0,0,Autumn,60.0,40.0,0.0,0.0,1,12,37,9,0,741.0,668.0,480.0,488.0,519.0,558.0,511.2142857142857,527.3214285714286,123.50843425990548,113.79751151221848,132.81400349289072
2023-09-13,458,1429,315,715,76.32,83.9,17.0,100.0,0,Autumn,0.0,40.0,40.0,20.0,2,13,37,9,0,578.0,537.0,505.0,449.0,531.0,545.1428571428571,518.2142857142857,529.4285714285714,114.50535441836875,114.7399592197858,133.14470784643788
2023-09-14,452,1934,135,488,82.44,84.28,4.0,0.0,0,Autumn,20.0,20.0,0.0,60.0,3,14,37,9,0,458.0,454.0,575.0,840.0,633.0,533.8571428571429,514.8571428571429,526.8214285714286,119.23705879665192,115.83865247227833,133.8257721875251
2023-09-15,576,2066,470,704,82.21,86.06,15.0,100.0,0,Autumn,80.0,20.0,0.0,0.0,4,15,37,9,0,452.0,412.0,540.0,410.0,665.0,533.5714285714286,506.07142857142856,520.3571428571429,119.46248664030794,115.59043365109514,132.87510545920074
2023-09-16,469,1737,136,531,82.29,89.4,6.0,0.0,0,Autumn,0.0,60.0,20.0,20.0,5,16,37,9,1,576.0,628.0,319.0,400.0,675.0,557.0,508.6428571428572,517.1785714285714,107.0871918889777,116.79739666675684,130.32695453882573
2023-09-17,636,1627,888,655,80.55,84.07,15.0,100.0,0,Autumn,100.0,0.0,0.0,0.0,6,17,37,9,1,469.0,466.0,400.0,676.0,224.0,534.2857142857143,519.3571428571429,509.82142857142856,106.37780828367416,104.270806551503,126.8560144916215
2023-09-18,560,1109,642,666,75.02,78.55,21.0,100.0,0,Autumn,20.0,80.0,0.0,0.0,0,18,38,9,0,636.0,741.0,432.0,519.0,579.0,558.5714285714286,536.2142857142857,524.5357142857143,107.58850177544896,102.55293460259551,115.89602049310248
2023-09-19,435,1118,434,523,84.32,84.05,3.0,0.0,0,Autumn,40.0,20.0,20.0,20.0,1,19,38,9,0,560.0,578.0,668.0,480.0,488.0,532.7142857142857,545.3571428571429,523.8571428571429,72.44932547584413,98.15890346611536,115.62061660502876
2023-09-20,376,1430,91,443,78.94,83.41,4.0,0.0,0,Autumn,0.0,40.0,20.0,40.0,2,20,38,9,0,435.0,458.0,537.0,505.0,449.0,512.2857142857143,528.7142857142857,521.9642857142857,77.53432419626445,95.48131397651149,116.65856547836924
2023-09-21,439,1675,230,547,85.59,84.29,3.0,0.0,0,Autumn,20.0,40.0,0.0,40.0,3,21,38,9,0,376.0,452.0,454.0,575.0,840.0,500.57142857142856,517.2142857142857,519.3571428571429,91.95625253865218,103.74464106376976,119.13895226620896
2023-09-22,448,1466,608,517,83.88,80.43,5.0,0.0,0,Autumn,20.0,20.0,40.0,20.0,4,22,38,9,0,439.0,576.0,412.0,540.0,410.0,498.7142857142857,516.1428571428571,505.0357142857143,93.22323438162518,104.52225169264663,102.0426498134601
2023-09-23,734,1236,1569,687,87.73,88.81,14.0,100.0,0,Autumn,40.0,0.0,0.0,60.0,5,23,38,9,1,448.0,469.0,628.0,319.0,400.0,480.4285714285714,518.7142857142857,506.3928571428572,87.940997535956,102.1796521753778,100.97903679980286
2023-09-24,428,710,552,490,77.0,87.37,5.0,0.0,0,Autumn,0.0,40.0,40.0,20.0,6,24,38,9,1,734.0,636.0,466.0,400.0,676.0,518.2857142857143,526.2857142857143,518.3214285714286,129.4458886764586,114.12909598104424,107.46474135697112
2023-09-25,417,978,276,517,79.51,79.96,8.0,0.0,0,Autumn,20.0,0.0,40.0,40.0,0,25,39,9,0,428.0,560.0,741.0,432.0,519.0,488.57142857142856,523.5714285714286,509.4642857142857,121.55363307727866,116.10785058312308,104.15674873419567
2023-09-26,607,2444,266,554,82.6,82.09,6.0,0.0,0,Autumn,60.0,20.0,20.0,0.0,1,26,39,9,0,417.0,435.0,578.0,668.0,480.0,468.1428571428572,500.4285714285714,505.82142857142856,119.5483564245426,100.70422364201296,105.58481006471614
2023-09-27,452,2103,168,477,81.34,85.43,5.0,0.0,0,Autumn,40.0,20.0,40.0,0.0,2,27,39,9,0,607.0,376.0,458.0,537.0,505.0,492.7142857142857,502.5,510.3571428571428,128.91045249282445,102.7010223902367,107.15071223410136
2023-09-28,371,1819,329,469,80.52,82.62,4.0,0.0,0,Autumn,40.0,20.0,20.0,20.0,3,28,39,9,0,452.0,439.0,452.0,454.0,575.0,503.57142857142856,502.07142857142856,508.4642857142857,120.35898684471265,102.91330502732993,107.71549705997911
2023-09-29,482,1587,472,588,87.24,89.99,4.0,0.0,0,Autumn,40.0,20.0,0.0,40.0,4,29,39,9,0,371.0,448.0,576.0,412.0,540.0,493.8571428571428,496.2857142857143,501.1785714285714,128.8816363586224,108.09143463641396,109.92490823164474
2023-09-30,438,1533,175,479,81.82,86.6,2.0,0.0,0,Autumn,0.0,20.0,60.0,20.0,5,30,39,9,1,482.0,734.0,469.0,628.0,319.0,498.7142857142857,489.57142857142856,499.1071428571428,127.49864611792844,105.65088684014825,109.71253322702024
2023-10-01,420,1504,492,447,80.14,75.8,7.0,0.0,0,Autumn,0.0,60.0,0.0,40.0,6,1,39,10,1,438.0,428.0,636.0,466.0,400.0,456.4285714285714,487.3571428571428,503.3571428571428,74.5494402904474,106.4371299752232,104.66603477718502
2023-10-02,614,1302,1431,798,86.59,88.4,16.0,100.0,0,Autumn,20.0,20.0,0.0,60.0,0,2,40,10,0,420.0,417.0,560.0,741.0,432.0,455.2857142857143,471.9285714285714,504.07142857142856,75.11705151675856,98.5997849004628,104.0006868109193
2023-10-03,414,1070,0,551,72.8,77.62,17.0,100.0,0,Autumn,40.0,40.0,20.0,0.0,1,3,40,10,0,614.0,607.0,435.0,578.0,668.0,483.4285714285714,475.7857142857143,510.57142857142856,93.1268975517762,103.25634908504932,105.01196706810752
2023-10-04,506,1333,232,503,81.66,79.03,6.0,0.0,0,Autumn,60.0,40.0,0.0,0.0,2,4,40,10,0,414.0,452.0,376.0,458.0,537.0,455.8571428571428,474.2857142857143,501.5,77.74408567307735,104.04394675877496,101.83156026825247
2023-10-05,459,1705,422,461,80.78,83.37,4.0,0.0,0,Autumn,0.0,0.0,60.0,40.0,3,5,40,10,0,506.0,371.0,439.0,452.0,454.0,463.57142857142856,483.57142857142856,500.3928571428572,79.94551716191258,100.33230500975922,101.59955500256704
2023-10-06,362,1338,292,462,80.9,79.8,4.0,0.0,0,Autumn,60.0,20.0,0.0,20.0,4,6,40,10,0,459.0,482.0,448.0,576.0,412.0,476.1428571428572,485.0,500.57142857142856,69.1530393919372,99.78977903573052,101.51935723880428
2023-10-07,412,1268,344,454,77.77,83.25,6.0,0.0,1,Autumn,0.0,80.0,20.0,0.0,5,7,40,10,1,362.0,438.0,734.0,469.0,628.0,459.0,478.8571428571428,498.7857142857143,81.27115109311507,104.76556770153118,103.55437188505374
2023-10-08,452,1334,547,565,78.8,77.6,14.0,100.0,1,Autumn,40.0,40.0,0.0,20.0,6,8,40,10,1,412.0,420.0,428.0,636.0,466.0,455.2857142857143,455.8571428571428,491.07142857142856,82.96729131755092,75.77888598045986,101.5990407403788
2023-10-09,405,1284,156,448,80.11,81.16,5.0,0.0,1,Autumn,60.0,20.0,0.0,20.0,0,9,41,10,0,452.0,614.0,417.0,560.0,741.0,459.8571428571428,457.57142857142856,490.57142857142856,81.56884325817137,75.37058627027687,101.7613142572616
2023-10-10,284,1035,222,383,75.51,80.39,4.0,0.0,1,Autumn,40.0,40.0,20.0,0.0,1,10,41,10,0,405.0,414.0,607.0,435.0,578.0,430.0,456.7142857142857,478.57142857142856,46.42197755373952,75.93360315375573,90.30213834941154
2023-10-11,422,1205,137,404,81.4,84.08,0.0,0.0,1,Autumn,0.0,40.0,20.0,40.0,2,11,41,10,0,284.0,506.0,452.0,376.0,458.0,411.4285714285714,433.6428571428572,468.07142857142856,72.54391116847034,75.8283559128086,95.26879267180271
2023-10-12,321,1029,342,389,76.59,78.44,3.0,0.0,1,Autumn,20.0,60.0,0.0,20.0,3,12,41,10,0,422.0,459.0,371.0,439.0,452.0,399.4285714285714,431.5,466.7857142857143,60.1881969128408,75.69346074794056,95.65189864443772
2023-10-13,262,905,236,284,71.9,71.9,5.0,0.0,1,Autumn,20.0,20.0,40.0,20.0,4,13,41,10,0,321.0,362.0,482.0,448.0,576.0,379.7142857142857,427.9285714285714,462.1071428571428,60.02420146827933,79.83392790008563,99.52715590181823
2023-10-14,399,788,343,415,69.96,69.82,16.0,100.0,1,Autumn,0.0,80.0,0.0,20.0,5,14,41,10,1,262.0,412.0,438.0,734.0,469.0,365.4285714285714,412.2142857142857,450.8928571428572,74.97967978694085,89.4454527127515,103.81655448013603
2023-10-15,402,589,781,507,82.78,78.03,8.0,0.0,1,Autumn,40.0,40.0,0.0,20.0,6,15,41,10,1,399.0,452.0,420.0,428.0,636.0,363.57142857142856,409.4285714285714,448.3928571428572,73.78540312477475,89.18754163232465,104.20646858635104
2023-10-16,363,739,696,391,74.65,75.15,8.0,0.0,1,Autumn,40.0,40.0,20.0,0.0,0,16,42,10,0,402.0,405.0,614.0,417.0,560.0,356.42857142857144,408.1428571428572,440.0357142857143,65.78464142654303,89.15315874541842,97.7890708665976
2023-10-17,405,551,204,545,86.97,86.58,6.0,0.0,1,Autumn,40.0,0.0,20.0,40.0,1,17,42,10,0,363.0,284.0,414.0,607.0,435.0,350.42857142857144,390.2142857142857,433.0,62.4469298494236,67.0753635517877,95.90697653532936
2023-10-18,450,1151,402,498,71.26,78.08,18.0,100.0,1,Autumn,40.0,40.0,20.0,0.0,2,18,42,10,0,405.0,422.0,506.0,452.0,376.0,367.7142857142857,389.57142857142856,431.9285714285714,57.54915083565153,66.87268533531564,96.05127048012756
2023-10-19,395,1229,352,385,77.65,84.34,3.0,0.0,1,Autumn,0.0,20.0,40.0,40.0,3,19,42,10,0,450.0,321.0,459.0,371.0,439.0,371.7142857142857,385.57142857142856,434.57142857142856,62.69426950345018,60.769063847316446,95.47170555115598
2023-10-20,325,1036,220,365,76.28,79.48,4.0,0.0,1,Autumn,0.0,0.0,60.0,40.0,4,20,42,10,0,395.0,262.0,362.0,482.0,448.0,382.2857142857143,381.0,433.0,58.83795341363082,57.11796160982681,95.75779631735276
2023-10-21,581,931,934,625,77.13,80.04,18.0,100.0,1,Autumn,40.0,0.0,20.0,40.0,5,21,42,10,1,325.0,399.0,412.0,438.0,734.0,391.2857142857143,378.3571428571428,428.6071428571428,38.76731563965453,58.893132867094224,97.84278367595834
2023-10-22,419,970,101,424,76.41,73.95,8.0,0.0,1,Autumn,40.0,0.0,40.0,20.0,6,22,42,10,1,581.0,402.0,452.0,420.0,428.0,417.2857142857143,390.4285714285714,423.1428571428572,81.87126945335974,79.89484847715093,83.35542564300806
2023-10-23,419,872,973,659,78.25,81.6,17.0,100.0,1,Autumn,40.0,0.0,40.0,20.0,0,23,43,10,0,419.0,363.0,405.0,614.0,417.0,419.7142857142857,388.07142857142856,422.82142857142856,81.59394235218267,78.41160067795593,83.35335473771771
2023-10-24,393,1229,141,452,79.66,84.39,5.0,0.0,1,Autumn,0.0,0.0,80.0,20.0,1,24,43,10,0,419.0,405.0,284.0,414.0,607.0,427.7142857142857,389.07142857142856,422.8928571428572,77.76184644094205,78.7327165753904,83.34903820268252
2023-10-25,553,1293,1110,680,91.01,93.72,5.0,0.0,0,Autumn,60.0,0.0,20.0,20.0,2,25,43,10,0,393.0,450.0,422.0,506.0,452.0,426.0,396.8571428571428,415.25,78.47504911328963,72.70155764161153,75.26084270352348
2023-10-26,657,1200,657,807,86.73,88.84,15.0,100.0,0,Autumn,60.0,0.0,0.0,40.0,3,26,43,10,0,553.0,395.0,321.0,459.0,371.0,440.7142857142857,406.2142857142857,418.8571428571428,92.18408084861868,83.77366813341489,79.39433429068083
2023-10-27,696,905,306,750,80.48,81.23,20.0,100.0,0,Autumn,20.0,0.0,0.0,80.0,4,27,43,10,0,657.0,325.0,262.0,362.0,482.0,478.1428571428572,430.2142857142857,429.07142857142856,119.63197534024704,103.33007498112258,90.61392607035444
2023-10-28,786,1787,1221,875,87.49,87.33,19.0,100.0,0,Autumn,0.0,0.0,40.0,60.0,5,28,43,10,1,696.0,581.0,399.0,412.0,438.0,531.1428571428571,461.2142857142857,436.7142857142857,122.62195095961764,113.57625603120528,103.37055141320938
2023-10-29,491,1224,148,649,88.0,89.83,5.0,0.0,0,Autumn,40.0,0.0,20.0,40.0,6,29,43,10,1,786.0,419.0,402.0,452.0,420.0,560.4285714285714,488.8571428571428,449.1428571428572,156.35414624377282,141.04328694131,122.65299268161657
2023-10-30,352,1233,106,490,80.73,82.06,7.0,0.0,0,Autumn,40.0,40.0,20.0,0.0,0,30,44,10,0,491.0,419.0,363.0,405.0,614.0,570.7142857142857,495.2142857142857,451.6785714285714,147.62420113892173,138.81541621959602,122.76205638051424
2023-10-31,521,1633,826,612,86.97,95.16,6.0,0.0,0,Autumn,0.0,60.0,0.0,40.0,1,31,44,10,0,352.0,393.0,405.0,284.0,414.0,561.1428571428571,494.4285714285714,442.32142857142856,160.69373413570375,139.64995485180006,119.8826752291835
2023-11-01,382,1379,169,435,80.99,79.25,3.0,0.0,0,Autumn,20.0,80.0,0.0,0.0,2,1,44,11,0,521.0,553.0,450.0,422.0,506.0,579.4285714285714,502.7142857142857,446.1428571428572,144.87564454024854,137.358278612163,120.64938927435648
2023-11-02,572,1166,638,803,79.95,84.93,22.0,100.0,0,Autumn,20.0,0.0,0.0,80.0,3,2,44,11,0,382.0,657.0,395.0,321.0,459.0,555.0,497.8571428571428,441.7142857142857,163.31768632535398,140.53133083072558,120.64667027157904
2023-11-03,584,1494,115,621,74.56,74.13,20.0,100.0,0,Autumn,40.0,60.0,0.0,0.0,4,3,44,11,0,572.0,696.0,325.0,262.0,362.0,542.8571428571429,510.5,445.75,157.5271707478096,138.51339840774037,123.11109857601248
2023-11-04,341,1322,498,493,69.96,68.69,18.0,100.0,0,Autumn,20.0,0.0,60.0,20.0,5,4,44,11,1,584.0,786.0,581.0,399.0,412.0,526.8571428571429,529.0,453.6785714285714,144.53192100873846,128.78664527038444,124.6565811640657
2023-11-05,509,1195,1116,603,88.0,92.26,7.0,0.0,0,Autumn,40.0,0.0,60.0,0.0,6,5,44,11,1,341.0,491.0,419.0,402.0,452.0,463.2857142857143,511.8571428571428,451.1428571428572,103.63029525789288,137.04118254847916,126.24776178014967
2023-11-06,445,1124,307,532,85.63,85.44,3.0,0.0,0,Autumn,0.0,20.0,80.0,0.0,0,6,45,11,0,509.0,352.0,419.0,363.0,405.0,465.8571428571428,518.2857142857143,453.1785714285714,104.65089356431452,134.4363896314637,126.72076434587264
2023-11-07,399,986,116,485,78.5,82.86,5.0,0.0,0,Autumn,20.0,0.0,40.0,40.0,1,7,45,11,0,445.0,521.0,393.0,405.0,284.0,479.1428571428572,520.1428571428571,454.6071428571428,93.04735097685209,133.13258697360902,126.38252905680326
2023-11-08,424,1665,322,592,68.58,72.74,24.0,100.0,0,Autumn,20.0,0.0,40.0,40.0,2,8,45,11,0,399.0,382.0,553.0,450.0,422.0,461.7142857142857,520.5714285714286,458.7142857142857,95.29902812675856,132.70077055350643,122.43996477272051
2023-11-09,527,1335,746,630,89.27,90.26,4.0,0.0,0,Autumn,20.0,60.0,20.0,0.0,3,9,45,11,0,424.0,572.0,657.0,395.0,321.0,467.7142857142857,511.3571428571428,458.7857142857143,90.65265998251084,134.73883977923668,122.41833472666072
2023-11-10,426,1289,373,477,83.78,83.44,2.0,0.0,0,Autumn,20.0,60.0,0.0,20.0,4,10,45,11,0,527.0,584.0,696.0,325.0,262.0,461.2857142857143,502.07142857142856,466.1428571428572,83.32409472598377,128.25303372373125,119.99713400457632
2023-11-11,582,1075,373,660,91.24,95.29,3.0,0.0,0,Autumn,0.0,40.0,20.0,40.0,5,11,45,11,1,426.0,341.0,786.0,581.0,399.0,438.7142857142857,482.7857142857143,472.0,63.610047124947386,116.62113449537748,113.4897613264122
2023-11-12,477,1520,168,461,81.88,85.24,5.0,0.0,0,Autumn,20.0,40.0,0.0,40.0,6,12,45,11,1,582.0,509.0,491.0,419.0,402.0,473.1428571428572,468.2142857142857,478.5357142857143,67.03588236019192,84.0047421476707,114.39583071360671
2023-11-13,493,1211,895,548,70.3,72.01,19.0,100.0,0,Autumn,40.0,0.0,40.0,20.0,0,13,46,11,0,477.0,445.0,352.0,419.0,363.0,468.57142857142856,467.2142857142857,481.2142857142857,65.25043331364942,83.79570263575405,113.4112010742352
2023-11-14,540,949,893,838,88.03,86.83,17.0,100.0,0,Autumn,20.0,40.0,40.0,0.0,1,14,46,11,0,493.0,399.0,521.0,393.0,405.0,475.4285714285714,477.2857142857143,485.8571428571428,64.88157710489948,77.08779068391695,111.02842955438147
2023-11-15,405,1103,224,465,80.03,81.72,4.0,0.0,0,Autumn,0.0,20.0,40.0,40.0,2,15,46,11,0,540.0,424.0,382.0,553.0,450.0,495.57142857142856,478.6428571428572,490.6785714285714,58.801522494056506,78.07748335207357,110.3160622841646
2023-11-16,440,1276,0,483,81.42,90.48,3.0,0.0,0,Autumn,80.0,0.0,20.0,0.0,3,16,46,11,0,405.0,527.0,572.0,657.0,395.0,492.8571428571428,480.2857142857143,489.07142857142856,62.948202440388826,76.10461278997485,111.25443930266488
2023-11-17,492,1345,641,466,79.96,83.0,6.0,0.0,0,Autumn,20.0,0.0,60.0,20.0,4,17,46,11,0,440.0,426.0,584.0,696.0,325.0,480.4285714285714,470.8571428571428,490.6785714285714,63.668037881020176,71.93036926068122,110.16487763597956
2023-11-18,506,927,1028,696,79.01,81.24,18.0,100.0,0,Autumn,0.0,0.0,40.0,60.0,5,18,46,11,1,492.0,582.0,341.0,786.0,581.0,489.8571428571428,464.2857142857143,496.6428571428572,58.97860790554633,64.63081971585072,105.27502404573826
2023-11-19,472,1011,245,578,82.07,81.61,7.0,0.0,0,Autumn,40.0,0.0,0.0,60.0,6,19,46,11,1,506.0,477.0,509.0,491.0,419.0,479.0,476.07142857142856,493.9642857142857,44.37717130838001,54.70123650087992,103.99554197811958
2023-11-20,490,1328,129,523,83.2,81.0,3.0,0.0,0,Autumn,20.0,80.0,0.0,0.0,0,20,47,11,0,472.0,493.0,445.0,352.0,419.0,478.2857142857143,473.4285714285714,495.8571428571428,44.45489956391834,53.875517896084816,103.05867235264594
2023-11-21,520,1428,597,560,74.9,79.6,16.0,100.0,0,Autumn,20.0,20.0,20.0,40.0,1,21,47,11,0,490.0,540.0,399.0,521.0,393.0,477.8571428571428,476.6428571428572,498.3928571428572,44.303606216757295,53.38914776338933,101.96525889323335
2023-11-22,505,1085,446,575,89.49,92.25,3.0,0.0,0,Autumn,40.0,0.0,20.0,40.0,2,22,47,11,0,520.0,405.0,424.0,382.0,553.0,475.0,485.2857142857143,502.9285714285714,40.070770727135205,49.5059104030526,99.90733802116976
2023-11-23,424,855,550,554,81.85,89.53,6.0,0.0,0,Autumn,40.0,60.0,0.0,0.0,3,23,47,11,0,505.0,440.0,527.0,572.0,657.0,489.2857142857143,491.07142857142856,501.2142857142857,26.47460598204903,46.43020284538539,99.42700920137464
2023-11-24,481,1306,353,554,84.39,90.42,5.0,0.0,0,Autumn,80.0,0.0,20.0,0.0,4,24,47,11,0,424.0,492.0,426.0,584.0,696.0,487.0,483.7142857142857,492.8928571428572,31.6280466253184,48.41714345373641,95.58178165386468
2023-11-25,545,967,1116,759,80.62,78.49,20.0,100.0,0,Autumn,0.0,40.0,60.0,0.0,5,25,47,11,1,481.0,506.0,582.0,341.0,786.0,485.4285714285714,487.6428571428572,485.2142857142857,31.61148073541785,45.51856281166469,86.90282233104175
2023-11-26,467,1207,229,483,82.16,85.91,4.0,0.0,0,Autumn,0.0,20.0,40.0,40.0,6,26,47,11,1,545.0,472.0,477.0,509.0,491.0,491.0,485.0,476.6071428571428,38.52272056851626,40.40563555514616,65.24446296115883
2023-11-27,384,1147,335,542,90.72,84.5,1.0,0.0,0,Autumn,20.0,20.0,0.0,60.0,0,27,48,11,0,467.0,490.0,493.0,445.0,352.0,490.2857142857143,484.2857142857143,475.75,38.97740493206391,40.64561395852992,65.20601256076124
2023-11-28,699,1499,738,821,82.81,88.9,18.0,100.0,0,Autumn,20.0,60.0,20.0,0.0,1,28,48,11,0,384.0,520.0,540.0,399.0,521.0,475.1428571428572,476.5,476.8928571428572,55.986392904670666,48.52398296798034,63.20650416936732
2023-11-29,456,1364,620,518,80.09,83.48,6.0,0.0,0,Autumn,0.0,20.0,0.0,80.0,2,29,48,11,0,699.0,505.0,405.0,424.0,382.0,500.7142857142857,487.8571428571428,483.25,101.9227064752408,75.58882410561915,75.5525938962027
2023-11-30,519,1075,168,543,86.28,96.61,3.0,0.0,0,Autumn,60.0,40.0,0.0,0.0,3,30,48,11,0,456.0,424.0,440.0,527.0,572.0,493.7142857142857,491.5,485.8928571428572,103.25327159580988,72.45237162333645,73.13525738668017
2023-12-01,547,1127,1267,680,80.73,83.53,17.0,100.0,0,Winter,40.0,0.0,20.0,40.0,4,1,48,12,0,519.0,481.0,492.0,426.0,584.0,507.2857142857143,497.1428571428572,484.0,98.70615361721256,71.19837632424405,71.4915172383208
2023-12-02,518,1243,616,695,91.79,98.32,6.0,0.0,0,Winter,80.0,0.0,20.0,0.0,5,2,48,12,1,547.0,545.0,506.0,582.0,341.0,516.7142857142857,501.07142857142856,482.6785714285714,98.92878631573711,72.40002580292091,69.89889713082675
2023-12-03,573,1284,561,670,74.11,85.29,22.0,100.0,0,Winter,40.0,0.0,40.0,20.0,6,3,48,12,1,518.0,467.0,472.0,477.0,509.0,512.8571428571429,501.9285714285714,489.0,98.16555501027943,72.5337738687863,64.39864272781894
2023-12-04,561,2017,214,737,76.08,78.89,22.0,100.0,0,Winter,40.0,0.0,20.0,40.0,0,4,49,12,0,573.0,384.0,490.0,493.0,445.0,528.0,509.1428571428572,491.2857142857143,98.0883955079976,74.3286435551404,66.244137206894
2023-12-05,634,1670,835,632,91.61,92.65,5.0,0.0,0,Winter,40.0,0.0,20.0,40.0,1,5,49,12,0,561.0,699.0,520.0,540.0,399.0,553.2857142857143,514.2142857142857,495.4285714285714,74.8391926860841,75.33737306423443,66.8666049470357
2023-12-06,605,1748,1357,863,91.58,97.99,15.0,100.0,0,Winter,0.0,0.0,0.0,100.0,2,6,49,12,0,634.0,456.0,505.0,405.0,424.0,544.0,522.3571428571429,503.82142857142856,55.2026569408881,81.88698322674894,69.02820334575529
2023-12-07,814,1444,565,911,106.67,105.79,4.0,0.0,0,Winter,60.0,0.0,0.0,40.0,3,7,49,12,0,605.0,519.0,424.0,440.0,527.0,565.2857142857143,529.5,510.2857142857143,42.9911397294625,84.5738184619247,69.74761758461892
2023-12-08,765,1475,1007,1015,114.91,114.05,3.0,0.0,0,Winter,60.0,0.0,40.0,0.0,4,8,49,12,0,814.0,547.0,481.0,492.0,426.0,607.4285714285714,557.3571428571429,520.5357142857143,98.63545194782908,108.10650527843488,90.34275561473414
2023-12-09,588,2556,0,705,90.45,95.57,7.0,0.0,0,Winter,0.0,0.0,60.0,40.0,5,9,49,12,1,765.0,518.0,545.0,506.0,582.0,638.5714285714286,577.6428571428571,532.6428571428571,110.12244267610726,118.79368485083418,99.45973102335527
2023-12-10,609,1968,411,738,93.25,96.45,6.0,0.0,0,Winter,20.0,0.0,80.0,0.0,6,10,49,12,1,588.0,573.0,467.0,472.0,477.0,648.5714285714286,580.7142857142857,532.8571428571429,100.06807206906308,118.44013649969204,99.57640442123024
2023-12-11,592,2199,537,663,86.61,92.43,8.0,0.0,0,Winter,0.0,0.0,100.0,0.0,0,11,50,12,0,609.0,561.0,384.0,490.0,493.0,653.7142857142857,590.8571428571429,537.5714285714286,96.39452661798244,113.94793490068876,99.95792765752694
2023-12-12,654,1796,1344,981,94.92,101.85,16.0,100.0,0,Winter,0.0,0.0,60.0,40.0,1,12,50,12,0,592.0,634.0,699.0,520.0,540.0,658.1428571428571,605.7142857142857,541.1071428571429,92.03881168910766,97.2367677938172,100.07380213130688
2023-12-13,1006,1947,1143,1131,104.5,105.56,15.0,100.0,0,Winter,20.0,0.0,0.0,80.0,2,13,50,12,0,654.0,605.0,456.0,505.0,405.0,661.0,602.5,545.1785714285714,91.47312902341048,94.62456178132298,102.3208655348928
2023-12-14,493,1880,0,642,86.96,90.46,5.0,0.0,0,Winter,40.0,0.0,0.0,60.0,3,14,50,12,0,1006.0,814.0,519.0,424.0,440.0,718.2857142857143,641.7857142857143,566.6428571428571,154.4460146088971,134.77684038178205,130.87800774023495
2023-12-15,487,1806,108,626,88.23,89.51,6.0,0.0,0,Winter,0.0,0.0,80.0,20.0,4,15,50,12,0,493.0,765.0,547.0,481.0,492.0,672.4285714285714,639.9285714285714,568.5357142857143,168.3219703849913,136.76339157364055,129.35294299873487
2023-12-16,423,2099,260,494,81.04,90.27,5.0,0.0,0,Winter,40.0,0.0,40.0,20.0,5,16,50,12,1,487.0,588.0,518.0,545.0,506.0,632.7142857142857,635.6428571428571,568.3571428571429,175.48382098806593,140.78057511485736,129.4659155161055
2023-12-17,519,1936,779,691,75.98,72.48,22.0,100.0,0,Winter,80.0,0.0,20.0,0.0,6,17,50,12,1,423.0,609.0,573.0,467.0,472.0,609.1428571428571,628.8571428571429,565.3928571428571,192.7255635797778,148.94028599142834,131.8743339209341
2023-12-18,719,1578,1311,856,89.71,92.75,17.0,100.0,0,Winter,40.0,0.0,20.0,40.0,0,18,51,12,0,519.0,592.0,561.0,384.0,490.0,596.2857142857143,625.0,567.0714285714286,195.71553701372696,151.18048307085851,130.93734112768362
2023-12-19,485,1444,218,667,94.38,99.28,4.0,0.0,0,Winter,20.0,0.0,20.0,60.0,1,19,51,12,0,719.0,654.0,634.0,699.0,520.0,614.4285714285714,636.2857142857143,575.25,201.0653767168426,151.93086918394388,133.0793762022142
2023-12-20,511,1848,274,595,89.63,91.97,1.0,0.0,0,Winter,0.0,0.0,80.0,20.0,2,20,51,12,0,485.0,1006.0,605.0,456.0,505.0,590.2857142857143,625.6428571428571,574.0,205.61672620494227,157.229673820402,133.78008488228434
2023-12-21,663,2284,697,734,84.44,84.31,17.0,100.0,0,Winter,20.0,0.0,0.0,80.0,3,21,51,12,0,511.0,493.0,814.0,519.0,424.0,519.5714285714286,618.9285714285714,574.2142857142857,93.214550264175,160.15879825766785,133.67022914145934
2023-12-22,442,1905,150,502,83.26,79.39,6.0,0.0,0,Winter,20.0,0.0,40.0,40.0,4,22,51,12,0,663.0,487.0,765.0,547.0,481.0,543.8571428571429,608.1428571428571,582.75,106.35699094939446,150.8238183306068,131.33322758033003
2023-12-23,447,1613,410,544,82.82,79.54,5.0,0.0,0,Winter,20.0,0.0,80.0,0.0,5,23,51,12,1,442.0,423.0,588.0,518.0,545.0,537.4285714285714,585.0714285714286,581.3571428571429,111.59727765923516,149.68400782248565,132.65248787596346
2023-12-24,421,1713,241,529,79.19,79.99,9.0,0.0,0,Winter,40.0,0.0,20.0,40.0,6,24,51,12,1,447.0,519.0,609.0,573.0,467.0,540.8571428571429,575.0,577.8571428571429,107.79985864466416,154.14877928107612,134.92074883281873
2023-12-25,432,1809,594,461,81.69,87.45,4.0,0.0,0,Winter,20.0,0.0,80.0,0.0,0,25,52,12,0,421.0,719.0,592.0,561.0,384.0,526.8571428571429,561.5714285714286,576.2142857142857,117.0760843375348,159.06927097033156,136.59031936383863
2023-12-26,576,1467,817,838,82.23,81.19,20.0,100.0,0,Winter,20.0,0.0,40.0,40.0,1,26,52,12,0,432.0,485.0,654.0,634.0,699.0,485.8571428571428,550.1428571428571,577.9285714285714,84.21486126060444,162.42719417201425,134.37176967939575
2023-12-27,461,1233,102,476,82.41,82.82,6.0,0.0,1,Winter,20.0,0.0,60.0,20.0,2,27,52,12,0,576.0,511.0,1006.0,605.0,456.0,498.8571428571428,544.5714285714286,573.5357142857143,90.82479208422592,159.9089713583292,132.26110039330823
2023-12-28,342,1853,0,405,74.97,81.59,8.0,0.0,1,Winter,20.0,0.0,40.0,40.0,3,28,52,12,0,461.0,663.0,493.0,814.0,519.0,491.7142857142857,505.6428571428572,573.7142857142857,91.67281364671187,89.98855238550881,132.09980994823528
2023-12-29,497,1511,532,574,83.61,82.61,7.0,0.0,1,Winter,0.0,0.0,40.0,60.0,4,29,52,12,0,342.0,442.0,487.0,765.0,547.0,445.8571428571428,494.8571428571428,567.3928571428571,69.25659672894815,100.10137718476024,138.8762676805069
2023-12-30,313,1251,185,328,73.38,72.66,4.0,0.0,1,Winter,40.0,0.0,40.0,20.0,5,30,52,12,1,497.0,447.0,423.0,588.0,518.0,453.7142857142857,495.57142857142856,565.6071428571429,71.81855444037238,100.07667390226648,139.468392618839
2023-12-31,435,1123,642,457,81.12,88.05,5.0,0.0,1,Winter,40.0,0.0,20.0,40.0,6,31,52,12,1,313.0,421.0,519.0,609.0,573.0,434.57142857142856,487.7142857142857,558.2857142857143,89.57093491167953,110.0352590843416,147.22516319314698
2024-01-01,394,1145,283,462,84.0,85.41,2.0,0.0,1,Winter,80.0,0.0,0.0,20.0,0,1,1,1,0,435.0,432.0,719.0,592.0,561.0,436.57142857142856,481.7142857142857,553.3571428571429,89.37348067306655,110.48733207680642,149.01335120041733
2024-01-02,460,834,501,631,76.29,84.88,21.0,100.0,1,Winter,40.0,0.0,20.0,40.0,1,2,1,1,0,394.0,576.0,485.0,654.0,634.0,431.1428571428572,458.5,547.3928571428571,90.8394711775089,88.81333060024092,152.0081233905598
