Date,Units Sold,Inventory Level,Units Ordered,Demand,Price,Competitor Pricing,Discount,Promotion,Epidemic,Seasonality,Weather_Cloudy,Weather_Rainy,Weather_Snowy,Weather_Sunny,DayOfWeek,DayOfMonth,WeekOfYear,Month,IsWeekend,UnitsSold_Lag_1,UnitsSold_Lag_7,UnitsSold_Lag_14,UnitsSold_Lag_21,UnitsSold_Lag_28,UnitsSold_RollingMean_7,UnitsSold_RollingMean_14,UnitsSold_RollingMean_28,UnitsSold_RollingStd_7,UnitsSold_RollingStd_14,UnitsSold_RollingStd_28
2022-01-29,545,2116,1029,603,35.03,37.64,8.0,0.0,0,Winter,20.0,0.0,0.0,80.0,5,29,4,1,1,513.0,520.0,393.0,789.0,410.0,543.1428571428571,527.0,504.5,89.75044767098852,113.12960572859652,148.39898671911226
2022-01-30,509,1749,347,530,40.02,44.6,3.0,0.0,0,Winter,40.0,0.0,60.0,0.0,6,30,4,1,1,545.0,687.0,473.0,374.0,401.0,546.7142857142857,537.8571428571429,509.32142857142856,89.17158419906768,106.37224706216824,147.40472216452943
2022-01-31,547,1917,0,609,37.72,35.95,8.0,0.0,0,Winter,60.0,0.0,0.0,40.0,0,31,5,1,0,509.0,402.0,672.0,599.0,106.0,521.2857142857143,540.4285714285714,513.1785714285714,64.45337923831536,105.11145314578044,145.8703263738109
2022-02-01,541,2076,518,567,34.36,31.26,14.0,100.0,0,Winter,0.0,0.0,100.0,0.0,1,1,5,2,0,547.0,527.0,426.0,555.0,236.0,542.0,531.5,528.9285714285714,37.31398308051992,98.15431335794288,122.15864868987153
2022-02-02,709,2205,1637,744,38.78,40.93,13.0,100.0,0,Winter,40.0,0.0,0.0,60.0,2,2,5,2,0,541.0,533.0,381.0,408.0,441.0,544.0,539.7142857142857,539.8214285714286,36.74688195389271,93.34009656291148,107.82875778423404
2022-02-03,436,1496,0,576,36.58,35.48,8.0,0.0,0,Winter,80.0,0.0,0.0,20.0,3,3,5,2,0,709.0,620.0,499.0,595.0,555.0,569.1428571428571,563.1428571428571,549.3928571428571,71.62501558214726,91.58590514908964,110.5911185522848
2022-02-04,441,1525,384,465,33.02,33.72,7.0,0.0,0,Winter,20.0,0.0,40.0,40.0,4,4,5,2,0,436.0,513.0,732.0,657.0,622.0,542.8571428571429,558.6428571428571,545.1428571428571,82.74947849065987,96.401090915354,112.63533893374486
2022-02-05,429,2109,421,469,32.75,35.47,5.0,0.0,0,Winter,40.0,0.0,0.0,60.0,5,5,5,2,1,441.0,545.0,520.0,393.0,789.0,532.5714285714286,537.8571428571429,538.6785714285714,91.12968258267468,87.06748677174083,113.25325719179236
2022-02-06,454,2345,426,501,36.91,39.72,2.0,0.0,0,Winter,40.0,0.0,20.0,40.0,6,6,5,2,1,429.0,509.0,687.0,473.0,374.0,516.0,531.3571428571429,525.8214285714286,98.72351965632774,91.7728023585815,103.82501431679944
2022-02-07,473,1891,718,522,31.46,35.72,19.0,100.0,0,Winter,0.0,0.0,60.0,40.0,0,7,6,2,0,454.0,547.0,402.0,672.0,599.0,508.1428571428572,514.7142857142857,528.6785714285714,101.52245822383104,81.98069995331319,100.54114822684538
2022-02-08,535,1802,681,659,39.08,42.48,3.0,0.0,0,Winter,0.0,0.0,60.0,40.0,1,8,6,2,0,473.0,541.0,527.0,426.0,555.0,497.57142857142856,519.7857142857143,524.1785714285714,100.65097638681428,76.48346082794491,100.09589978335356
2022-02-09,503,1963,319,619,39.31,39.03,7.0,0.0,0,Winter,20.0,0.0,0.0,80.0,2,9,6,2,0,535.0,709.0,533.0,381.0,408.0,496.7142857142857,520.3571428571429,523.4642857142857,100.24422557885696,76.57134143836278,99.93904888512547
2022-02-10,453,2329,569,590,36.41,37.48,5.0,0.0,0,Winter,40.0,0.0,20.0,40.0,3,10,6,2,0,503.0,436.0,620.0,499.0,595.0,467.2857142857143,518.2142857142857,526.8571428571429,39.16935147839565,76.61008024799607,97.4556743633149
2022-02-11,569,2195,433,611,39.52,38.49,5.0,0.0,0,Winter,20.0,0.0,20.0,60.0,4,11,6,2,0,453.0,441.0,513.0,732.0,657.0,469.7142857142857,506.2857142857143,521.7857142857143,37.39302201264422,72.42973100920592,97.47301892313293
2022-02-12,834,2307,2481,1029,42.43,45.39,19.0,100.0,0,Winter,20.0,0.0,40.0,40.0,5,12,6,2,1,569.0,429.0,545.0,520.0,393.0,488.0,510.2857142857143,518.6428571428571,50.13648039767714,74.34992997920095,94.31947848225217
2022-02-13,514,1473,0,657,33.82,38.17,18.0,100.0,0,Winter,40.0,0.0,60.0,0.0,6,13,6,2,1,834.0,454.0,509.0,687.0,473.0,545.8571428571429,530.9285714285714,534.3928571428571,134.0925408954932,114.1803325956286,108.34011578280084
2022-02-14,586,2573,480,771,36.24,35.82,21.0,100.0,0,Winter,40.0,0.0,40.0,20.0,0,14,7,2,0,514.0,473.0,547.0,402.0,672.0,554.4285714285714,531.2857142857143,535.8571428571429,129.0656901773371,114.11426700490148,107.75511134588476
2022-02-15,432,1987,480,643,31.77,32.89,19.0,100.0,0,Winter,20.0,0.0,80.0,0.0,1,15,7,2,0,586.0,535.0,541.0,527.0,426.0,570.5714285714286,534.0714285714286,532.7857142857143,124.1569667032518,114.99997611084328,104.9191424623098
2022-02-16,471,3424,323,531,37.22,38.57,7.0,0.0,0,Winter,40.0,0.0,20.0,40.0,2,16,7,2,0,432.0,503.0,709.0,533.0,381.0,555.8571428571429,526.2857142857143,533.0,134.72865145843892,118.14165459079436,104.6988627056276
2022-02-17,399,3433,0,500,37.43,36.19,5.0,0.0,0,Winter,40.0,0.0,20.0,40.0,3,17,7,2,0,471.0,453.0,436.0,620.0,499.0,551.2857142857143,509.2857142857143,536.2142857142857,137.33864992020548,106.36398217111235,101.18203512879268
2022-02-18,569,3357,0,626,38.69,39.6,8.0,0.0,0,Winter,0.0,0.0,0.0,100.0,4,18,7,2,0,399.0,569.0,441.0,513.0,732.0,543.5714285714286,506.6428571428572,532.6428571428571,145.07797574966037,108.7577457137985,104.26221015117832
2022-02-19,565,3268,436,577,37.97,38.47,5.0,0.0,0,Winter,40.0,0.0,0.0,60.0,5,19,7,2,1,569.0,834.0,429.0,545.0,520.0,543.5714285714286,515.7857142857143,526.8214285714286,145.07797574966037,108.19368570472878,97.0177736948154
2022-02-20,703,2703,1493,672,40.39,42.84,1.0,0.0,0,Winter,40.0,0.0,20.0,40.0,6,20,7,2,1,565.0,514.0,454.0,509.0,687.0,505.1428571428572,525.5,528.4285714285714,73.09680469858353,105.8829179220724,97.272975414715
2022-02-21,388,2000,0,446,35.5,39.64,4.0,0.0,0,Winter,40.0,0.0,40.0,20.0,0,21,8,2,0,703.0,586.0,473.0,547.0,402.0,532.1428571428571,543.2857142857143,529.0,104.9006332542509,113.58184346468052,98.28077691548393
2022-02-22,469,2321,897,622,32.6,35.13,19.0,100.0,0,Winter,20.0,0.0,20.0,60.0,1,22,8,2,0,388.0,432.0,535.0,541.0,527.0,503.8571428571428,537.2142857142857,528.5,114.23722185497536,119.73315110080205,98.9839118989284
2022-02-23,450,1852,0,576,37.61,40.77,6.0,0.0,0,Winter,0.0,0.0,40.0,60.0,2,23,8,2,0,469.0,471.0,503.0,709.0,533.0,509.1428571428572,532.5,526.4285714285714,111.17318107563618,121.118346447406,99.62129348890286
2022-02-24,421,2900,0,441,32.3,34.21,5.0,0.0,0,Winter,20.0,0.0,80.0,0.0,3,24,8,2,0,450.0,399.0,453.0,436.0,620.0,506.1428571428572,528.7142857142857,523.4642857142857,112.6475751646532,122.92613702884827,100.64807854244272
2022-02-25,391,2479,520,424,33.36,35.83,4.0,0.0,0,Winter,40.0,0.0,60.0,0.0,4,25,8,2,0,421.0,569.0,569.0,441.0,513.0,509.2857142857143,526.4285714285714,516.3571428571429,109.42076933518956,124.72660211328332,100.604916412416
2022-02-26,543,2707,624,595,36.26,40.36,5.0,0.0,0,Winter,80.0,0.0,20.0,0.0,5,26,8,2,1,391.0,565.0,834.0,429.0,545.0,483.8571428571428,513.7142857142857,512.0,113.8250537322204,129.05063321838426,103.35985322773664
2022-02-27,565,2367,846,657,33.79,35.47,19.0,100.0,0,Winter,0.0,0.0,40.0,60.0,6,27,8,2,1,543.0,703.0,514.0,454.0,509.0,480.7142857142857,492.9285714285714,511.9285714285714,111.49097764051628,91.45361521702534,103.33689189981104
2022-02-28,686,2119,609,787,38.36,38.28,15.0,100.0,0,Winter,40.0,0.0,60.0,0.0,0,28,9,2,0,565.0,388.0,586.0,473.0,547.0,461.0,496.57142857142856,513.9285714285714,70.18309388069666,93.35351691757047,103.818905211744
2022-03-01,618,1721,271,672,40.66,39.67,4.0,0.0,0,Spring,0.0,20.0,0.0,80.0,1,1,9,3,0,686.0,469.0,432.0,535.0,541.0,503.57142857142856,503.7142857142857,518.8928571428571,101.78712613891332,103.94704907302088,108.66882727426494
2022-03-02,577,1727,342,561,36.6,37.28,6.0,0.0,0,Spring,80.0,20.0,0.0,0.0,2,2,9,3,0,618.0,450.0,471.0,503.0,709.0,524.8571428571429,517.0,521.6428571428571,108.6974832143912,105.94338110519226,110.21232514449834
2022-03-03,761,1979,1460,793,34.66,37.47,20.0,100.0,0,Spring,0.0,40.0,0.0,60.0,3,3,9,3,0,577.0,421.0,399.0,453.0,436.0,543.0,524.5714285714286,516.9285714285714,104.64384039843594,106.19047783307876,104.5806187594328
2022-03-04,438,1827,638,575,36.47,33.45,7.0,0.0,0,Spring,60.0,0.0,0.0,40.0,4,4,9,3,0,761.0,391.0,569.0,569.0,441.0,591.5714285714286,550.4285714285714,528.5357142857143,116.78164402401768,116.80471163159768,112.96524609541127
2022-03-05,791,2069,1222,887,42.08,39.35,14.0,100.0,0,Spring,20.0,20.0,0.0,60.0,5,5,9,3,1,438.0,543.0,565.0,834.0,429.0,598.2857142857143,541.0714285714286,528.4285714285714,103.97710370672044,120.39452088588035,113.0527338675215
2022-03-06,523,1825,0,583,35.22,38.37,7.0,0.0,0,Spring,20.0,60.0,0.0,20.0,6,6,9,3,1,791.0,565.0,703.0,514.0,454.0,633.7142857142857,557.2142857142857,541.3571428571429,122.58563576226253,137.75015207107552,121.6343075037005
2022-03-07,473,2218,484,603,38.59,36.3,6.0,0.0,0,Spring,40.0,20.0,0.0,40.0,0,7,10,3,0,523.0,686.0,388.0,586.0,473.0,627.7142857142857,544.3571428571429,543.8214285714286,127.44111618797952,131.34781023202206,120.492524302126
2022-03-08,457,2383,923,572,39.75,38.23,6.0,0.0,0,Spring,80.0,0.0,0.0,20.0,1,8,10,3,0,473.0,618.0,469.0,432.0,535.0,597.2857142857143,550.4285714285714,543.8214285714286,136.32401877599594,125.3939725491157,120.492524302126
2022-03-09,565,2807,0,599,38.24,37.69,7.0,0.0,0,Spring,0.0,40.0,0.0,60.0,2,9,10,3,0,457.0,577.0,450.0,471.0,503.0,574.2857142857143,549.5714285714286,541.0357142857143,145.5182855471141,126.0327883380502,121.6005854465857
2022-03-10,513,3028,529,536,37.73,39.31,7.0,0.0,0,Spring,0.0,100.0,0.0,0.0,3,10,10,3,0,565.0,761.0,421.0,399.0,453.0,572.5714285714286,557.7857142857143,543.25,145.55165995029296,122.74876065263663,121.4467189987262
2022-03-11,890,2515,254,816,37.88,39.17,16.0,100.0,0,Spring,20.0,80.0,0.0,0.0,4,11,10,3,0,513.0,438.0,391.0,569.0,569.0,537.1428571428571,564.3571428571429,545.3928571428571,119.97837106666152,117.19976840542716,120.31943264916056
2022-03-12,831,2246,2662,965,40.11,36.23,19.0,100.0,0,Spring,40.0,0.0,0.0,60.0,5,12,10,3,1,890.0,791.0,543.0,565.0,834.0,601.7142857142857,600.0,556.8571428571429,169.24411785516045,134.95583323101303,136.81420607571056
2022-03-13,407,1669,422,561,34.29,34.62,6.0,0.0,0,Spring,0.0,20.0,0.0,80.0,6,13,10,3,1,831.0,523.0,565.0,703.0,514.0,607.4285714285714,620.5714285714286,556.75,177.18903008073715,147.01057747696248,136.59012084009268
2022-03-14,496,2103,0,612,33.47,35.04,16.0,100.0,0,Spring,80.0,20.0,0.0,0.0,0,14,11,3,0,407.0,473.0,686.0,388.0,586.0,590.8571428571429,609.2857142857143,552.9285714285714,191.26633139109853,157.30882344632172,139.3003492514908
2022-03-15,431,2064,0,478,34.62,31.59,5.0,0.0,0,Spring,0.0,40.0,0.0,60.0,1,15,11,3,0,496.0,457.0,618.0,469.0,432.0,594.1428571428571,595.7142857142857,549.7142857142857,189.0894220304497,158.37367136055113,139.547113282206
2022-03-16,439,3526,0,560,34.72,38.78,7.0,0.0,0,Spring,40.0,40.0,0.0,20.0,2,16,11,3,0,431.0,565.0,577.0,450.0,471.0,590.4285714285714,582.3571428571429,549.6785714285714,192.4576638665044,164.13062675004534,139.57848013358694
2022-03-17,639,3509,1171,686,38.9,41.66,1.0,0.0,0,Spring,60.0,20.0,0.0,20.0,3,17,11,3,0,439.0,513.0,761.0,421.0,399.0,572.4285714285714,572.5,548.5357142857143,200.9376828296584,168.56121919167728,140.37528592836742
2022-03-18,394,2870,287,451,37.1,33.94,2.0,0.0,0,Spring,0.0,80.0,0.0,20.0,4,18,11,3,0,639.0,890.0,438.0,391.0,569.0,590.4285714285714,563.7857142857143,557.1071428571429,200.36953955367665,161.05287166805664,138.21704329857832
2022-03-19,451,2476,493,496,30.54,33.24,16.0,100.0,0,Spring,40.0,60.0,0.0,0.0,5,19,11,3,1,394.0,831.0,791.0,543.0,565.0,519.5714285714286,560.6428571428571,550.8571428571429,160.5115334826516,164.09687905102206,141.57518988697984
2022-03-20,740,2752,573,793,42.24,44.43,16.0,100.0,0,Spring,0.0,40.0,0.0,60.0,6,20,11,3,1,451.0,407.0,523.0,565.0,703.0,465.2857142857143,536.3571428571429,546.7857142857143,83.33609519232803,152.1035108798546,142.78742478680917
2022-03-21,643,2743,460,848,35.96,36.51,22.0,100.0,0,Spring,0.0,0.0,0.0,100.0,0,21,12,3,0,740.0,496.0,473.0,686.0,388.0,512.8571428571429,551.8571428571429,548.1071428571429,127.73596279230132,161.40958752519936,144.44820660546256
2022-03-22,391,2673,0,443,35.03,38.84,4.0,0.0,0,Spring,20.0,80.0,0.0,0.0,1,22,12,3,0,643.0,431.0,457.0,618.0,469.0,533.8571428571429,564.0,557.2142857142857,136.2992156634666,161.41537435115382,141.9977457157676
2022-03-23,701,2775,432,707,40.51,37.46,8.0,0.0,0,Spring,0.0,40.0,0.0,60.0,2,23,12,3,0,391.0,439.0,565.0,577.0,450.0,528.1428571428571,559.2857142857143,554.4285714285714,142.04744344927923,165.68804263593532,144.53486791196113
2022-03-24,553,2534,2432,762,35.43,36.56,18.0,100.0,0,Spring,0.0,20.0,0.0,80.0,3,24,12,3,0,701.0,639.0,513.0,761.0,421.0,565.5714285714286,569.0,563.3928571428571,148.9920100126817,169.98008933175328,145.59795971446812
2022-03-25,546,1981,264,678,39.28,39.55,8.0,0.0,0,Spring,80.0,0.0,0.0,20.0,4,25,12,3,0,553.0,394.0,890.0,438.0,391.0,553.2857142857143,571.8571428571429,568.1071428571429,145.43121430847674,169.3012141093535,142.92923379426577
2022-03-26,403,1435,785,574,38.05,42.23,2.0,0.0,0,Spring,60.0,0.0,0.0,40.0,5,26,12,3,1,546.0,451.0,831.0,791.0,543.0,575.0,547.2857142857143,573.6428571428571,127.9856762818923,142.40215457068638,138.756438432057
2022-03-27,498,2253,316,577,37.79,38.58,8.0,0.0,0,Spring,0.0,20.0,0.0,80.0,6,27,12,3,1,403.0,740.0,407.0,523.0,565.0,568.1428571428571,516.7142857142857,568.6428571428571,136.72408782096952,121.16703573765658,142.37670801127197
2022-03-28,577,3662,0,614,30.16,33.89,21.0,100.0,0,Spring,0.0,100.0,0.0,0.0,0,28,13,3,0,498.0,643.0,496.0,473.0,686.0,533.5714285714286,523.2142857142857,566.25,114.87653828183988,117.2047377431926,143.00184536493853
2022-03-29,417,3401,0,440,37.33,35.74,1.0,0.0,0,Spring,40.0,20.0,0.0,40.0,1,29,13,3,0,577.0,391.0,431.0,457.0,618.0,524.1428571428571,529.0,562.3571428571429,106.82451118763036,117.75594056548292,141.0920934566457
2022-03-30,521,3769,0,521,36.4,38.26,2.0,0.0,0,Spring,80.0,20.0,0.0,0.0,2,30,13,3,0,417.0,701.0,439.0,565.0,577.0,527.8571428571429,528.0,555.1785714285714,101.75530874181862,118.70778601902434,143.25296288615246
2022-03-31,430,3248,594,519,36.88,33.76,6.0,0.0,0,Spring,20.0,60.0,0.0,20.0,3,31,13,3,0,521.0,553.0,639.0,513.0,761.0,502.1428571428572,533.8571428571429,553.1785714285714,67.78010664747299,115.97006055467487,143.3279207172938
2022-04-01,583,2818,870,604,37.9,40.14,4.0,0.0,0,Spring,40.0,20.0,0.0,40.0,4,1,13,4,0,430.0,546.0,394.0,890.0,438.0,484.57142857142856,518.9285714285714,541.3571428571429,68.33948868908558,114.84066841010254,139.14133882247992
2022-04-02,515,2386,737,605,36.59,35.09,9.0,0.0,0,Spring,0.0,60.0,0.0,40.0,5,2,13,4,1,583.0,403.0,451.0,831.0,791.0,489.8571428571428,532.4285714285714,546.5357142857143,74.98984058174905,110.03336157430016,137.84437874401243
2022-04-03,485,2491,193,580,36.97,42.17,4.0,0.0,0,Spring,80.0,0.0,0.0,20.0,6,3,13,4,1,515.0,498.0,740.0,407.0,523.0,505.8571428571428,537.0,536.6785714285714,64.59728727902962,107.69472524758984,129.3201750383816
2022-04-04,662,2006,629,737,36.73,36.14,15.0,100.0,0,Spring,40.0,60.0,0.0,0.0,0,4,14,4,0,485.0,577.0,643.0,496.0,473.0,504.0,518.7857142857143,535.3214285714286,65.04613747179732,90.9887385858852,129.66796730893768
2022-04-05,575,2230,533,775,35.64,36.85,16.0,100.0,0,Spring,60.0,40.0,0.0,0.0,1,5,14,4,0,662.0,417.0,391.0,431.0,457.0,516.1428571428571,520.1428571428571,542.0714285714286,85.62403979301699,93.1011502389964,131.21368734256245
2022-04-06,574,2627,1335,719,36.34,40.19,17.0,100.0,0,Spring,80.0,0.0,0.0,20.0,2,6,14,4,0,575.0,521.0,701.0,439.0,565.0,538.7142857142857,533.2857142857143,546.2857142857143,75.34081294516326,86.19961500130754,130.27175503051362
2022-04-07,708,2447,929,779,32.57,29.58,22.0,100.0,0,Spring,20.0,20.0,0.0,60.0,3,7,14,4,0,574.0,430.0,553.0,639.0,513.0,546.2857142857143,524.2142857142857,546.6071428571429,75.9247748009266,72.8393158539119,130.33073009213598
2022-04-08,471,2601,565,546,36.8,41.3,5.0,0.0,0,Spring,0.0,40.0,0.0,60.0,4,8,14,4,0,708.0,583.0,546.0,394.0,890.0,586.0,535.2857142857143,553.5714285714286,77.64878191789845,87.7955917689832,133.63644118539827
2022-04-09,448,2130,0,513,30.1,30.15,15.0,100.0,0,Spring,40.0,40.0,0.0,20.0,5,9,14,4,1,471.0,515.0,403.0,451.0,831.0,570.0,529.9285714285714,538.6071428571429,89.06926143924927,89.36568286946219,116.991401800466
2022-04-10,564,2688,261,620,37.92,38.19,6.0,0.0,0,Spring,60.0,40.0,0.0,0.0,6,10,14,4,1,448.0,485.0,498.0,740.0,407.0,560.4285714285714,533.1428571428571,524.9285714285714,99.00986001885056,85.15944967020326,103.10473947199164
2022-04-11,397,3053,259,551,37.88,41.58,3.0,0.0,0,Spring,40.0,20.0,0.0,40.0,0,11,15,4,0,564.0,662.0,577.0,643.0,496.0,571.7142857142857,537.8571428571429,530.5357142857143,93.31794090762024,84.8907507355164,100.69480186033984
2022-04-12,764,3482,1125,784,43.2,43.25,7.0,0.0,0,Spring,40.0,0.0,0.0,60.0,1,12,15,4,0,397.0,575.0,417.0,391.0,431.0,533.8571428571429,525.0,527.0,103.75520640981269,91.8518874643806,103.64719359799724
2022-04-13,470,2977,0,521,34.35,38.22,7.0,0.0,0,Spring,40.0,0.0,0.0,60.0,2,13,15,4,0,764.0,574.0,521.0,701.0,439.0,560.8571428571429,549.7857142857143,538.8928571428571,135.86810831517033,106.1690803688798,111.0633250416723
2022-04-14,554,2507,189,560,34.6,35.03,10.0,0.0,0,Spring,20.0,40.0,0.0,40.0,3,14,15,4,0,470.0,708.0,430.0,553.0,639.0,546.0,546.1428571428571,540.0,139.82012253844815,108.09031632628572,110.18166816671447
2022-04-15,429,2365,326,579,39.73,37.48,5.0,0.0,0,Spring,0.0,20.0,0.0,80.0,4,15,15,4,0,554.0,471.0,583.0,546.0,394.0,524.0,555.0,536.9642857142857,120.92008380193356,102.79179853545654,108.51130070620462
2022-04-16,549,2838,1251,683,32.84,31.77,23.0,100.0,0,Spring,20.0,60.0,0.0,20.0,5,16,15,4,1,429.0,448.0,515.0,403.0,451.0,518.0,544.0,538.2142857142857,124.9626610898897,107.68829662859962,106.99441215691697
2022-04-17,531,2615,0,525,36.06,33.84,5.0,0.0,0,Spring,60.0,0.0,0.0,40.0,6,17,15,4,1,549.0,564.0,485.0,498.0,740.0,532.4285714285714,546.4285714285714,541.7142857142857,121.31069909239535,107.36688666273407,105.6299821153687
2022-04-18,609,2084,1699,810,34.95,37.1,18.0,100.0,0,Spring,80.0,0.0,0.0,20.0,0,18,16,4,0,531.0,397.0,662.0,577.0,643.0,527.7142857142857,549.7142857142857,534.25,120.5179299049374,106.03804003312192,98.22409186254768
2022-04-19,459,1941,170,481,37.59,35.97,1.0,0.0,0,Spring,40.0,20.0,0.0,40.0,1,19,16,4,0,609.0,764.0,575.0,417.0,391.0,558.0,545.9285714285714,533.0357142857143,108.2035119577918,102.61163848047836,97.03282458848156
2022-04-20,676,2267,1436,890,38.19,41.93,16.0,100.0,0,Spring,20.0,20.0,0.0,60.0,2,20,16,4,0,459.0,470.0,574.0,521.0,701.0,514.4285714285714,537.6428571428571,535.4642857142857,63.670655571875024,104.74482336601676,94.15451529970689
2022-04-21,423,2351,0,406,34.03,32.5,6.0,0.0,0,Spring,0.0,100.0,0.0,0.0,3,21,16,4,0,676.0,554.0,708.0,430.0,553.0,543.8571428571429,544.9285714285714,534.5714285714286,84.05638697015338,110.83838843852064,92.6328589694097
2022-04-22,511,3299,0,562,37.12,33.07,4.0,0.0,0,Spring,0.0,80.0,0.0,20.0,4,22,16,4,0,423.0,429.0,471.0,583.0,546.0,525.1428571428571,524.5714285714286,529.9285714285714,95.2582954767868,104.57953490467976,94.90499287159584
2022-04-23,284,2788,0,282,30.48,34.3,4.0,0.0,1,Spring,20.0,0.0,0.0,80.0,5,23,16,4,1,511.0,549.0,448.0,515.0,403.0,536.8571428571429,527.4285714285714,528.6785714285714,86.06282312246967,103.5446498158863,94.9159681259744
2022-04-24,262,3678,174,309,31.96,30.54,4.0,0.0,1,Spring,0.0,60.0,0.0,40.0,6,24,16,4,1,284.0,531.0,564.0,485.0,498.0,499.0,515.7142857142857,524.4285714285714,127.93097097002465,121.02347424645072,103.06611634588894
2022-04-25,343,3416,173,399,33.82,31.87,5.0,0.0,1,Spring,0.0,20.0,0.0,80.0,0,25,17,4,0,262.0,609.0,397.0,662.0,577.0,460.57142857142856,494.1428571428572,516.0,154.38356685310015,137.54208147263208,114.3406217307644
2022-04-26,410,3247,471,423,29.91,32.5,17.0,100.0,1,Spring,20.0,80.0,0.0,0.0,1,26,17,4,0,343.0,459.0,764.0,575.0,417.0,422.57142857142856,490.2857142857143,507.6428571428572,144.1583124471806,141.18478266846907,118.20328198918946
2022-04-27,251,3010,353,292,29.16,28.39,17.0,100.0,1,Spring,20.0,40.0,0.0,40.0,2,27,17,4,0,410.0,676.0,470.0,574.0,521.0,415.57142857142856,465.0,507.3928571428572,143.2816074994238,118.22598959359392,118.40931497570551
2022-04-28,228,2759,0,241,28.7,26.24,7.0,0.0,1,Spring,60.0,20.0,0.0,20.0,3,28,17,4,0,251.0,423.0,554.0,708.0,430.0,354.85714285714283,449.3571428571428,497.75,97.15525131017216,131.28102982231948,127.87569919435204
2022-04-29,282,2531,184,357,31.67,33.83,6.0,0.0,1,Spring,0.0,40.0,0.0,60.0,4,29,17,4,0,228.0,511.0,429.0,471.0,583.0,327.0,426.07142857142856,490.5357142857143,102.18610473053482,139.92001247180409,137.19774378418492
2022-04-30,316,2720,230,426,33.88,38.46,4.0,0.0,1,Spring,0.0,40.0,0.0,60.0,5,30,17,4,1,282.0,284.0,549.0,448.0,515.0,294.2857142857143,415.57142857142856,479.7857142857143,62.35573827033007,145.1029948721908,141.4120213714511
2022-05-01,467,2941,449,410,30.18,30.19,15.0,100.0,1,Spring,40.0,20.0,0.0,40.0,6,1,17,5,1,316.0,262.0,531.0,564.0,485.0,298.85714285714283,398.9285714285714,472.6785714285714,62.64830024676917,141.94986345982738,144.54271535032993
2022-05-02,322,2704,0,359,30.0,32.67,16.0,100.0,1,Spring,0.0,60.0,0.0,40.0,0,2,18,5,0,467.0,343.0,609.0,397.0,662.0,328.1428571428572,394.3571428571428,472.0357142857143,86.08025048644639,138.35439841378175,144.52591261773566
2022-05-03,337,2382,176,354,33.38,34.24,5.0,0.0,1,Spring,20.0,20.0,0.0,60.0,1,3,18,5,0,322.0,410.0,459.0,764.0,575.0,325.1428571428572,373.8571428571428,459.8928571428572,85.8417702742048,124.69214838205228,142.2393234386155
2022-05-04,353,2045,234,384,28.2,26.23,22.0,100.0,1,Spring,60.0,20.0,0.0,20.0,2,4,18,5,0,337.0,251.0,676.0,470.0,574.0,314.7142857142857,365.1428571428572,451.3928571428572,77.87963851506964,122.528399937356,142.2171889610351
2022-05-05,327,2317,229,380,32.49,33.94,6.0,0.0,1,Spring,40.0,40.0,0.0,20.0,3,5,18,5,0,353.0,228.0,423.0,554.0,708.0,329.2857142857143,342.07142857142856,443.5,73.38418150553923,83.77393048300453,141.290218790707
2022-05-06,256,2224,0,276,29.35,32.4,4.0,0.0,1,Spring,0.0,40.0,0.0,60.0,4,6,18,5,0,327.0,282.0,511.0,429.0,471.0,343.42857142857144,335.2142857142857,429.8928571428572,58.67667663520335,80.50530663008642,132.97544727023669
2022-05-07,326,1968,298,304,31.58,32.48,6.0,0.0,1,Spring,20.0,40.0,0.0,40.0,5,7,18,5,1,256.0,316.0,284.0,549.0,448.0,339.7142857142857,317.0,422.2142857142857,63.811478292738194,65.03490187228921,136.67001544484086
2022-05-08,283,1642,579,448,32.34,30.23,18.0,100.0,1,Spring,40.0,40.0,0.0,20.0,6,8,18,5,1,326.0,467.0,262.0,531.0,564.0,341.1428571428572,320.0,417.8571428571428,63.30199726029735,64.36076205505587,137.75789667107293
2022-05-09,320,1588,0,326,33.16,33.55,3.0,0.0,1,Spring,80.0,0.0,0.0,20.0,0,9,19,5,0,283.0,322.0,343.0,609.0,397.0,314.85714285714283,321.5,407.82142857142856,33.53321026200762,63.13812696717338,136.95012705940513
2022-05-10,352,1563,185,432,28.12,29.64,21.0,100.0,1,Spring,0.0,40.0,0.0,60.0,1,10,19,5,0,320.0,337.0,410.0,459.0,764.0,314.57142857142856,319.85714285714283,405.07142857142856,33.47066946276302,62.8341616330774,137.94495106313036
2022-05-11,429,1509,1377,453,30.79,31.08,16.0,100.0,1,Spring,80.0,0.0,0.0,20.0,2,11,19,5,0,352.0,353.0,251.0,676.0,470.0,316.7142857142857,315.7142857142857,390.3571428571428,35.56081310334808,58.17272500120446,118.89965089993696
2022-05-12,372,1364,0,430,29.36,31.01,14.0,100.0,1,Spring,40.0,60.0,0.0,0.0,3,12,19,5,0,429.0,327.0,228.0,423.0,554.0,327.57142857142856,328.42857142857144,388.8928571428572,54.85391855603584,62.249762786960105,118.13248660522764
2022-05-13,291,1369,0,299,31.48,29.82,4.0,0.0,1,Spring,0.0,40.0,0.0,60.0,4,13,19,5,0,372.0,256.0,282.0,511.0,429.0,334.0,338.7142857142857,382.3928571428572,57.35561582501319,55.957990522324415,113.63272197146998
2022-05-14,280,1078,0,292,29.8,30.37,6.0,0.0,1,Spring,40.0,60.0,0.0,0.0,5,14,19,5,1,291.0,326.0,316.0,284.0,549.0,339.0,339.35714285714283,377.4642857142857,50.54371045606473,55.30420368339817,114.52558573681114
2022-05-15,391,1983,1659,441,29.14,28.51,15.0,100.0,1,Spring,60.0,0.0,0.0,40.0,6,15,19,5,1,280.0,283.0,467.0,262.0,531.0,332.42857142857144,336.7857142857143,367.8571428571428,55.28368397896028,57.27555334511274,110.82609476302574
2022-05-16,232,1592,161,342,31.8,31.96,5.0,0.0,1,Spring,20.0,40.0,0.0,40.0,0,16,20,5,0,391.0,320.0,322.0,343.0,609.0,347.85714285714283,331.35714285714283,362.8571428571428,54.25074061377139,46.589214900605306,106.25710060307172
2022-05-17,268,1360,0,278,31.3,31.23,3.0,0.0,1,Spring,20.0,20.0,0.0,60.0,1,17,20,5,0,232.0,352.0,337.0,410.0,459.0,335.2857142857143,324.92857142857144,349.3928571428572,69.76081585368155,53.65339516924016,97.43120622823992
2022-05-18,210,1253,0,273,29.47,29.27,4.0,0.0,1,Spring,80.0,20.0,0.0,0.0,2,18,20,5,0,268.0,429.0,353.0,251.0,676.0,323.2857142857143,320.0,342.57142857142856,73.52939159663474,55.5933034152065,96.15089551842236
2022-05-19,379,2702,0,445,30.29,31.86,13.0,100.0,1,Spring,60.0,40.0,0.0,0.0,3,19,20,5,0,210.0,372.0,327.0,228.0,423.0,292.0,309.7857142857143,325.92857142857144,67.38694235532438,61.8486721099011,74.10199606019849
2022-05-20,262,2323,62,323,30.05,32.97,3.0,0.0,1,Spring,60.0,20.0,0.0,20.0,4,20,20,5,0,379.0,291.0,256.0,282.0,511.0,293.0,313.5,324.35714285714283,68.80891415119466,64.46794075054054,72.41455464799583
2022-05-21,263,2061,734,330,31.38,32.93,4.0,0.0,1,Spring,40.0,40.0,0.0,20.0,5,21,20,5,1,262.0,280.0,326.0,316.0,284.0,288.85714285714283,313.92857142857144,315.4642857142857,69.81506182152003,64.07503328215843,63.36927760291407
2022-05-22,295,1860,518,376,34.2,34.54,3.0,0.0,1,Spring,40.0,0.0,0.0,60.0,6,22,20,5,1,263.0,391.0,283.0,467.0,262.0,286.42857142857144,309.42857142857144,314.7142857142857,70.46714871214,65.36137919375406,63.87769398122971
2022-05-23,256,1676,0,277,31.49,30.43,3.0,0.0,1,Spring,40.0,60.0,0.0,0.0,0,23,21,5,0,295.0,232.0,320.0,322.0,343.0,272.7142857142857,310.2857142857143,315.8928571428572,54.18398990388729,65.06615399425583,63.16957735053596
2022-05-24,332,1713,298,395,31.22,32.51,13.0,100.0,1,Spring,40.0,60.0,0.0,0.0,1,24,21,5,0,256.0,268.0,352.0,337.0,410.0,276.1428571428572,305.7142857142857,312.7857142857143,51.88907582985065,66.56220753946856,63.92203419030324
2022-05-25,333,1847,178,351,35.45,35.43,4.0,0.0,1,Spring,60.0,0.0,0.0,40.0,2,25,21,5,0,332.0,210.0,429.0,353.0,251.0,285.2857142857143,304.2857142857143,310.0,55.712698390084896,65.70145598600635,61.168861601549104
2022-05-26,470,2194,1101,522,34.21,32.46,5.0,0.0,0,Spring,0.0,60.0,0.0,40.0,3,26,21,5,0,333.0,379.0,372.0,327.0,228.0,302.85714285714283,297.42857142857144,312.92857142857144,46.67414906000975,55.97350236525112,60.19470173031807
2022-05-27,403,1724,797,539,35.13,36.76,9.0,0.0,0,Spring,80.0,0.0,0.0,20.0,4,27,21,5,0,470.0,262.0,291.0,256.0,282.0,315.85714285714283,304.42857142857144,321.57142857142856,75.30699075877807,70.30889459620647,64.74990551769255
2022-05-28,478,1499,449,586,36.7,40.71,5.0,0.0,0,Spring,40.0,20.0,0.0,40.0,5,28,21,5,1,403.0,263.0,280.0,326.0,316.0,336.0,312.42857142857144,325.8928571428572,77.33045971672381,74.88628742270417,66.03609522841069
2022-05-29,421,1616,0,469,31.27,34.04,8.0,0.0,0,Spring,60.0,0.0,0.0,40.0,6,29,21,5,1,478.0,295.0,391.0,283.0,467.0,366.7142857142857,326.57142857142856,331.67857142857144,85.74324907480836,86.1418457105338,71.96761286569922
2022-05-30,495,1901,543,596,35.18,37.76,8.0,0.0,0,Spring,60.0,20.0,0.0,20.0,0,30,22,5,0,421.0,256.0,232.0,320.0,322.0,384.7142857142857,328.7142857142857,330.0357142857143,81.28901993445754,88.21601857976681,69.23737063221961
2022-05-31,556,2003,263,540,36.56,33.94,5.0,0.0,0,Spring,80.0,20.0,0.0,0.0,1,31,22,5,0,495.0,332.0,268.0,352.0,337.0,418.8571428571428,347.5,336.2142857142857,67.18489059163093,93.8589367082317,75.89288608776198
2022-06-01,585,1896,1561,798,37.89,38.41,18.0,100.0,0,Summer,40.0,60.0,0.0,0.0,2,1,22,6,0,556.0,333.0,210.0,429.0,353.0,450.8571428571428,368.07142857142856,344.0357142857143,72.08658814561905,105.88488981016012,86.51802729847063
2022-06-02,595,1574,521,713,42.19,43.3,5.0,0.0,0,Summer,40.0,20.0,0.0,40.0,3,2,22,6,0,585.0,470.0,379.0,372.0,327.0,486.8571428571428,394.8571428571428,352.32142857142856,66.09444901408986,110.16690634100212,97.78398474166175
2022-06-03,796,2011,1269,767,37.11,36.88,20.0,100.0,0,Summer,20.0,20.0,0.0,60.0,4,3,22,6,0,595.0,403.0,262.0,291.0,256.0,504.7142857142857,410.2857142857143,361.8928571428572,76.79998759920498,122.23900206715336,107.81545937583884
2022-06-04,464,1379,1847,783,36.09,37.46,16.0,100.0,0,Summer,40.0,40.0,0.0,20.0,5,4,22,6,1,796.0,478.0,263.0,280.0,326.0,560.8571428571429,448.4285714285714,381.1785714285714,120.98681549577827,152.08029978408612,133.42692647660965
2022-06-05,414,1823,0,601,38.8,38.53,4.0,0.0,0,Summer,60.0,40.0,0.0,0.0,6,5,22,6,1,464.0,421.0,295.0,391.0,283.0,558.8571428571429,462.7857142857143,386.1071428571428,122.688533247717,142.40850156743187,133.8612712739941
2022-06-06,698,2242,355,656,39.3,39.97,6.0,0.0,0,Summer,20.0,80.0,0.0,0.0,0,6,23,6,0,414.0,495.0,256.0,232.0,320.0,557.8571428571429,471.2857142857143,390.7857142857143,124.02073559345963,134.98115456578384,132.40548191148105
2022-06-07,328,2501,0,454,34.63,38.83,5.0,0.0,0,Summer,0.0,100.0,0.0,0.0,1,7,23,6,0,698.0,556.0,332.0,268.0,352.0,586.8571428571429,502.8571428571428,404.2857142857143,130.44082767220357,132.4199945063241,143.70877370644962
2022-06-08,877,4375,860,896,41.06,47.33,19.0,100.0,0,Summer,20.0,40.0,0.0,40.0,2,8,23,6,0,328.0,585.0,333.0,210.0,429.0,554.2857142857143,502.57142857142856,403.4285714285714,163.66501793369915,132.82070869913554,144.10321110140242
2022-06-09,611,3498,0,635,36.42,38.27,7.0,0.0,0,Summer,80.0,20.0,0.0,0.0,3,9,23,6,0,877.0,595.0,470.0,379.0,372.0,596.0,541.4285714285714,419.4285714285714,204.83245185598236,156.80498141896572,169.65355299058123
2022-06-10,522,3411,0,672,38.83,37.58,6.0,0.0,0,Summer,40.0,40.0,0.0,20.0,4,10,23,6,0,611.0,796.0,403.0,262.0,291.0,598.2857142857143,551.5,427.9642857142857,204.90869046619625,156.39188942180817,173.15513963192748
2022-06-11,549,3225,1246,666,39.52,37.1,6.0,0.0,0,Summer,0.0,20.0,0.0,80.0,5,11,23,6,1,522.0,464.0,478.0,263.0,280.0,559.1428571428571,560.0,436.2142857142857,186.1580229907094,150.83511119507543,171.88612878833823
2022-06-12,513,2676,626,665,40.77,40.19,5.0,0.0,0,Summer,40.0,20.0,0.0,40.0,6,12,23,6,1,549.0,414.0,421.0,295.0,391.0,571.2857142857143,565.0714285714286,445.82142857142856,181.63490329569936,149.0490184137752,170.34215101582564
2022-06-13,394,2163,0,480,37.41,35.9,4.0,0.0,0,Summer,20.0,60.0,0.0,20.0,0,13,24,6,0,513.0,698.0,495.0,256.0,232.0,585.4285714285714,571.6428571428571,450.1785714285714,170.88286157760922,144.15622249322607,170.44822252181598
2022-06-14,635,2090,0,745,39.74,37.82,5.0,0.0,0,Summer,0.0,40.0,0.0,60.0,1,14,24,6,0,394.0,328.0,556.0,332.0,268.0,542.0,564.4285714285714,455.9642857142857,176.0568090134544,150.6670880735784,165.4440673399604
2022-06-15,541,3006,1328,695,39.63,42.31,5.0,0.0,0,Summer,20.0,60.0,0.0,20.0,2,15,24,6,0,635.0,877.0,585.0,333.0,210.0,585.8571428571429,570.0714285714286,469.07142857142856,150.20256164196903,151.80223180973854,164.53636963059833
2022-06-16,421,2465,0,578,36.99,35.17,5.0,0.0,0,Summer,20.0,80.0,0.0,0.0,3,16,24,6,0,541.0,611.0,595.0,470.0,379.0,537.8571428571429,566.9285714285714,480.8928571428572,77.97954554759528,151.92481150769402,156.94923436994566
2022-06-17,512,2277,626,616,37.97,38.38,5.0,0.0,0,Summer,20.0,40.0,0.0,40.0,4,17,24,6,0,421.0,522.0,796.0,403.0,262.0,510.7142857142857,554.5,482.3928571428572,81.27466658542117,156.50006144014523,156.13795877144074
2022-06-18,466,2058,673,528,36.7,36.85,6.0,0.0,0,Summer,60.0,40.0,0.0,0.0,5,18,24,6,1,512.0,549.0,464.0,478.0,263.0,509.2857142857143,534.2142857142857,491.32142857142856,81.1309934318448,140.36281480584438,150.09948640853435
2022-06-19,700,2394,926,754,38.88,42.59,15.0,100.0,0,Summer,60.0,40.0,0.0,0.0,6,19,24,6,1,466.0,513.0,414.0,421.0,295.0,497.4285714285714,534.3571428571429,498.57142857142856,80.42150861317506,140.28685290825038,143.4166240096594
2022-06-20,447,1868,1035,646,31.97,31.24,19.0,100.0,0,Summer,100.0,0.0,0.0,0.0,0,20,25,6,0,700.0,394.0,698.0,495.0,256.0,524.1428571428571,554.7857142857143,513.0357142857143,111.50699316100976,142.22256586687726,142.54550466244413
2022-06-21,714,2404,622,940,42.41,48.84,16.0,100.0,0,Summer,60.0,0.0,0.0,40.0,1,21,25,6,0,447.0,635.0,328.0,556.0,332.0,531.7142857142857,536.8571428571429,519.8571428571429,102.64455544209213,138.55343714630445,134.11015767470553
2022-06-22,495,2758,0,665,43.47,40.09,7.0,0.0,0,Summer,40.0,20.0,0.0,40.0,2,22,25,6,0,714.0,541.0,877.0,585.0,333.0,543.0,564.4285714285714,533.5,118.9425631695118,132.04819300060598,133.72151825508283
2022-06-23,481,2885,1171,726,38.63,37.9,6.0,0.0,0,Summer,20.0,60.0,0.0,20.0,3,23,25,6,0,495.0,421.0,611.0,595.0,470.0,536.4285714285714,537.1428571428571,539.2857142857143,120.33405882910158,97.41809746800487,128.11217802664262
2022-06-24,333,3439,471,480,31.04,34.5,11.0,100.0,0,Summer,0.0,40.0,0.0,60.0,4,24,25,6,0,481.0,512.0,522.0,796.0,403.0,545.0,527.8571428571429,539.6785714285714,112.63214461245056,96.02231883414235,127.90854764575576
2022-06-25,430,3106,0,499,33.56,32.37,8.0,0.0,0,Summer,60.0,40.0,0.0,0.0,5,25,25,6,1,333.0,466.0,549.0,464.0,478.0,519.4285714285714,514.3571428571429,537.1785714285714,138.68051670759544,109.2798856450416,131.3175550509157
2022-06-26,384,3145,0,542,30.03,28.09,21.0,100.0,0,Summer,20.0,20.0,0.0,60.0,6,26,25,6,1,430.0,700.0,513.0,414.0,421.0,514.2857142857143,505.8571428571428,535.4642857142857,141.62828611746798,110.99262424757146,132.4273335729776
2022-06-27,635,3463,1057,737,36.23,37.13,16.0,100.0,0,Summer,20.0,40.0,0.0,40.0,0,27,26,6,0,384.0,447.0,394.0,698.0,495.0,469.1428571428572,496.6428571428572,534.1428571428571,121.49818732725778,115.61248744295398,133.78941836187371
2022-06-28,464,3299,0,546,37.44,35.5,7.0,0.0,0,Summer,60.0,0.0,0.0,40.0,1,28,26,6,0,635.0,714.0,635.0,328.0,556.0,496.0,513.8571428571429,539.1428571428571,135.73258022056922,117.08633050535296,134.88395953441815
2022-06-29,216,3179,0,257,29.39,29.55,5.0,0.0,1,Summer,40.0,40.0,0.0,20.0,2,29,26,6,0,464.0,495.0,541.0,877.0,585.0,460.2857142857143,501.6428571428572,535.8571428571429,95.83964782509368,112.29809721167398,135.57687836460153
2022-06-30,202,2963,0,230,29.36,31.61,3.0,0.0,1,Summer,0.0,80.0,0.0,20.0,3,30,26,6,0,216.0,481.0,421.0,611.0,595.0,420.4285714285714,478.4285714285714,522.6785714285714,130.67881381827823,134.86158960819154,147.98900198661624
2022-07-01,251,3474,0,248,30.71,32.05,7.0,0.0,1,Summer,40.0,40.0,0.0,20.0,4,1,26,7,0,202.0,333.0,512.0,522.0,796.0,380.57142857142856,462.7857142857143,508.6428571428572,150.21302334002928,153.45466811027637,159.09564192781414
2022-07-02,332,3223,0,309,26.48,27.06,18.0,100.0,1,Summer,20.0,80.0,0.0,0.0,5,2,26,7,1,251.0,430.0,466.0,549.0,464.0,368.8571428571428,444.1428571428572,489.1785714285714,157.55890810680717,162.59759537575547,155.94468477314211
2022-07-03,261,2891,141,290,26.33,25.91,17.0,100.0,1,Summer,20.0,20.0,0.0,60.0,6,3,26,7,1,332.0,384.0,700.0,513.0,414.0,354.85714285714283,434.57142857142856,484.4642857142857,155.56180826435502,165.13617424403387,158.70482317645815
2022-07-04,472,2630,1132,474,35.38,34.9,7.0,0.0,1,Summer,20.0,20.0,0.0,60.0,0,4,27,7,0,261.0,635.0,447.0,394.0,698.0,337.2857142857143,403.2142857142857,479.0,158.6376524092074,152.01678984771462,163.7737825534105
2022-07-05,415,2299,0,513,31.18,33.87,19.0,100.0,1,Summer,20.0,60.0,0.0,20.0,1,5,27,7,0,472.0,464.0,714.0,635.0,328.0,314.0,405.0,470.9285714285714,113.0737222641334,152.71592531937748,158.04990505145017
2022-07-06,467,2098,0,494,29.8,31.18,17.0,100.0,1,Summer,0.0,80.0,0.0,20.0,2,6,27,7,0,415.0,216.0,495.0,541.0,877.0,307.0,383.6428571428572,474.0357142857143,103.33763431909196,124.47465428929443,155.97755824877058
2022-07-07,430,1631,259,426,34.66,35.5,5.0,0.0,1,Summer,40.0,20.0,0.0,40.0,3,7,27,7,0,467.0,202.0,481.0,421.0,611.0,342.85714285714283,381.6428571428572,459.3928571428572,109.84144416905032,122.76093536930657,134.51540990773296
2022-07-08,309,2119,807,409,32.64,34.59,4.0,0.0,1,Summer,40.0,0.0,0.0,60.0,4,8,27,7,0,430.0,251.0,333.0,512.0,522.0,375.4285714285714,378.0,452.9285714285714,93.7351893062872,120.31816794840812,131.26984606821324
2022-07-09,473,2069,1017,564,33.37,31.83,19.0,100.0,1,Summer,40.0,60.0,0.0,0.0,5,9,27,7,1,309.0,332.0,430.0,466.0,549.0,383.7142857142857,376.2857142857143,445.32142857142856,82.83259077946249,121.17655813629152,133.27528002052807
2022-07-10,254,1596,0,334,33.9,32.12,3.0,0.0,1,Summer,80.0,0.0,0.0,20.0,6,10,27,7,1,473.0,261.0,384.0,700.0,513.0,403.8571428571428,379.3571428571428,442.6071428571428,85.26904200124069,123.17130481435248,131.8518639275301
2022-07-11,401,1726,0,423,34.85,34.57,6.0,0.0,1,Summer,60.0,20.0,0.0,20.0,0,11,28,7,0,254.0,472.0,635.0,447.0,394.0,402.8571428571428,370.07142857142856,433.3571428571428,87.24186413152049,127.6144821090296,135.75774018877857
2022-07-12,292,2132,0,348,33.72,34.96,4.0,0.0,1,Summer,40.0,20.0,0.0,40.0,1,12,28,7,0,401.0,415.0,464.0,714.0,635.0,392.7142857142857,353.35714285714283,433.6071428571428,81.82239767878092,103.24325803494438,135.68900697461274
2022-07-13,557,2473,1460,648,33.86,33.17,19.0,100.0,1,Summer,0.0,20.0,0.0,80.0,2,13,28,7,0,292.0,467.0,216.0,495.0,541.0,375.1428571428572,341.07142857142856,421.3571428571428,89.12057108477244,99.21961986942264,132.2739061318827
2022-07-14,307,1916,0,316,31.91,32.14,6.0,0.0,1,Summer,60.0,20.0,0.0,20.0,3,14,28,7,0,557.0,430.0,202.0,481.0,421.0,388.0,365.4285714285714,421.9285714285714,108.88219934099943,107.65165637777667,132.8432461298952
2022-07-15,400,1779,0,372,32.28,31.22,4.0,0.0,1,Summer,20.0,60.0,0.0,20.0,4,15,28,7,0,307.0,309.0,251.0,333.0,512.0,370.4285714285714,372.9285714285714,417.8571428571428,110.88110320347118,98.6730921826154,134.6079944479972
2022-07-16,381,1379,203,406,35.33,32.41,6.0,0.0,1,Summer,40.0,20.0,0.0,40.0,5,16,28,7,1,400.0,473.0,332.0,430.0,466.0,383.4285714285714,383.57142857142856,413.8571428571428,107.76959550024075,92.34276806110276,133.3651946059203
2022-07-17,288,2288,307,459,38.88,38.49,4.0,0.0,1,Summer,60.0,20.0,0.0,20.0,6,17,28,7,1,381.0,254.0,261.0,384.0,700.0,370.2857142857143,387.07142857142856,410.82142857142856,100.38212703749214,91.1587493464966,133.10147996267295
2022-07-18,362,2203,0,357,29.38,31.44,8.0,0.0,1,Summer,40.0,40.0,0.0,20.0,0,18,29,7,0,288.0,401.0,472.0,635.0,447.0,375.1428571428572,389.0,396.1071428571428,94.46591726019132,88.53421763537253,122.28241122597288
2022-07-19,366,2148,136,395,33.91,37.96,5.0,0.0,1,Summer,40.0,60.0,0.0,0.0,1,19,29,7,0,362.0,292.0,415.0,464.0,714.0,369.57142857142856,381.1428571428572,393.07142857142856,93.83470776291767,85.42820390232858,122.02699415124157
2022-07-20,285,1782,864,330,30.91,34.23,8.0,0.0,1,Summer,0.0,80.0,0.0,20.0,2,20,29,7,0,366.0,557.0,467.0,216.0,495.0,380.1428571428572,377.6428571428572,380.6428571428572,87.60028266968845,84.93672499423943,104.60833982959764
2022-07-21,443,1497,725,459,36.26,35.62,3.0,0.0,1,Summer,40.0,60.0,0.0,0.0,3,21,29,7,0,285.0,307.0,430.0,202.0,481.0,341.2857142857143,364.6428571428572,373.1428571428572,46.98834708632033,84.13231990589017,103.62922306480776
2022-07-22,399,1190,0,454,29.78,32.62,15.0,100.0,1,Summer,40.0,20.0,0.0,40.0,4,22,29,7,0,443.0,400.0,309.0,251.0,333.0,360.7142857142857,365.57142857142856,371.7857142857143,57.40997092757088,84.97666130787181,102.40600284157772
2022-07-23,281,959,922,438,35.42,36.32,4.0,0.0,1,Summer,20.0,0.0,0.0,80.0,5,23,29,7,1,399.0,381.0,473.0,332.0,430.0,360.57142857142856,372.0,374.1428571428572,57.29705385927056,83.76340306068928,102.23962929775134
2022-07-24,241,1542,595,392,29.17,27.95,16.0,100.0,1,Summer,20.0,80.0,0.0,0.0,6,24,29,7,1,281.0,288.0,254.0,261.0,384.0,346.2857142857143,358.2857142857143,368.82142857142856,63.48678152632389,81.64597928903612,103.09867749678996
2022-07-25,642,2076,596,689,37.34,34.45,16.0,100.0,0,Summer,20.0,60.0,0.0,20.0,0,25,30,7,0,241.0,362.0,401.0,472.0,635.0,339.57142857142856,357.35714285714283,363.7142857142857,72.5209329386037,82.98619638957175,105.82475280801796
2022-07-26,538,1434,2100,845,38.79,40.53,4.0,0.0,0,Summer,0.0,20.0,0.0,80.0,1,26,30,7,0,642.0,366.0,292.0,415.0,464.0,379.57142857142856,374.57142857142856,363.9642857142857,136.20799920569587,112.48775269110104,106.49551621333536
2022-07-27,375,1968,0,588,35.81,41.35,7.0,0.0,0,Summer,40.0,60.0,0.0,0.0,2,27,30,7,0,538.0,285.0,557.0,467.0,216.0,404.1428571428572,392.1428571428572,366.6071428571428,148.3266986210148,117.6905049061086,109.93275361538126
2022-07-28,725,2416,1566,861,37.81,37.83,20.0,100.0,0,Summer,0.0,20.0,0.0,80.0,3,28,30,7,0,375.0,443.0,307.0,430.0,202.0,417.0,379.1428571428572,372.2857142857143,139.94165450882204,107.70819349081458,105.89752458998048
2022-07-29,579,2103,0,584,38.66,40.93,5.0,0.0,0,Summer,20.0,80.0,0.0,0.0,4,29,30,7,0,725.0,399.0,400.0,309.0,251.0,457.2857142857143,409.0,390.9642857142857,182.7244868517572,139.43457247038785,119.9424189452326
2022-07-30,563,3709,0,585,37.04,37.67,5.0,0.0,0,Summer,20.0,40.0,0.0,40.0,5,30,30,7,1,579.0,281.0,381.0,473.0,332.0,483.0,421.7857142857143,402.6785714285714,185.7946895545365,146.57010849179505,121.76968350170604
2022-07-31,607,3146,399,650,38.34,39.23,6.0,0.0,0,Summer,20.0,20.0,0.0,60.0,6,31,30,7,1,563.0,241.0,288.0,254.0,261.0,523.2857142857143,434.7857142857143,410.9285714285714,163.98853037709094,150.6877456971753,124.59621555736264
2022-08-01,601,3608,1028,687,42.35,44.82,1.0,0.0,0,Summer,0.0,60.0,0.0,40.0,0,1,31,8,0,607.0,642.0,362.0,401.0,472.0,575.5714285714286,457.57142857142856,423.2857142857143,107.6566411372398,150.902777812896,126.3217107356232
2022-08-02,692,3007,0,845,37.97,40.89,16.0,100.0,0,Summer,40.0,40.0,0.0,20.0,1,2,31,8,0,601.0,538.0,366.0,292.0,415.0,569.7142857142857,474.6428571428572,427.8928571428572,104.509511984499,152.76659277516072,130.44917820836574
2022-08-03,546,3082,342,626,42.6,40.81,6.0,0.0,0,Summer,40.0,20.0,0.0,40.0,2,3,31,8,0,692.0,375.0,285.0,557.0,467.0,591.7142857142857,497.9285714285714,437.7857142857143,112.61544341358412,159.62430135295045,139.61650044234412
2022-08-04,433,2536,0,631,41.52,43.85,1.0,0.0,0,Summer,20.0,40.0,0.0,40.0,3,4,31,8,0,546.0,725.0,443.0,307.0,430.0,616.1428571428571,516.5714285714286,440.6071428571428,67.13277533224465,147.6340143659386,141.01991960311
2022-08-05,704,3105,1292,761,37.48,37.47,17.0,100.0,0,Summer,80.0,20.0,0.0,0.0,4,5,31,8,0,433.0,579.0,399.0,400.0,309.0,574.4285714285714,515.8571428571429,440.7142857142857,78.05096015394324,148.04098036736937,141.01270159309018
2022-08-06,530,2401,823,575,36.71,38.93,6.0,0.0,0,Summer,20.0,20.0,0.0,60.0,5,6,31,8,1,704.0,563.0,281.0,381.0,473.0,592.2857142857143,537.6428571428571,454.82142857142856,92.27443540099014,151.91273159935616,146.9797299129744
2022-08-07,429,1871,1084,596,40.18,39.63,7.0,0.0,0,Summer,60.0,40.0,0.0,0.0,6,7,31,8,1,530.0,607.0,241.0,288.0,254.0,587.5714285714286,555.4285714285714,456.8571428571428,94.8276632332875,132.9463247883344,147.63411085460768
2022-08-08,596,2074,0,581,39.13,37.71,3.0,0.0,0,Summer,20.0,80.0,0.0,0.0,0,8,32,8,0,429.0,601.0,642.0,362.0,401.0,562.1428571428571,568.8571428571429,463.1071428571428,111.20166151550778,105.38052450550332,142.33745486765233
2022-08-09,725,2830,0,739,43.09,43.68,3.0,0.0,0,Summer,0.0,40.0,0.0,60.0,1,9,32,8,0,596.0,692.0,538.0,366.0,292.0,561.4285714285714,565.5714285714286,470.07142857142856,110.92618738431015,103.62707864535922,143.94750292340436
2022-08-10,482,2703,1193,626,32.47,32.82,22.0,100.0,0,Summer,20.0,60.0,0.0,20.0,2,10,32,8,0,725.0,546.0,375.0,285.0,557.0,566.1428571428571,578.9285714285714,485.5357142857143,117.8833159971174,111.54886082631415,147.3276726270155
2022-08-11,480,2838,0,484,37.18,39.44,1.0,0.0,0,Summer,80.0,20.0,0.0,0.0,3,11,32,8,0,482.0,433.0,725.0,443.0,307.0,557.0,586.5714285714286,482.8571428571428,122.11197047518874,99.5186215939314,146.66053378230998
2022-08-12,587,2742,1219,653,40.55,42.06,5.0,0.0,0,Summer,60.0,20.0,0.0,20.0,4,12,32,8,0,480.0,704.0,579.0,399.0,400.0,563.7142857142857,569.0714285714286,489.0357142857143,115.25726916441384,94.72995163233108,142.56447070318129
2022-08-13,673,2155,617,720,40.49,41.81,5.0,0.0,0,Summer,60.0,40.0,0.0,0.0,5,13,32,8,1,587.0,530.0,563.0,281.0,381.0,547.0,569.6428571428571,495.7142857142857,98.83656543337943,94.818536927412,142.61911386701144
2022-08-14,579,2291,486,653,40.69,43.38,4.0,0.0,0,Summer,20.0,20.0,0.0,60.0,6,14,32,8,1,673.0,429.0,607.0,241.0,288.0,567.4285714285714,577.5,506.1428571428572,108.9936651719681,98.70371359236252,144.58259571652087
2022-08-15,568,2139,0,815,38.04,36.87,17.0,100.0,0,Summer,60.0,40.0,0.0,0.0,0,15,33,8,0,579.0,596.0,601.0,642.0,362.0,588.8571428571429,575.5,516.5357142857143,90.40174882421384,98.34300256676224,138.65878239948557
2022-08-16,732,2849,1223,819,34.23,36.28,20.0,100.0,0,Summer,40.0,40.0,0.0,20.0,1,16,33,8,0,568.0,725.0,692.0,538.0,366.0,584.8571428571429,573.1428571428571,523.8928571428571,90.65213468975554,98.07991807536536,135.5866100910366
2022-08-17,641,2734,836,772,38.84,41.62,5.0,0.0,0,Summer,80.0,0.0,0.0,20.0,2,17,33,8,0,732.0,482.0,546.0,375.0,285.0,585.8571428571429,576.0,536.9642857142857,92.47599431100798,102.30046243974007,137.43078585044498
2022-08-18,519,2093,291,601,37.74,35.8,9.0,0.0,0,Summer,0.0,20.0,0.0,80.0,3,18,33,8,0,641.0,480.0,433.0,725.0,443.0,608.5714285714286,582.7857142857143,549.6785714285714,81.6024042596323,103.303271652286,129.49561799290765
2022-08-19,632,2078,682,706,35.7,38.83,21.0,100.0,0,Summer,40.0,60.0,0.0,0.0,4,19,33,8,0,519.0,587.0,704.0,579.0,399.0,614.1428571428571,588.9285714285714,552.3928571428571,72.14436584938288,96.01078808431632,127.96421354070024
2022-08-20,523,2456,340,641,38.32,41.16,7.0,0.0,0,Summer,40.0,40.0,0.0,20.0,5,20,33,8,1,632.0,673.0,530.0,563.0,281.0,620.5714285714286,583.7857142857143,560.7142857142857,71.3228741775909,91.17960177704136,125.16503391237389
2022-08-21,702,2769,1194,850,35.83,35.87,17.0,100.0,0,Summer,40.0,20.0,0.0,40.0,6,21,33,8,1,523.0,579.0,429.0,607.0,241.0,599.1428571428571,583.2857142857143,569.3571428571429,75.3645110367578,91.51580659723716,112.888084299095
2022-08-22,549,2407,0,586,34.26,34.73,16.0,100.0,0,Summer,0.0,60.0,0.0,40.0,0,22,34,8,0,702.0,568.0,596.0,601.0,642.0,616.7142857142857,602.7857142857143,585.8214285714286,83.75701818497467,84.96259681261479,95.50375349281803
2022-08-23,560,2540,1159,711,34.45,35.56,19.0,100.0,0,Summer,60.0,0.0,0.0,40.0,1,23,34,8,0,549.0,732.0,725.0,692.0,538.0,614.0,599.4285714285714,582.5,85.87976090635915,86.17130906220808,95.09391069806662
2022-08-24,576,2387,369,713,42.93,41.44,4.0,0.0,0,Summer,40.0,40.0,0.0,20.0,2,24,34,8,0,560.0,641.0,482.0,546.0,375.0,589.4285714285714,587.6428571428571,583.2857142857143,69.5434088486161,78.62922449735218,94.8030539994312
2022-08-25,589,2855,652,702,39.96,38.46,3.0,0.0,0,Summer,20.0,20.0,0.0,60.0,3,25,34,8,0,576.0,519.0,480.0,433.0,725.0,580.1428571428571,594.3571428571429,590.4642857142857,65.74554122125882,72.70446726604654,85.6117342869485
2022-08-26,605,2635,252,729,40.65,39.34,5.0,0.0,0,Summer,40.0,60.0,0.0,0.0,4,26,34,8,0,589.0,632.0,587.0,704.0,579.0,590.1428571428571,602.1428571428571,585.6071428571429,59.9650691970716,64.93767087678138,81.45316276773877
2022-08-27,723,2932,400,829,38.22,42.48,21.0,100.0,0,Summer,40.0,20.0,0.0,40.0,5,27,34,8,1,605.0,523.0,673.0,530.0,563.0,586.2857142857143,603.4285714285714,586.5357142857143,57.64753329708178,64.79282282868971,81.52322193268452
2022-08-28,603,2209,0,639,35.29,38.34,7.0,0.0,0,Summer,40.0,20.0,0.0,40.0,6,28,34,8,1,723.0,702.0,579.0,429.0,607.0,614.8571428571429,607.0,592.25,69.41524465473177,70.08456430517522,85.3310004021379
2022-08-29,644,2910,1023,699,41.32,39.44,6.0,0.0,0,Summer,40.0,60.0,0.0,0.0,0,29,35,8,0,603.0,549.0,568.0,596.0,601.0,600.7142857142857,608.7142857142857,592.1071428571429,57.81785850327586,69.63910105396596,85.3087374647563
2022-08-30,716,2266,1104,811,44.45,41.57,3.0,0.0,0,Summer,80.0,0.0,0.0,20.0,1,30,35,8,0,644.0,560.0,732.0,725.0,692.0,614.2857142857143,614.1428571428571,593.6428571428571,54.72267746164751,69.1818752863202,85.86001280539055
2022-08-31,623,1550,449,589,38.95,38.0,5.0,0.0,0,Summer,40.0,40.0,0.0,20.0,2,31,35,8,0,716.0,576.0,641.0,482.0,546.0,636.5714285714286,613.0,594.5,60.40104067220864,67.18859793378475,86.99063380830376
2022-09-01,468,1567,359,540,35.19,36.57,6.0,0.0,0,Autumn,20.0,40.0,20.0,20.0,3,1,35,9,0,623.0,589.0,519.0,480.0,433.0,643.2857142857143,611.7142857142857,597.25,54.908148410822,66.78257323517998,86.61691948309392
2022-09-02,706,1832,1611,758,35.82,36.19,20.0,100.0,0,Autumn,0.0,0.0,20.0,80.0,4,2,35,9,0,468.0,605.0,632.0,587.0,704.0,626.0,608.0714285714286,598.5,85.416626016251,73.30176226836869,84.38250652479721
2022-09-03,554,1880,0,620,36.43,38.95,5.0,0.0,0,Autumn,0.0,20.0,20.0,60.0,5,3,35,9,1,706.0,723.0,523.0,673.0,530.0,640.4285714285714,613.3571428571429,598.5714285714286,89.70109093141402,77.6962598276705,84.47591310059886
2022-09-04,651,2488,1537,847,36.05,37.33,19.0,100.0,0,Autumn,60.0,0.0,20.0,20.0,6,4,35,9,1,554.0,603.0,702.0,579.0,429.0,616.2857142857143,615.5714285714286,599.4285714285714,86.45753155107336,75.32873012614562,83.8739921599455
2022-09-05,483,2414,0,542,37.43,35.38,5.0,0.0,0,Autumn,20.0,0.0,60.0,20.0,0,5,36,9,0,651.0,644.0,549.0,568.0,596.0,623.1428571428571,611.9285714285714,607.3571428571429,87.12907775522633,71.98660589701059,77.41050473538
2022-09-06,409,2944,0,455,32.07,35.05,5.0,0.0,0,Autumn,0.0,0.0,40.0,60.0,1,6,36,9,0,483.0,716.0,560.0,732.0,725.0,600.1428571428571,607.2142857142857,603.3214285714286,100.87191312324228,78.3082455344353,80.89181324296973
2022-09-07,630,2535,641,726,33.94,30.9,19.0,100.0,0,Autumn,20.0,20.0,20.0,40.0,2,7,36,9,0,409.0,623.0,576.0,641.0,482.0,556.2857142857143,596.4285714285714,592.0357142857143,108.5506245732292,94.11508036254564,85.21497092554395
2022-09-08,383,3109,0,439,34.95,38.73,4.0,0.0,0,Autumn,40.0,0.0,40.0,20.0,3,8,36,9,0,630.0,468.0,589.0,519.0,480.0,557.2857142857143,600.2857142857143,597.3214285714286,109.29732275726072,94.31977406790084,82.68953696695586
2022-09-09,530,2726,888,533,35.18,34.76,5.0,0.0,0,Autumn,60.0,0.0,20.0,20.0,4,9,36,9,0,383.0,706.0,605.0,632.0,587.0,545.1428571428571,585.5714285714286,593.8571428571429,124.53035583266266,110.8378679289395,89.5353082787537
2022-09-10,560,2196,0,667,35.44,33.28,19.0,100.0,0,Autumn,0.0,20.0,40.0,40.0,5,10,36,9,1,530.0,554.0,723.0,523.0,673.0,520.0,580.2142857142857,591.8214285714286,102.4499877989258,111.63620764403868,90.3413500220666
2022-09-11,502,2499,273,486,35.61,35.56,6.0,0.0,0,Autumn,80.0,0.0,0.0,20.0,6,11,36,9,1,560.0,651.0,603.0,702.0,579.0,520.8571428571429,568.5714285714286,587.7857142857143,102.80633665851003,103.82582625629448,89.0960185928673
2022-09-12,433,1997,1562,686,35.24,35.28,16.0,100.0,0,Autumn,20.0,20.0,60.0,0.0,0,12,37,9,0,502.0,483.0,644.0,549.0,568.0,499.57142857142856,561.3571428571429,585.0357142857143,85.30505483822412,104.75436994215596,90.55363957462816
2022-09-13,548,2503,0,523,36.16,34.69,8.0,0.0,0,Autumn,0.0,60.0,20.0,20.0,1,13,37,9,0,433.0,409.0,716.0,560.0,732.0,492.4285714285714,546.2857142857143,580.2142857142857,88.93978701506856,107.10198487813008,94.98005917144744
2022-09-14,435,1955,255,556,37.96,43.0,3.0,0.0,0,Autumn,20.0,60.0,20.0,0.0,2,14,37,9,0,548.0,630.0,623.0,576.0,641.0,512.2857142857143,534.2857142857143,573.6428571428571,82.49184663895461,95.39587845590424,90.34141590971127
2022-09-15,498,1918,373,693,41.23,39.09,5.0,0.0,0,Autumn,40.0,0.0,0.0,60.0,3,15,37,9,0,435.0,383.0,468.0,589.0,519.0,484.4285714285714,520.8571428571429,566.2857142857143,67.71719905326185,95.17906778832707,93.00173520597748
2022-09-16,844,2839,1933,823,34.5,37.0,20.0,100.0,0,Autumn,0.0,0.0,60.0,40.0,4,16,37,9,0,498.0,530.0,706.0,605.0,632.0,500.8571428571428,523.0,565.5357142857143,50.86068740991975,94.23048665577736,93.48063065083753
2022-09-17,531,2368,0,637,39.4,42.46,4.0,0.0,0,Autumn,80.0,20.0,0.0,0.0,5,17,37,9,1,844.0,560.0,554.0,723.0,523.0,545.7142857142857,532.8571428571429,573.1071428571429,140.43588606634046,118.84822715926867,106.71226084080789
2022-09-18,858,1837,877,893,38.23,43.19,15.0,100.0,0,Autumn,20.0,60.0,0.0,20.0,6,18,37,9,1,531.0,502.0,651.0,603.0,702.0,541.5714285714286,531.2142857142857,573.3928571428571,140.37195487092774,118.69234864292496,106.58376614827051
2022-09-19,474,1480,430,646,32.83,33.22,16.0,100.0,0,Autumn,0.0,20.0,20.0,60.0,0,19,38,9,0,858.0,433.0,483.0,644.0,549.0,592.4285714285714,546.0,578.9642857142857,181.97147866525435,144.78684598136255,117.11263402220555
2022-09-20,407,2438,243,442,35.45,39.1,2.0,0.0,0,Autumn,0.0,40.0,0.0,60.0,1,20,38,9,0,474.0,548.0,409.0,716.0,560.0,598.2857142857143,545.3571428571429,576.2857142857143,176.56416613204627,145.10770914306136,118.67067943991124
2022-09-21,530,2031,0,537,32.83,32.6,16.0,100.0,0,Autumn,0.0,80.0,0.0,20.0,2,21,38,9,0,407.0,435.0,630.0,623.0,576.0,578.1428571428571,545.2142857142857,570.8214285714286,190.7314242343832,145.25318933155668,122.89563581180296
2022-09-22,657,3051,369,698,37.36,38.11,16.0,100.0,0,Autumn,0.0,40.0,60.0,0.0,3,22,38,9,0,530.0,498.0,383.0,468.0,589.0,591.7142857142857,538.0714285714286,569.1785714285714,182.0299556718752,143.20746880271,123.1310814843808
2022-09-23,558,2394,1134,652,40.12,39.22,3.0,0.0,0,Autumn,20.0,20.0,0.0,60.0,4,23,38,9,0,657.0,844.0,530.0,706.0,605.0,614.4285714285714,557.6428571428571,571.6071428571429,178.26839048922588,139.04709060815856,124.20244504234752
2022-09-24,547,2205,0,615,39.04,36.2,2.0,0.0,0,Autumn,0.0,0.0,0.0,100.0,5,24,38,9,1,558.0,531.0,560.0,554.0,723.0,573.5714285714286,559.6428571428571,569.9285714285714,146.8977616607974,138.8200867436573,124.0519391137583
2022-09-25,393,1658,205,398,32.49,31.33,6.0,0.0,0,Autumn,20.0,20.0,60.0,0.0,6,25,38,9,1,547.0,858.0,502.0,651.0,603.0,575.8571428571429,558.7142857142857,563.6428571428571,146.24799550925903,138.8609866966733,120.4141662287765
2022-09-26,299,1265,1447,574,36.67,35.56,4.0,0.0,0,Autumn,0.0,40.0,0.0,60.0,0,26,39,9,0,393.0,474.0,433.0,483.0,644.0,509.4285714285714,550.9285714285714,556.1428571428571,92.44251753181057,145.19666466063012,124.34769481719064
2022-09-27,480,2100,678,574,37.26,35.71,5.0,0.0,0,Autumn,40.0,0.0,20.0,40.0,1,27,39,9,0,299.0,407.0,548.0,409.0,716.0,484.4285714285714,541.3571428571429,543.8214285714286,122.4225702813242,157.4667765412303,132.1665765927752
2022-09-28,406,1963,0,423,32.7,31.1,8.0,0.0,0,Autumn,20.0,80.0,0.0,0.0,2,28,39,9,0,480.0,530.0,435.0,630.0,623.0,494.8571428571428,536.5,535.3928571428571,117.74751033663615,158.29269383985147,128.2466776078829
2022-09-29,430,1790,0,476,33.44,33.87,5.0,0.0,0,Autumn,40.0,40.0,0.0,20.0,3,29,39,9,0,406.0,657.0,498.0,383.0,468.0,477.1428571428572,534.4285714285714,527.6428571428571,120.86552937242378,159.9046419135309,129.3087646439967
2022-09-30,584,3114,978,626,37.5,41.01,7.0,0.0,0,Autumn,40.0,60.0,0.0,0.0,4,30,39,9,0,430.0,558.0,844.0,530.0,706.0,444.7142857142857,529.5714285714286,526.2857142857143,91.43616039932708,162.1137844875603,130.15456826485791
2022-10-01,435,2530,283,518,36.55,37.03,5.0,0.0,0,Autumn,0.0,60.0,40.0,0.0,5,1,39,10,1,584.0,547.0,531.0,560.0,554.0,448.4285714285714,511.0,521.9285714285714,97.15427103814028,136.13341871967995,125.88764201738915
2022-10-02,444,2363,0,453,35.46,34.86,4.0,0.0,0,Autumn,0.0,40.0,0.0,60.0,6,2,39,10,1,435.0,393.0,858.0,502.0,651.0,432.4285714285714,504.1428571428572,517.6785714285714,86.89621614864724,137.45984428628165,126.77044099077123
2022-10-03,550,2202,1295,634,38.04,39.3,5.0,0.0,0,Autumn,0.0,0.0,80.0,20.0,0,3,40,10,0,444.0,299.0,474.0,433.0,483.0,439.7142857142857,474.57142857142856,510.2857142857143,85.16007336327357,92.73511847084784,124.72691863749432
2022-10-04,460,2362,1221,585,33.73,37.98,4.0,0.0,0,Autumn,20.0,40.0,20.0,20.0,1,4,40,10,0,550.0,480.0,407.0,548.0,409.0,475.57142857142856,480.0,512.6785714285714,66.92746606801849,94.89832615853824,124.82671057092536
2022-10-05,404,1902,0,459,32.67,33.96,6.0,0.0,0,Autumn,0.0,60.0,20.0,20.0,2,5,40,10,0,460.0,406.0,530.0,435.0,630.0,472.7142857142857,483.7857142857143,514.5,67.13348465486365,92.79603652960829,123.62413164882425
2022-10-06,488,1498,328,588,33.16,33.45,18.0,100.0,0,Autumn,20.0,0.0,60.0,20.0,3,6,40,10,0,404.0,430.0,657.0,498.0,383.0,472.4285714285714,474.7857142857143,506.4285714285714,67.46815827449592,94.07049612794776,123.18081517636224
2022-10-07,364,2716,0,415,35.41,32.68,3.0,0.0,0,Autumn,0.0,20.0,40.0,40.0,4,7,40,10,0,488.0,584.0,558.0,844.0,530.0,480.7142857142857,462.7142857142857,510.1785714285714,64.90175725847604,78.43314504568986,120.86051144816952
2022-10-08,647,3490,409,688,38.9,37.27,15.0,100.0,0,Autumn,0.0,40.0,20.0,40.0,5,8,40,10,1,364.0,435.0,547.0,531.0,560.0,449.2857142857143,448.8571428571428,504.25,59.60065515779285,77.43469421475,123.88573737894852
2022-10-09,606,2843,1322,625,37.08,38.21,7.0,0.0,0,Autumn,60.0,0.0,20.0,20.0,6,9,40,10,1,647.0,444.0,393.0,858.0,502.0,479.57142857142856,456.0,507.3571428571428,94.67463078505122,90.66591251571712,126.40124656139676
2022-10-10,465,2646,649,504,34.32,37.26,4.0,0.0,0,Autumn,20.0,40.0,20.0,20.0,0,10,41,10,0,606.0,550.0,299.0,474.0,433.0,502.7142857142857,471.2142857142857,511.07142857142856,103.88248855592308,96.93548891396276,127.75872183647932
2022-10-11,566,2181,0,668,41.12,42.43,2.0,0.0,0,Autumn,0.0,40.0,20.0,40.0,1,11,41,10,0,465.0,460.0,480.0,407.0,548.0,490.57142857142856,483.07142857142856,512.2142857142857,102.39117335470102,83.46668085641606,127.17627228694872
2022-10-12,510,2112,1043,632,32.33,35.63,18.0,100.0,0,Autumn,0.0,40.0,0.0,60.0,2,12,41,10,0,566.0,404.0,406.0,530.0,435.0,505.7142857142857,489.2142857142857,512.8571428571429,104.9233280157698,86.33849179152463,127.40914389120525
2022-10-13,447,2427,0,567,38.61,40.8,4.0,0.0,0,Autumn,80.0,20.0,0.0,0.0,3,13,41,10,0,510.0,488.0,430.0,657.0,498.0,520.8571428571429,496.6428571428572,515.5357142857143,94.9744326497554,83.0390150590554,126.49681071747628
2022-10-14,524,2889,194,582,29.46,28.74,25.0,100.0,0,Autumn,0.0,60.0,40.0,0.0,4,14,41,10,0,447.0,364.0,584.0,558.0,844.0,515.0,497.8571428571428,513.7142857142857,98.53594944655174,82.10861206855334,127.12427781734654
2022-10-15,342,2365,0,462,32.49,33.34,6.0,0.0,0,Autumn,0.0,20.0,0.0,80.0,5,15,41,10,1,524.0,647.0,435.0,547.0,531.0,537.8571428571429,493.57142857142856,502.2857142857143,72.8913085157821,78.76421901982017,109.49305986559165
2022-10-16,553,3000,277,594,38.52,37.56,4.0,0.0,0,Autumn,40.0,0.0,40.0,20.0,6,16,41,10,1,342.0,606.0,444.0,393.0,858.0,494.2857142857143,486.9285714285714,495.5357142857143,86.638548552236,87.51919726614207,113.41287474854882
2022-10-17,493,2447,746,541,35.77,36.06,6.0,0.0,0,Autumn,40.0,20.0,40.0,0.0,0,17,42,10,0,553.0,465.0,550.0,299.0,474.0,486.7142857142857,494.7142857142857,484.6428571428572,77.03184251921292,88.25176273805319,89.41920180136643
2022-10-18,766,1954,1433,819,36.82,36.62,19.0,100.0,0,Autumn,0.0,20.0,60.0,20.0,1,18,42,10,0,493.0,566.0,460.0,480.0,407.0,490.7142857142857,490.6428571428572,485.32142857142856,76.44107596860574,86.80801730331059,89.40753699748984
2022-10-19,465,1743,0,463,28.37,32.42,21.0,100.0,0,Autumn,0.0,60.0,20.0,20.0,2,19,42,10,0,766.0,510.0,404.0,406.0,530.0,519.2857142857143,512.5,498.1428571428572,128.7500346740594,113.05461580071012,102.53697229697468
2022-10-20,524,1688,0,549,36.93,37.55,4.0,0.0,0,Autumn,20.0,40.0,40.0,0.0,3,20,42,10,0,465.0,447.0,488.0,430.0,657.0,512.8571428571429,516.8571428571429,495.82142857142856,130.4037685695583,109.67634703481475,102.52481310193726
2022-10-21,314,1903,0,336,31.03,30.16,4.0,0.0,0,Autumn,40.0,40.0,20.0,0.0,4,21,42,10,0,524.0,524.0,364.0,584.0,558.0,523.8571428571429,519.4285714285714,491.07142857142856,127.1291057303936,109.36932088866774,97.75060047989346
2022-10-22,352,2341,519,405,32.0,33.36,8.0,0.0,0,Autumn,60.0,40.0,0.0,0.0,5,22,42,10,1,314.0,342.0,647.0,435.0,547.0,493.8571428571428,515.8571428571429,482.3571428571428,149.8392789752059,115.48083899861568,102.33178221253398
2022-10-23,876,1989,1778,878,40.42,39.13,18.0,100.0,0,Autumn,20.0,40.0,0.0,40.0,6,23,42,10,1,352.0,553.0,606.0,444.0,393.0,495.2857142857143,494.7857142857143,475.3928571428572,148.18874708257988,116.61915568433636,104.38438200396185
2022-10-24,379,1113,401,593,32.26,36.18,13.0,100.0,0,Autumn,40.0,0.0,0.0,60.0,0,24,43,10,0,876.0,493.0,465.0,550.0,299.0,541.4285714285714,514.0714285714286,492.6428571428572,207.55228830574828,153.05829170398013,127.59316546357697
2022-10-25,366,1321,0,540,38.12,36.05,6.0,0.0,0,Autumn,20.0,60.0,0.0,20.0,1,25,43,10,0,379.0,766.0,566.0,460.0,480.0,525.1428571428571,507.9285714285714,495.5,216.27484718249045,156.85783091984644,123.93980020184772
2022-10-26,287,1741,0,551,28.65,31.05,18.0,100.0,0,Autumn,0.0,40.0,60.0,0.0,2,26,43,10,0,366.0,465.0,510.0,404.0,406.0,468.0,493.6428571428572,491.4285714285714,193.6947770763753,160.23329488969762,126.31748026344444
2022-10-27,376,2378,579,407,31.35,30.49,4.0,0.0,0,Autumn,60.0,40.0,0.0,0.0,3,27,43,10,0,287.0,524.0,447.0,488.0,430.0,442.57142857142856,477.7142857142857,487.1785714285714,205.47981015406947,169.30919761077482,131.20553668631024
2022-10-28,584,2403,1351,778,39.78,42.08,17.0,100.0,0,Autumn,0.0,60.0,0.0,40.0,4,28,43,10,0,376.0,314.0,524.0,364.0,584.0,421.4285714285714,472.6428571428572,485.25,203.30753154015815,171.35101496539298,132.4679206449616
2022-10-29,445,1819,657,566,37.97,39.2,2.0,0.0,0,Autumn,0.0,20.0,20.0,60.0,5,29,43,10,1,584.0,352.0,342.0,647.0,435.0,460.0,476.9285714285714,485.25,205.13329000107888,173.47155133012188,132.4679206449616
2022-10-30,524,1840,0,578,39.05,36.71,7.0,0.0,0,Autumn,40.0,0.0,60.0,0.0,6,30,43,10,1,445.0,876.0,553.0,606.0,444.0,473.2857142857143,484.2857142857143,485.6071428571428,199.9180784602487,169.44635119726226,132.3408448150043
2022-10-31,400,2270,0,487,37.13,39.25,5.0,0.0,0,Autumn,20.0,0.0,60.0,20.0,0,31,44,10,0,524.0,379.0,493.0,465.0,550.0,423.0,482.2142857142857,488.4642857142857,102.05880657738476,168.71741443628733,132.27286111806774
2022-11-01,527,2380,0,592,36.0,35.85,6.0,0.0,0,Autumn,40.0,20.0,20.0,20.0,1,1,44,11,0,400.0,366.0,766.0,566.0,460.0,426.0,475.57142857142856,483.1071428571428,100.85137579626785,170.0853696442847,132.7250958116094
2022-11-02,492,2510,866,493,36.85,36.95,6.0,0.0,0,Autumn,0.0,20.0,40.0,40.0,2,2,44,11,0,527.0,287.0,465.0,510.0,404.0,449.0,458.5,485.5,103.21821544669356,149.43315974297414,132.89692469200497
2022-11-03,428,2018,290,422,36.55,38.35,2.0,0.0,0,Autumn,0.0,20.0,80.0,0.0,3,3,44,11,0,492.0,376.0,524.0,447.0,488.0,478.2857142857143,460.4285714285714,488.6428571428572,74.75005972286239,149.6974971712642,131.9352294192291
2022-11-04,608,1838,1818,639,38.53,37.99,4.0,0.0,0,Autumn,40.0,20.0,0.0,40.0,4,4,44,11,0,428.0,584.0,314.0,524.0,364.0,485.7142857142857,453.57142857142856,486.5,64.81438699783274,148.7572696533694,132.43237267878715
2022-11-05,498,1402,0,546,36.65,42.13,4.0,0.0,0,Autumn,40.0,0.0,20.0,40.0,5,5,44,11,1,608.0,445.0,352.0,342.0,647.0,489.1428571428572,474.57142857142856,495.2142857142857,71.20025414614936,148.2895889730705,132.10051087541197
2022-11-06,460,1554,943,696,35.05,34.03,16.0,100.0,0,Autumn,20.0,40.0,20.0,20.0,6,6,44,11,1,498.0,524.0,876.0,553.0,606.0,496.7142857142857,485.0,489.8928571428572,68.49018003995052,144.08063981406653,128.7174163834216
2022-11-07,473,1632,249,484,34.02,36.4,6.0,0.0,0,Autumn,20.0,0.0,60.0,20.0,0,7,45,11,0,460.0,400.0,379.0,493.0,465.0,487.57142857142856,455.2857142857143,484.6785714285714,68.5124250114711,89.97985122444702,126.78241891536692
2022-11-08,618,2525,646,722,31.84,34.72,21.0,100.0,0,Autumn,40.0,20.0,20.0,20.0,1,8,45,11,0,473.0,527.0,366.0,766.0,566.0,498.0,462.0,484.9642857142857,57.65703195043436,87.31728175056577,126.74543812167732
2022-11-09,390,2467,0,466,35.07,36.05,5.0,0.0,0,Autumn,0.0,40.0,20.0,40.0,2,9,45,11,0,618.0,492.0,287.0,465.0,510.0,511.0,480.0,486.82142857142856,73.39618518697058,91.86109915770407,128.34763371159178
2022-11-10,451,2709,268,501,37.87,42.48,2.0,0.0,0,Autumn,0.0,40.0,0.0,60.0,3,10,45,11,0,390.0,428.0,376.0,524.0,447.0,496.4285714285714,487.3571428571428,482.5357142857143,86.71381501402061,78.34500341719033,129.5429235721461
2022-11-11,600,2904,784,750,36.58,34.15,16.0,100.0,0,Autumn,20.0,40.0,40.0,0.0,4,11,45,11,0,451.0,608.0,584.0,314.0,524.0,499.7142857142857,492.7142857142857,482.6785714285714,84.08470785605532,72.49024185940593,129.50448399828176
2022-11-12,582,2572,783,542,36.51,36.2,7.0,0.0,0,Autumn,40.0,20.0,0.0,40.0,5,12,45,11,1,600.0,498.0,445.0,352.0,342.0,498.57142857142856,493.8571428571428,485.3928571428572,82.40521250272414,74.14731401624863,131.18811466200464
2022-11-13,492,2251,588,572,37.88,39.03,2.0,0.0,0,Autumn,20.0,40.0,20.0,20.0,6,13,45,11,1,582.0,460.0,524.0,876.0,553.0,510.57142857142856,503.6428571428572,493.9642857142857,88.21915351905804,76.21488562747305,129.29910261292537
2022-11-14,390,1759,977,517,34.31,38.92,7.0,0.0,0,Autumn,0.0,60.0,20.0,20.0,0,14,46,11,0,492.0,473.0,400.0,379.0,493.0,515.1428571428571,501.3571428571428,491.7857142857143,85.96206250710993,76.03704273662854,128.7804209707232
2022-11-15,569,1892,0,596,35.12,38.09,9.0,0.0,0,Autumn,80.0,0.0,0.0,20.0,1,15,46,11,0,390.0,618.0,527.0,366.0,766.0,503.2857142857143,500.6428571428572,488.1071428571428,97.67072964082692,77.1019376618305,130.207623172666
2022-11-16,875,2355,804,871,41.56,39.56,21.0,100.0,0,Autumn,0.0,0.0,20.0,80.0,2,16,46,11,0,569.0,390.0,492.0,287.0,465.0,496.2857142857143,503.6428571428572,481.07142857142856,89.49248438782354,79.00010432598486,119.51938586640846
2022-11-17,470,2068,817,569,37.24,40.13,3.0,0.0,0,Autumn,0.0,40.0,40.0,20.0,3,17,46,11,0,875.0,451.0,428.0,376.0,524.0,565.5714285714286,531.0,495.7142857142857,156.29977302484846,126.62057190981744,140.71375124116213
2022-11-18,407,2872,0,449,34.07,35.2,4.0,0.0,0,Autumn,40.0,20.0,20.0,20.0,4,18,46,11,0,470.0,600.0,608.0,584.0,314.0,568.2857142857143,534.0,493.7857142857143,154.12842511545858,124.47180712607488,140.68176778943197
2022-11-19,554,2723,299,565,36.54,36.33,4.0,0.0,0,Autumn,0.0,40.0,20.0,40.0,5,19,46,11,1,407.0,582.0,498.0,445.0,352.0,540.7142857142857,519.6428571428571,497.1071428571428,164.42801290708198,126.84915762908638,137.33800943649473
2022-11-20,581,2169,0,571,35.46,40.92,6.0,0.0,0,Autumn,0.0,20.0,60.0,20.0,6,20,46,11,1,554.0,492.0,460.0,524.0,876.0,536.7142857142857,523.6428571428571,504.32142857142856,163.59473737024115,126.99703639356024,134.7137028888733
2022-11-21,608,2405,801,661,36.64,35.13,18.0,100.0,0,Autumn,80.0,0.0,20.0,0.0,0,21,47,11,0,581.0,390.0,473.0,400.0,379.0,549.4285714285714,532.2857142857143,493.7857142857143,162.99780892480058,126.448790833668,114.60345710733272
2022-11-22,582,2096,2029,775,36.25,36.22,16.0,100.0,0,Autumn,60.0,40.0,0.0,0.0,1,22,47,11,0,608.0,569.0,618.0,527.0,366.0,580.5714285714286,541.9285714285714,501.9642857142857,147.55434834082595,126.72712312785984,114.27921691186592
2022-11-23,586,1869,0,617,36.99,36.48,7.0,0.0,0,Autumn,0.0,60.0,20.0,20.0,2,23,47,11,0,582.0,875.0,390.0,492.0,287.0,582.4285714285714,539.3571428571429,509.6785714285714,147.46621889194083,125.42334903643938,112.02944506176252
2022-11-24,637,1283,1740,719,33.71,37.31,18.0,100.0,0,Autumn,20.0,0.0,20.0,60.0,3,24,47,11,0,586.0,470.0,451.0,428.0,376.0,541.1428571428571,553.3571428571429,520.3571428571429,74.11798830564865,118.20035607317006,103.97870661136038
2022-11-25,446,1647,0,609,32.44,31.48,17.0,100.0,0,Autumn,20.0,40.0,20.0,20.0,4,25,47,11,0,637.0,407.0,600.0,608.0,584.0,565.0,566.6428571428571,529.6785714285714,74.27875425270285,116.24748608885284,102.24265021902296
2022-11-26,1000,2951,1040,975,36.59,38.0,22.0,100.0,0,Autumn,20.0,20.0,0.0,60.0,5,26,47,11,1,446.0,554.0,582.0,498.0,445.0,570.5714285714286,555.6428571428571,524.75,60.66810568675389,120.0715217263042,102.85143006622032
2022-11-27,415,1951,0,513,35.49,39.83,7.0,0.0,0,Autumn,20.0,40.0,20.0,20.0,6,27,47,11,1,1000.0,581.0,492.0,460.0,524.0,634.2857142857143,585.5,544.5714285714286,172.14404267523045,169.09294212628475,135.2800739676705
2022-11-28,501,3326,0,530,30.22,32.12,19.0,100.0,0,Autumn,0.0,0.0,80.0,20.0,0,28,48,11,0,415.0,608.0,390.0,473.0,400.0,610.5714285714286,580.0,540.6785714285714,191.0984538075051,173.56133919032334,137.44495290611823
2022-11-29,459,3539,0,458,36.01,37.02,2.0,0.0,0,Autumn,20.0,40.0,20.0,20.0,1,29,48,11,0,501.0,582.0,569.0,618.0,527.0,595.2857142857143,587.9285714285714,544.2857142857143,195.56560219503035,166.61030732068923,134.91831744041417
2022-11-30,626,3080,383,637,38.69,42.46,7.0,0.0,0,Autumn,0.0,20.0,20.0,60.0,2,30,48,11,0,459.0,586.0,875.0,390.0,492.0,577.7142857142857,580.0714285714286,541.8571428571429,202.36576973862165,170.12821603164448,135.84978476671947
2022-12-01,375,2454,0,435,31.42,33.67,6.0,0.0,0,Winter,40.0,0.0,60.0,0.0,3,1,48,12,0,626.0,637.0,470.0,451.0,428.0,583.4285714285714,562.2857142857143,546.6428571428571,203.20175289832636,148.57395390922255,136.3875779848422
2022-12-02,604,2462,2061,722,38.33,40.21,5.0,0.0,0,Winter,40.0,0.0,0.0,60.0,4,2,48,12,0,375.0,446.0,407.0,600.0,608.0,546.0,555.5,544.75,215.44991684070504,155.13753203578383,138.4473760167592
2022-12-03,476,1858,693,567,37.72,38.35,5.0,0.0,0,Winter,0.0,0.0,60.0,40.0,5,3,48,12,1,604.0,1000.0,554.0,582.0,498.0,568.5714285714286,569.5714285714286,544.6071428571429,211.46698492740137,149.46248013141286,138.3817423425381
2022-12-04,624,1382,0,615,39.99,41.69,5.0,0.0,0,Winter,60.0,0.0,20.0,20.0,6,4,48,12,1,476.0,415.0,581.0,492.0,460.0,493.7142857142857,564.0,543.8214285714286,92.66735183028656,151.52709836349916,138.71822053715474
2022-12-05,613,1020,359,688,42.66,38.4,6.0,0.0,0,Winter,20.0,0.0,20.0,60.0,0,5,49,12,0,624.0,501.0,608.0,390.0,473.0,523.5714285714286,567.0714285714286,549.6785714285714,96.66239727846136,152.33185650248774,138.51007546489535
2022-12-06,664,2899,612,771,39.04,41.26,9.0,0.0,0,Winter,20.0,0.0,0.0,80.0,1,6,49,12,0,613.0,459.0,582.0,569.0,618.0,539.5714285714286,567.4285714285714,554.6785714285714,101.45418858259347,152.44101723704074,138.16604438177214
2022-12-07,670,2594,604,673,39.62,39.76,4.0,0.0,0,Winter,40.0,0.0,40.0,20.0,2,7,49,12,0,664.0,626.0,586.0,875.0,390.0,568.8571428571429,573.2857142857143,556.3214285714286,103.8788213439564,154.60392500313063,139.21633939103256
2022-12-08,476,1924,461,511,32.91,34.27,8.0,0.0,0,Winter,40.0,0.0,0.0,60.0,3,8,49,12,0,670.0,375.0,637.0,470.0,451.0,575.1428571428571,579.2857142857143,566.3214285714286,109.1122183372526,156.75037900649977,136.86328771372382
2022-12-09,675,1448,1587,774,39.55,40.21,16.0,100.0,0,Winter,20.0,0.0,20.0,60.0,4,9,49,12,0,476.0,604.0,446.0,407.0,600.0,589.5714285714286,567.7857142857143,567.2142857142857,81.3917627749833,158.09061596800382,136.1628537866432
2022-12-10,355,1385,610,494,34.71,38.17,9.0,0.0,0,Winter,20.0,0.0,40.0,40.0,5,10,49,12,1,675.0,476.0,1000.0,554.0,582.0,599.7142857142857,584.1428571428571,569.8928571428571,87.67119307525259,156.35800003781125,137.56219853436662
2022-12-11,539,2025,618,753,34.87,33.47,17.0,100.0,0,Winter,40.0,0.0,60.0,0.0,6,11,49,12,1,355.0,624.0,415.0,581.0,492.0,582.4285714285714,538.0714285714286,561.7857142857143,121.52209283755424,113.56967653635128,143.3879371812725
2022-12-12,467,2290,526,596,36.4,35.39,6.0,0.0,0,Winter,40.0,0.0,60.0,0.0,0,12,50,12,0,539.0,613.0,501.0,608.0,390.0,570.2857142857143,546.9285714285714,563.4642857142857,120.92106831278352,107.9283696116688,142.8146901207496
2022-12-13,506,2676,261,602,39.67,39.04,3.0,0.0,0,Winter,40.0,0.0,60.0,0.0,1,13,50,12,0,467.0,664.0,459.0,582.0,569.0,549.4285714285714,544.5,566.2142857142857,124.85305648755975,109.41364701830472,140.06568753765802
2022-12-14,634,3398,1200,767,35.66,37.12,17.0,100.0,0,Winter,0.0,0.0,20.0,80.0,2,14,50,12,0,506.0,670.0,626.0,586.0,875.0,526.8571428571429,547.8571428571429,563.9642857142857,114.54464714894468,107.28886754412652,140.52454171922017
2022-12-15,511,3025,0,534,36.97,39.17,3.0,0.0,0,Winter,40.0,0.0,40.0,20.0,3,15,50,12,0,634.0,476.0,375.0,637.0,470.0,521.7142857142857,548.4285714285714,555.3571428571429,107.64713076485044,107.75735868908616,127.54961686302616
2022-12-16,496,3401,0,613,38.45,34.77,5.0,0.0,0,Winter,40.0,0.0,60.0,0.0,4,16,50,12,0,511.0,675.0,604.0,446.0,407.0,526.7142857142857,558.1428571428571,556.8214285714286,105.96967221130524,96.45792796930633,126.76635070852863
2022-12-17,781,2905,1483,776,34.57,36.66,18.0,100.0,0,Winter,40.0,0.0,20.0,40.0,5,17,50,12,1,496.0,355.0,476.0,1000.0,554.0,501.1428571428572,550.4285714285714,560.0,83.42147719348347,96.82634279647604,123.95518903575156
2022-12-18,924,2963,1379,836,38.36,40.33,14.0,100.0,0,Winter,20.0,0.0,20.0,60.0,6,18,50,12,1,781.0,539.0,624.0,415.0,581.0,562.0,572.2142857142857,568.1071428571429,110.14535850411526,111.92660958889957,130.78349065754233
2022-12-19,518,2039,385,613,39.32,38.04,6.0,0.0,0,Winter,40.0,0.0,40.0,20.0,0,19,51,12,0,924.0,467.0,613.0,501.0,608.0,617.0,593.6428571428571,580.3571428571429,174.22782020484976,146.10354976093925,147.08380435195969
2022-12-20,694,1809,1022,851,38.58,38.07,19.0,100.0,0,Winter,20.0,0.0,80.0,0.0,1,20,51,12,0,518.0,506.0,664.0,459.0,582.0,624.2857142857143,586.8571428571429,577.1428571428571,167.8597770816609,147.33627530916488,147.4403116608397
2022-12-21,716,2598,0,688,41.45,41.86,4.0,0.0,0,Winter,40.0,0.0,20.0,40.0,2,21,51,12,0,694.0,634.0,670.0,626.0,586.0,651.1428571428571,589.0,581.1428571428571,160.66572811423208,148.75586607696414,149.08702760113587
2022-12-22,591,3801,414,592,31.09,35.21,18.0,100.0,0,Winter,20.0,0.0,60.0,20.0,3,22,51,12,0,716.0,511.0,476.0,375.0,637.0,662.8571428571429,592.2857142857143,585.7857142857143,162.1896303420054,151.1710333320551,151.25239077213217
2022-12-23,625,3210,0,758,33.37,36.69,23.0,100.0,0,Winter,20.0,0.0,60.0,20.0,4,23,51,12,0,591.0,496.0,675.0,604.0,446.0,674.2857142857143,600.5,584.1428571428571,152.2177325256104,147.44477453766044,150.92497873562633
2022-12-24,638,3164,819,795,37.31,38.39,20.0,100.0,0,Winter,40.0,0.0,40.0,20.0,5,24,51,12,1,625.0,781.0,355.0,476.0,1000.0,692.7142857142857,596.9285714285714,590.5357142857143,133.7207466896528,146.10084203712182,148.63040966521197
2022-12-25,547,2940,1306,657,32.62,30.09,21.0,100.0,0,Winter,20.0,0.0,40.0,40.0,6,25,51,12,1,638.0,924.0,539.0,624.0,415.0,672.2857142857143,617.1428571428571,577.6071428571429,128.8186247995152,128.58032936223591,125.6639667513428
2022-12-26,454,2676,0,532,36.72,38.97,3.0,0.0,0,Winter,60.0,0.0,0.0,40.0,0,26,52,12,0,547.0,518.0,467.0,613.0,501.0,618.4285714285714,617.7142857142857,582.3214285714286,72.56917881777245,128.22361991184255,121.7529537466414
2022-12-27,423,2758,282,509,36.5,35.91,7.0,0.0,0,Winter,0.0,0.0,80.0,20.0,1,27,52,12,0,454.0,694.0,506.0,664.0,459.0,609.2857142857143,616.7857142857143,580.6428571428571,89.40863919054397,129.44032101048217,123.23065223715123
2022-12-28,706,2335,710,833,45.09,44.78,1.0,0.0,0,Winter,0.0,0.0,0.0,100.0,2,28,52,12,0,423.0,716.0,634.0,670.0,626.0,570.5714285714286,610.8571428571429,579.3571428571429,104.081469921175,136.60716117215983,124.72553995657977
2022-12-29,412,3217,0,493,37.43,37.31,3.0,0.0,0,Winter,40.0,0.0,0.0,60.0,3,29,52,12,0,706.0,591.0,511.0,476.0,375.0,569.1428571428571,616.0,582.2142857142857,101.79624841061808,138.88179810959323,126.73371241478694
2022-12-30,554,2805,1125,514,37.52,36.12,5.0,0.0,0,Winter,40.0,0.0,0.0,60.0,4,30,52,12,0,412.0,625.0,496.0,675.0,604.0,543.5714285714286,608.9285714285714,583.5357142857143,116.7716534421736,146.92670296428767,124.66918658857185
2022-12-31,489,2251,0,549,35.42,39.09,8.0,0.0,0,Winter,0.0,0.0,40.0,60.0,5,31,52,12,1,554.0,638.0,781.0,355.0,476.0,533.4285714285714,613.0714285714286,581.75,111.48371651330557,144.2916193982568,124.72328631072948
2023-01-01,604,2782,0,685,33.3,34.16,19.0,100.0,0,Winter,80.0,0.0,0.0,20.0,6,1,52,1,1,489.0,547.0,924.0,539.0,624.0,512.1428571428571,592.2142857142857,582.2142857142857,102.01213746646133,139.1635333375414,124.3386525948411
2023-01-02,450,2521,155,543,35.13,37.65,6.0,0.0,0,Winter,40.0,0.0,0.0,60.0,0,2,1,1,0,604.0,454.0,518.0,467.0,613.0,520.2857142857143,569.3571428571429,581.5,107.3913626038183,101.71877305202214,124.14701559635468
2023-01-03,567,2543,811,635,34.82,36.04,16.0,100.0,0,Winter,60.0,0.0,20.0,20.0,1,3,1,1,0,450.0,423.0,694.0,506.0,664.0,519.7142857142857,564.5,575.6785714285714,107.81266821933056,105.89744676227672,126.41614218639586
2023-01-04,615,2131,1284,758,37.83,36.47,15.0,100.0,0,Winter,100.0,0.0,0.0,0.0,2,4,1,1,0,567.0,706.0,716.0,634.0,670.0,540.2857142857143,555.4285714285714,572.2142857142857,99.71745799292854,99.1771641564221,125.22967259987126
2023-01-05,462,1925,0,507,34.73,37.51,6.0,0.0,0,Winter,40.0,0.0,40.0,20.0,3,5,1,1,0,615.0,412.0,591.0,511.0,476.0,527.2857142857143,548.2142857142857,570.25,78.10188705725868,89.83161904485408,124.064984465281
2023-01-06,545,1865,356,502,35.03,37.52,5.0,0.0,0,Winter,20.0,0.0,60.0,20.0,4,6,1,1,0,462.0,554.0,625.0,496.0,675.0,534.4285714285714,539.0,569.75,67.34700474125842,91.7018580467745,124.48638926047762
2023-01-07,448,1320,415,568,34.85,36.8,9.0,0.0,0,Winter,40.0,0.0,20.0,40.0,5,7,1,1,1,545.0,489.0,638.0,781.0,355.0,533.1428571428571,533.2857142857143,565.1071428571429,66.99609085966303,88.36239068694387,122.82879964065457
2023-01-08,502,2156,821,532,34.39,35.07,5.0,0.0,0,Winter,80.0,0.0,0.0,20.0,6,8,1,1,1,448.0,604.0,547.0,924.0,539.0,527.2857142857143,519.7142857142857,568.4285714285714,73.01989291901755,85.58974468710849,118.1033535358
2023-01-09,582,2010,304,590,38.32,38.64,5.0,0.0,0,Winter,0.0,0.0,40.0,60.0,0,9,2,1,0,502.0,450.0,454.0,518.0,467.0,512.7142857142857,516.5,567.1071428571429,64.88377888120247,85.33080424938098,118.65054175266586
2023-01-10,496,1428,1185,672,36.9,37.78,5.0,0.0,0,Winter,40.0,0.0,0.0,60.0,1,10,2,1,0,582.0,567.0,423.0,694.0,506.0,531.5714285714286,525.6428571428571,571.2142857142857,62.7663846945089,84.97565908754493,117.03635305539892
2023-01-11,668,1651,1011,886,39.75,41.47,14.0,100.0,0,Winter,40.0,0.0,20.0,40.0,2,11,2,1,0,496.0,615.0,706.0,716.0,634.0,521.4285714285714,530.8571428571429,570.8571428571429,61.816548870716936,80.3040923785785,117.25777689938649
2023-01-12,695,1804,1165,903,42.55,38.53,18.0,100.0,0,Winter,40.0,0.0,60.0,0.0,3,12,2,1,0,668.0,462.0,412.0,591.0,511.0,529.0,528.1428571428571,572.0714285714286,76.65289731423528,74.35037338156441,118.10884138242344
2023-01-13,482,1435,0,572,36.39,41.02,6.0,0.0,0,Winter,60.0,0.0,40.0,0.0,4,13,2,1,0,695.0,545.0,554.0,625.0,496.0,562.2857142857143,548.3571428571429,578.6428571428571,91.8018051487633,78.68887825124698,119.69319244410008
2023-01-14,548,2823,597,589,38.24,37.73,5.0,0.0,0,Winter,60.0,0.0,0.0,40.0,5,14,2,1,1,482.0,448.0,489.0,638.0,781.0,553.2857142857143,543.2142857142857,578.1428571428571,96.73454103148208,80.62083961495186,120.0798235390279
2023-01-15,472,2275,160,566,30.62,31.5,18.0,100.0,0,Winter,0.0,0.0,80.0,20.0,6,15,2,1,1,548.0,502.0,604.0,547.0,924.0,567.5714285714286,547.4285714285714,569.8214285714286,85.30310104339189,79.09654693008883,113.38823950102984
2023-01-16,511,2968,591,689,38.94,37.03,5.0,0.0,0,Winter,60.0,0.0,20.0,20.0,0,16,3,1,0,472.0,582.0,450.0,454.0,518.0,563.2857142857143,538.0,553.6785714285714,89.7825415206366,79.69943538068517,91.0771157058184
2023-01-17,569,2617,398,581,38.94,39.82,7.0,0.0,0,Winter,20.0,0.0,0.0,80.0,1,17,3,1,0,511.0,496.0,567.0,423.0,694.0,553.1428571428571,542.3571428571429,553.4285714285714,91.31343196454132,76.10479328162958,91.1882174696437
2023-01-18,315,2645,400,490,36.32,35.49,3.0,0.0,0,Winter,80.0,0.0,20.0,0.0,2,18,3,1,0,569.0,668.0,615.0,706.0,716.0,563.5714285714286,542.5,548.9642857142857,87.80063998031252,76.15646848631903,87.0157423572852
2023-01-19,371,2728,0,477,33.04,35.01,7.0,0.0,0,Winter,20.0,0.0,20.0,60.0,3,19,3,1,0,315.0,695.0,462.0,412.0,591.0,513.1428571428571,521.0714285714286,534.6428571428571,114.98902639154832,94.24555838194868,91.395037666456
2023-01-20,685,2948,1732,713,37.63,41.2,13.0,100.0,0,Winter,40.0,0.0,20.0,40.0,4,20,3,1,0,371.0,482.0,545.0,554.0,625.0,466.8571428571428,514.5714285714286,526.7857142857143,92.62006364970892,101.49248876013094,95.72466578793384
2023-01-21,487,2663,0,601,39.89,41.43,5.0,0.0,0,Winter,40.0,0.0,20.0,40.0,5,21,3,1,1,685.0,548.0,448.0,489.0,638.0,495.8571428571428,524.5714285714286,528.9285714285714,124.45940244570852,111.15804015054384,98.63209926434192
2023-01-22,551,2510,0,541,30.45,31.37,22.0,100.0,0,Winter,20.0,0.0,20.0,60.0,6,22,3,1,1,487.0,472.0,502.0,604.0,547.0,487.1428571428572,527.3571428571429,523.5357142857143,122.31711323635854,109.5688102327674,96.55375863672162
2023-01-23,559,1959,826,634,33.39,32.89,18.0,100.0,0,Winter,40.0,0.0,40.0,20.0,0,23,4,1,0,551.0,511.0,582.0,450.0,454.0,498.4285714285714,530.8571428571429,523.6785714285714,124.3152674223311,109.4790862661465,96.59271254293516
2023-01-24,314,2798,592,414,34.53,37.97,5.0,0.0,0,Winter,20.0,0.0,60.0,20.0,1,24,4,1,0,559.0,569.0,496.0,567.0,423.0,505.2857142857143,529.2142857142857,527.4285714285714,126.4301049140252,108.823200701822,95.82253217254105
2023-01-25,579,2484,0,609,39.21,40.48,4.0,0.0,0,Winter,0.0,0.0,20.0,80.0,2,25,4,1,0,314.0,315.0,668.0,615.0,706.0,468.8571428571428,516.2142857142857,523.5357142857143,140.91892299170755,123.03856716895332,102.22251768418302
2023-01-26,556,2131,870,602,39.96,40.11,3.0,0.0,0,Winter,20.0,0.0,20.0,60.0,3,26,4,1,0,579.0,371.0,695.0,462.0,412.0,506.57142857142856,509.8571428571428,519.0,127.57462801938992,116.73036460997648,96.4829672168251
2023-01-27,705,2767,534,781,34.07,34.72,20.0,100.0,0,Winter,40.0,0.0,60.0,0.0,4,27,4,1,0,556.0,685.0,482.0,545.0,554.0,533.0,499.9285714285714,524.1428571428571,113.15623417794252,105.1039516828016,94.38326683369804
2023-01-28,540,2323,286,582,39.18,40.1,4.0,0.0,0,Winter,40.0,0.0,20.0,40.0,5,28,4,1,1,705.0,487.0,548.0,448.0,489.0,535.8571428571429,515.8571428571429,529.5357142857143,117.79138136472278,118.2532205727362,100.28200316472618
2023-01-29,284,1783,0,317,31.08,27.55,6.0,0.0,1,Winter,40.0,0.0,20.0,40.0,6,29,4,1,1,540.0,551.0,472.0,502.0,604.0,543.4285714285714,515.2857142857143,531.3571428571429,115.81430127990424,118.10518686677224,99.9811887068667
2023-01-30,363,2928,0,372,34.72,33.73,5.0,0.0,1,Winter,20.0,0.0,20.0,60.0,0,30,5,1,0,284.0,559.0,511.0,582.0,450.0,505.2857142857143,501.8571428571428,519.9285714285714,151.4042208633501,133.1366314631802,109.23129675361442
2023-01-31,374,2565,0,366,33.37,33.4,5.0,0.0,1,Winter,20.0,0.0,60.0,20.0,1,31,5,1,0,363.0,314.0,569.0,496.0,567.0,477.2857142857143,491.2857142857143,516.8214285714286,157.80337373422893,138.13673748050616,112.48310278747824
2023-02-01,374,2191,1052,465,29.14,30.69,18.0,100.0,1,Winter,0.0,0.0,60.0,40.0,2,1,5,2,0,374.0,579.0,315.0,668.0,615.0,485.8571428571428,477.3571428571428,509.9285714285714,148.83036044596602,139.5220452075626,115.17552741968274
2023-02-02,300,1817,0,333,34.91,32.41,1.0,0.0,1,Winter,60.0,0.0,0.0,40.0,3,2,5,2,0,374.0,556.0,371.0,695.0,462.0,456.57142857142856,481.57142857142856,501.32142857142856,147.6119429933962,135.06050740072283,116.03449473434154
2023-02-03,256,1730,0,298,27.34,30.5,19.0,100.0,1,Winter,40.0,0.0,40.0,20.0,4,3,5,2,0,300.0,705.0,685.0,482.0,545.0,420.0,476.5,495.5357142857143,150.55563755635288,140.7451324475996,121.95551166469184
2023-02-04,454,1474,752,476,29.65,30.64,17.0,100.0,1,Winter,80.0,0.0,20.0,0.0,5,4,5,2,1,256.0,540.0,487.0,548.0,448.0,355.85714285714283,445.8571428571428,485.2142857142857,93.87301453102845,138.54233295992267,129.60377141942095
2023-02-05,404,1859,685,475,33.31,36.5,12.0,100.0,1,Winter,0.0,0.0,40.0,60.0,6,5,5,2,1,454.0,284.0,551.0,472.0,502.0,343.57142857142856,443.5,485.4285714285714,67.74918730842597,138.06840556544668,129.54490957920174
2023-02-06,367,1630,0,422,34.78,34.25,7.0,0.0,1,Winter,40.0,0.0,20.0,40.0,0,6,6,2,0,404.0,363.0,559.0,511.0,582.0,360.7142857142857,433.0,481.9285714285714,65.30113395062845,134.81554350011285,130.4016384160385
2023-02-07,262,1517,0,261,29.58,26.57,6.0,0.0,1,Winter,60.0,0.0,40.0,0.0,1,7,6,2,0,367.0,374.0,314.0,569.0,496.0,361.2857142857143,419.2857142857143,474.25,65.34195764263,130.71544465948747,130.62063389832383
2023-02-08,309,1832,0,283,30.88,30.1,6.0,0.0,1,Winter,0.0,0.0,60.0,40.0,2,8,6,2,0,262.0,374.0,579.0,315.0,668.0,345.2857142857143,415.57142857142856,465.8928571428572,74.7456002845958,134.6178147347375,136.52956247117825
2023-02-09,353,1954,301,342,29.58,32.74,6.0,0.0,1,Winter,60.0,0.0,20.0,20.0,3,9,6,2,0,309.0,300.0,556.0,371.0,695.0,336.0,396.2857142857143,453.07142857142856,74.62126595906241,128.60998200966964,133.67371235834403
2023-02-10,303,1601,195,309,33.17,30.07,4.0,0.0,1,Winter,20.0,0.0,20.0,60.0,4,10,6,2,0,353.0,256.0,705.0,685.0,482.0,343.57142857142856,381.7857142857143,440.8571428571428,73.03163045981412,120.39944963548444,126.16294997775636
2023-02-11,235,1298,306,289,33.27,31.68,2.0,0.0,1,Winter,0.0,0.0,60.0,40.0,5,11,6,2,1,303.0,454.0,540.0,487.0,548.0,350.2857142857143,353.07142857142856,434.4642857142857,65.40059705566843,77.77923816874257,128.51415317441683
2023-02-12,363,1258,812,378,30.57,32.55,5.0,0.0,1,Winter,40.0,0.0,40.0,20.0,6,12,6,2,1,235.0,404.0,284.0,551.0,472.0,319.0,331.2857142857143,423.2857142857143,59.64617897792314,62.63376893488935,131.84245849662298
2023-02-13,392,1196,909,487,31.1,30.0,17.0,100.0,1,Winter,20.0,0.0,40.0,40.0,0,13,7,2,0,363.0,367.0,363.0,559.0,511.0,313.1428571428572,336.92857142857144,419.3928571428572,51.34338182417111,61.59603419516167,131.95996567020782
2023-02-14,369,897,0,340,30.96,33.91,5.0,0.0,1,Winter,60.0,0.0,0.0,40.0,1,14,7,2,0,392.0,262.0,374.0,314.0,569.0,316.7142857142857,339.0,415.1428571428572,56.340377130774215,63.011598443950255,130.81162998633732
2023-02-15,228,989,0,275,31.53,31.24,3.0,0.0,1,Winter,20.0,0.0,20.0,60.0,2,15,7,2,0,369.0,309.0,374.0,579.0,315.0,332.0,338.6428571428572,408.0,53.46338310781614,62.81181557497182,127.51819042351866
2023-02-16,340,1720,210,362,33.85,36.78,2.0,0.0,1,Winter,100.0,0.0,0.0,0.0,3,16,7,2,0,228.0,353.0,300.0,556.0,371.0,320.42857142857144,328.2142857142857,404.8928571428572,66.45764852610137,68.36460912065452,130.88370277002986
2023-02-17,363,1894,167,403,32.18,31.97,9.0,0.0,1,Winter,0.0,0.0,80.0,20.0,4,17,7,2,0,340.0,303.0,256.0,705.0,685.0,318.57142857142856,331.07142857142856,403.7857142857143,65.57148044400722,67.92922140639637,131.31143560898644
2023-02-18,306,1741,586,326,28.86,28.19,20.0,100.0,1,Winter,20.0,0.0,20.0,60.0,5,18,7,2,1,363.0,235.0,454.0,540.0,487.0,327.1428571428572,338.7142857142857,392.2857142857143,67.10049322081002,64.77942286230807,119.32397764159349
2023-02-19,372,1435,524,470,31.84,33.49,18.0,100.0,1,Winter,0.0,0.0,40.0,60.0,6,19,7,2,1,306.0,363.0,404.0,284.0,551.0,337.2857142857143,328.1428571428572,385.82142857142856,55.15346554754791,55.999803767318,118.90489619281536
2023-02-20,365,1511,396,355,31.34,30.03,9.0,0.0,1,Winter,20.0,0.0,20.0,60.0,0,20,8,2,0,372.0,392.0,367.0,363.0,559.0,338.57142857142856,325.85714285714283,379.4285714285714,55.95193515526376,53.25101247554296,114.42268247401874
2023-02-21,248,1146,212,329,36.13,34.33,2.0,0.0,1,Winter,40.0,0.0,20.0,40.0,1,21,8,2,0,365.0,369.0,262.0,374.0,314.0,334.7142857142857,325.7142857142857,372.5,52.4776596458393,53.13470338015265,108.88611107567864
2023-02-22,334,1203,491,443,34.14,32.97,5.0,0.0,1,Winter,20.0,0.0,20.0,60.0,2,22,8,2,0,248.0,228.0,309.0,374.0,579.0,317.42857142857144,324.7142857142857,370.1428571428572,58.84402304073727,54.53922874892507,110.89525063660956
2023-02-23,442,1605,426,459,35.38,34.5,3.0,0.0,1,Winter,20.0,0.0,60.0,20.0,3,23,8,2,0,334.0,340.0,353.0,300.0,556.0,332.57142857142856,326.5,361.3928571428572,43.68011425067668,54.39421632150675,103.20434217311826
2023-02-24,309,1559,0,346,33.07,32.04,5.0,0.0,1,Winter,0.0,0.0,20.0,80.0,4,24,8,2,0,442.0,363.0,303.0,256.0,705.0,347.1428571428572,332.85714285714283,357.32142857142856,60.38881952654255,62.34871800897543,97.32384031767202
2023-02-25,257,1478,724,329,24.87,27.31,21.0,100.0,1,Winter,40.0,0.0,60.0,0.0,5,25,8,2,1,309.0,306.0,235.0,454.0,540.0,339.42857142857144,333.2857142857143,343.17857142857144,61.46505007687031,62.147997766410185,69.81353661131706
2023-02-26,253,1910,0,334,31.84,33.95,5.0,0.0,1,Winter,60.0,0.0,20.0,20.0,6,26,8,2,1,257.0,372.0,363.0,404.0,284.0,332.42857142857144,334.85714285714283,333.07142857142856,68.3150962888304,59.70163912562044,60.06905197596188
2023-02-27,385,1657,827,495,32.19,31.55,15.0,100.0,1,Winter,40.0,0.0,0.0,60.0,0,27,9,2,0,253.0,365.0,392.0,367.0,363.0,315.42857142857144,327.0,331.9642857142857,71.55617174140527,62.86738178346379,61.28046159702762
2023-02-28,357,1272,0,374,28.47,26.12,16.0,100.0,1,Winter,20.0,0.0,60.0,20.0,1,28,9,2,0,385.0,248.0,369.0,262.0,374.0,318.2857142857143,326.5,332.75,74.2152596297051,62.33624701814984,61.83168611163058
2023-03-01,682,1852,1935,765,33.63,35.8,20.0,100.0,0,Spring,40.0,60.0,0.0,0.0,2,1,9,3,0,357.0,334.0,228.0,309.0,374.0,333.85714285714283,325.6428571428572,332.1428571428572,68.20173157974787,61.78698785449871,61.49418176977554
2023-03-02,540,1377,249,634,39.38,39.72,4.0,0.0,0,Spring,0.0,20.0,0.0,80.0,3,2,9,3,0,682.0,442.0,340.0,353.0,300.0,383.57142857142856,358.07142857142856,343.1428571428572,148.21814682291395,108.259989260693,90.1359936678859
2023-03-03,415,1244,433,488,33.99,36.68,4.0,0.0,0,Spring,40.0,20.0,0.0,40.0,4,3,9,3,0,540.0,309.0,363.0,303.0,256.0,397.57142857142856,372.3571428571428,351.7142857142857,158.90023824489865,118.41167246443342,97.02915069532403
2023-03-04,421,1583,307,618,38.12,37.65,8.0,0.0,0,Spring,80.0,20.0,0.0,0.0,5,4,9,3,1,415.0,257.0,306.0,235.0,454.0,412.7142857142857,376.07142857142856,357.3928571428572,154.02890885124327,118.91009162434436,95.86577780677096
2023-03-05,431,2592,414,471,32.37,35.45,5.0,0.0,0,Spring,0.0,20.0,0.0,80.0,6,5,9,3,1,421.0,253.0,372.0,363.0,404.0,436.1428571428572,384.2857142857143,356.2142857142857,138.03915938533308,117.66277012091612,94.83137359539428
2023-03-06,617,2468,571,701,41.06,37.58,3.0,0.0,0,Spring,60.0,40.0,0.0,0.0,0,6,10,3,0,431.0,385.0,365.0,392.0,367.0,461.57142857142856,388.5,357.17857142857144,112.75911957628496,118.24404359693526,95.47039625374131
2023-03-07,508,2284,243,561,39.7,40.93,2.0,0.0,0,Spring,40.0,0.0,0.0,60.0,1,7,10,3,0,617.0,357.0,248.0,369.0,262.0,494.7142857142857,406.5,366.1071428571428,120.34217089299165,132.68977701042758,107.37140087037868
2023-03-08,433,2190,328,565,40.47,38.39,5.0,0.0,0,Spring,60.0,20.0,0.0,20.0,2,8,10,3,0,508.0,682.0,334.0,228.0,309.0,516.2857142857143,425.07142857142856,374.8928571428572,103.96107330104228,126.86665579122204,108.59484309620684
2023-03-09,472,2000,1084,667,41.89,40.59,5.0,0.0,0,Spring,20.0,0.0,0.0,80.0,3,9,10,3,0,433.0,540.0,442.0,340.0,353.0,480.7142857142857,432.1428571428572,379.32142857142856,76.8824086635211,124.129496366222,108.3362575917894
2023-03-10,665,2427,568,720,36.77,39.83,17.0,100.0,0,Spring,40.0,40.0,0.0,20.0,4,10,10,3,0,472.0,415.0,309.0,363.0,303.0,471.0,434.2857142857143,383.57142857142856,72.30260484012014,124.57091188520756,109.592318117996
2023-03-11,442,1762,659,538,33.62,33.17,7.0,0.0,0,Spring,20.0,60.0,0.0,20.0,5,11,10,3,1,665.0,421.0,257.0,306.0,235.0,506.7142857142857,459.7142857142857,396.5,97.41443131575193,133.07396935043818,120.540910528795
2023-03-12,840,1320,1843,981,40.83,41.56,19.0,100.0,0,Spring,0.0,60.0,0.0,40.0,6,12,10,3,1,442.0,431.0,253.0,372.0,363.0,509.7142857142857,472.9285714285714,403.8928571428572,94.61802908838963,119.9323298208776,116.55084386802636
2023-03-13,405,2132,0,475,36.2,35.44,7.0,0.0,0,Spring,40.0,40.0,0.0,20.0,0,13,11,3,0,840.0,617.0,385.0,365.0,392.0,568.1428571428571,514.8571428571429,420.9285714285714,148.7228166438363,138.32784754558068,142.3560815991148
2023-03-14,405,2109,0,453,31.84,33.8,4.0,0.0,0,Spring,20.0,40.0,0.0,40.0,1,14,11,3,0,405.0,508.0,357.0,248.0,369.0,537.8571428571429,516.2857142857143,421.3928571428572,158.38710866253012,136.98030659771644,142.2794171329163
2023-03-15,858,3101,1212,947,43.56,46.23,13.0,100.0,0,Spring,60.0,0.0,0.0,40.0,2,15,11,3,0,405.0,433.0,682.0,334.0,228.0,523.1428571428571,519.7142857142857,422.6785714285714,166.2141475842017,133.2363016895624,141.95070964336117
2023-03-16,592,2966,858,616,37.59,37.34,4.0,0.0,0,Spring,80.0,0.0,0.0,20.0,3,16,11,3,0,858.0,472.0,540.0,442.0,340.0,583.8571428571429,532.2857142857143,445.1785714285714,201.64443010030345,156.07267960370675,158.87102935480036
2023-03-17,609,2855,0,658,36.1,35.38,18.0,100.0,0,Spring,20.0,60.0,0.0,20.0,4,17,11,3,0,592.0,665.0,415.0,309.0,363.0,601.0,536.0,454.1785714285714,195.5590277469524,156.8870245161736,159.8270022083894
2023-03-18,605,2246,0,648,37.17,41.2,7.0,0.0,0,Spring,40.0,40.0,0.0,20.0,5,18,11,3,1,609.0,442.0,421.0,257.0,306.0,593.0,549.8571428571429,462.9642857142857,193.6405604894456,153.91698918715747,161.38302314286358
2023-03-19,726,2372,1495,773,36.37,36.51,19.0,100.0,0,Spring,0.0,60.0,0.0,40.0,6,19,11,3,1,605.0,840.0,431.0,253.0,372.0,616.2857142857143,563.0,473.6428571428572,181.90081022882976,149.87020025033962,160.50203974375106
2023-03-20,364,2504,0,495,36.36,37.02,4.0,0.0,0,Spring,20.0,60.0,0.0,20.0,0,20,12,3,0,726.0,405.0,617.0,385.0,365.0,600.0,584.0714285714286,486.2857142857143,162.61406253252915,150.61998247536442,166.04570034534015
2023-03-21,716,2456,911,755,34.44,35.26,19.0,100.0,0,Spring,80.0,20.0,0.0,0.0,1,21,12,3,0,364.0,405.0,508.0,357.0,248.0,594.1428571428571,566.0,486.25,171.31396963025566,161.1731033105996,166.07285884347368
2023-03-22,422,2412,0,540,36.5,37.45,8.0,0.0,0,Spring,20.0,40.0,0.0,40.0,2,22,12,3,0,716.0,858.0,433.0,682.0,334.0,638.5714285714286,580.8571428571429,502.9642857142857,153.48600060250564,164.95773684509288,164.75177336040034
2023-03-23,475,2788,0,653,30.33,34.25,15.0,100.0,0,Spring,80.0,20.0,0.0,0.0,3,23,12,3,0,422.0,592.0,472.0,540.0,442.0,576.2857142857143,580.0714285714286,506.1071428571428,137.2014507767249,165.74051279761852,162.2292249521378
2023-03-24,855,2313,2914,995,42.56,46.64,18.0,100.0,0,Spring,40.0,0.0,0.0,60.0,4,24,12,3,0,475.0,609.0,665.0,415.0,309.0,559.5714285714286,580.2857142857143,507.2857142857143,142.0103953270758,165.59191199657454,161.86570957589453
2023-03-25,509,2078,0,557,36.54,34.58,8.0,0.0,0,Spring,0.0,0.0,0.0,100.0,5,25,12,3,1,855.0,605.0,442.0,421.0,257.0,594.7142857142857,593.8571428571429,526.7857142857143,181.28772185462,180.20964592251008,169.7879630037191
2023-03-26,359,2046,0,453,32.1,33.73,5.0,0.0,0,Spring,0.0,80.0,0.0,20.0,6,26,12,3,1,509.0,726.0,840.0,431.0,253.0,581.0,598.6428571428571,535.7857142857143,183.99094180602108,176.7225583714841,161.43095236339371
2023-03-27,532,2544,0,577,38.5,35.42,3.0,0.0,0,Spring,60.0,40.0,0.0,0.0,0,27,13,3,0,359.0,364.0,405.0,617.0,385.0,528.5714285714286,564.2857142857143,539.5714285714286,188.03089918313697,172.90523352466735,155.69472232817162
2023-03-28,652,3592,1103,687,34.72,34.63,20.0,100.0,0,Spring,80.0,20.0,0.0,0.0,1,28,13,3,0,532.0,716.0,405.0,508.0,357.0,552.5714285714286,573.3571428571429,544.8214285714286,173.6997957615927,167.1409387510833,152.73992749027792
2023-03-29,434,2940,0,571,39.21,39.52,6.0,0.0,0,Spring,80.0,20.0,0.0,0.0,2,29,13,3,0,652.0,422.0,858.0,433.0,682.0,543.4285714285714,591.0,555.3571428571429,165.13717241822232,160.9232975436051,149.4432170835299
2023-03-30,479,2866,813,580,37.51,41.61,4.0,0.0,0,Spring,60.0,20.0,0.0,20.0,3,30,13,3,0,434.0,475.0,592.0,472.0,540.0,545.1428571428571,560.7142857142857,546.5,163.72276218395177,146.0165578447703,149.0079540506824
2023-03-31,699,2387,1163,682,44.29,44.1,2.0,0.0,0,Spring,60.0,20.0,0.0,20.0,4,31,13,3,0,479.0,855.0,609.0,665.0,415.0,545.7142857142857,552.6428571428571,544.3214285714286,163.44388872608462,147.2719134238313,149.5514413099503
2023-04-01,546,2431,0,583,38.46,37.37,4.0,0.0,0,Spring,40.0,40.0,0.0,20.0,5,1,13,4,1,699.0,509.0,605.0,442.0,421.0,523.4285714285714,559.0714285714286,554.4642857142857,118.77549851555668,151.8154062749152,150.08552676362652
2023-04-02,618,2369,0,677,40.49,37.62,4.0,0.0,0,Spring,60.0,20.0,0.0,20.0,6,2,13,4,1,546.0,359.0,726.0,840.0,431.0,528.7142857142857,554.8571428571429,558.9285714285714,118.84964491002091,151.26027346818566,147.81042126629822
2023-04-03,495,2564,647,520,38.65,35.26,3.0,0.0,0,Spring,20.0,60.0,0.0,20.0,0,3,14,4,0,618.0,532.0,364.0,405.0,617.0,565.7142857142857,547.1428571428571,565.6071428571429,95.16426900490588,144.461790073392,146.0300170273762
2023-04-04,466,2748,406,529,29.07,30.58,22.0,100.0,0,Spring,40.0,40.0,0.0,20.0,1,4,14,4,0,495.0,652.0,716.0,405.0,508.0,560.4285714285714,556.5,561.25,98.32405121647012,135.66120130111452,146.2596942022923
2023-04-05,555,2282,357,643,39.77,43.14,6.0,0.0,0,Spring,100.0,0.0,0.0,0.0,2,5,14,4,0,466.0,434.0,422.0,858.0,433.0,533.8571428571429,538.6428571428571,559.75,94.51177805160673,129.35853998917835,147.03933084319556
2023-04-06,639,1727,1105,716,34.72,33.07,16.0,100.0,0,Spring,60.0,40.0,0.0,0.0,3,6,14,4,0,555.0,479.0,475.0,592.0,472.0,551.1428571428571,548.1428571428571,564.1071428571429,83.64494121270081,124.94174466702287,144.93685452272555
2023-04-07,618,2498,934,698,40.74,45.56,2.0,0.0,0,Spring,100.0,0.0,0.0,0.0,4,7,14,4,0,639.0,699.0,855.0,609.0,665.0,574.0,559.8571428571429,570.0714285714286,82.49848483457131,125.24428876452548,144.44143464507667
2023-04-08,497,1880,0,522,36.15,35.86,3.0,0.0,0,Spring,20.0,40.0,0.0,40.0,5,8,14,4,1,618.0,546.0,509.0,605.0,442.0,562.4285714285714,542.9285714285714,568.3928571428571,66.0930080589899,94.53486478194507,143.5678544660285
2023-04-09,506,2144,1067,609,33.15,33.18,14.0,100.0,0,Spring,40.0,20.0,0.0,40.0,6,9,14,4,1,497.0,618.0,359.0,726.0,840.0,555.4285714285714,542.0714285714286,570.3571428571429,70.56641586207306,94.91977526450282,142.1436973201084
2023-04-10,705,2358,0,685,38.64,39.4,4.0,0.0,0,Spring,60.0,0.0,0.0,40.0,0,10,15,4,0,506.0,495.0,532.0,364.0,405.0,539.4285714285714,552.5714285714286,558.4285714285714,66.60044329896786,80.08141461683196,132.35486210868655
2023-04-11,812,2211,2506,932,39.49,42.04,15.0,100.0,0,Spring,20.0,80.0,0.0,0.0,1,11,15,4,0,705.0,466.0,652.0,716.0,405.0,569.4285714285714,564.9285714285714,569.1428571428571,87.32479056727843,89.46117704234712,131.61524010756253
2023-04-12,208,1974,0,292,30.27,31.24,6.0,0.0,1,Spring,20.0,60.0,0.0,20.0,2,12,15,4,0,812.0,555.0,434.0,422.0,858.0,618.8571428571429,576.3571428571429,583.6785714285714,113.13329685438704,109.43112139455717,135.24054114153006
2023-04-13,333,2258,223,382,35.18,35.83,3.0,0.0,1,Spring,60.0,0.0,0.0,40.0,3,13,15,4,0,208.0,639.0,479.0,475.0,592.0,569.2857142857143,560.2142857142857,560.4642857142857,193.35607419621297,143.43327506406726,142.0254234264795
2023-04-14,327,1925,0,314,31.99,31.37,5.0,0.0,1,Spring,20.0,60.0,0.0,20.0,4,14,15,4,0,333.0,618.0,699.0,855.0,609.0,525.5714285714286,549.7857142857143,551.2142857142857,208.931294243552,154.66051088229864,148.19565574250913
2023-04-15,271,4327,0,304,32.14,30.58,4.0,0.0,1,Spring,0.0,100.0,0.0,0.0,5,15,15,4,1,327.0,497.0,546.0,509.0,605.0,484.0,523.2142857142857,541.1428571428571,216.2960933535324,158.9490380697433,153.60669214918914
2023-04-16,309,4056,0,331,29.24,31.96,7.0,0.0,1,Spring,0.0,20.0,0.0,80.0,6,16,15,4,1,271.0,506.0,618.0,359.0,726.0,451.7142857142857,503.57142857142856,529.2142857142857,230.43705885824457,172.34433970563535,161.24294004478335
2023-04-17,292,3747,101,359,26.46,25.42,18.0,100.0,1,Spring,20.0,40.0,0.0,40.0,0,17,16,4,0,309.0,705.0,495.0,532.0,364.0,423.57142857142856,481.5,514.3214285714286,234.6926054387292,176.30338798612075,161.651214283608
2023-04-18,332,3455,203,370,29.13,26.28,16.0,100.0,1,Spring,0.0,60.0,0.0,40.0,1,18,16,4,0,292.0,812.0,466.0,652.0,716.0,364.57142857142856,467.0,511.75,201.7530314872262,183.3160364800888,164.67535402185143
2023-04-19,358,3224,0,421,30.49,29.43,14.0,100.0,1,Spring,20.0,60.0,0.0,20.0,2,19,16,4,0,332.0,208.0,555.0,434.0,422.0,296.0,457.4285714285714,498.0357142857143,45.05552130427497,186.836709572707,163.01680943611316
2023-04-20,370,3069,227,411,35.48,38.72,4.0,0.0,1,Spring,40.0,0.0,0.0,60.0,3,20,16,4,0,358.0,333.0,639.0,479.0,475.0,317.42857142857144,443.3571428571428,495.75,29.056595022226706,186.3407165312044,164.5637611428511
2023-04-21,321,2699,0,349,32.94,31.45,7.0,0.0,1,Spring,20.0,60.0,0.0,20.0,4,21,16,4,0,370.0,327.0,618.0,699.0,855.0,322.7142857142857,424.1428571428572,492.0,35.09850084981888,178.311247819371,166.2419031723658
2023-04-22,254,2605,414,314,31.87,32.91,4.0,0.0,1,Spring,60.0,0.0,0.0,40.0,5,22,16,4,1,321.0,271.0,497.0,546.0,509.0,321.85714285714283,402.9285714285714,472.9285714285714,35.04962468381317,170.99053697869888,153.172603819503
2023-04-23,419,2351,562,498,33.81,37.72,13.0,100.0,1,Spring,60.0,0.0,0.0,40.0,6,23,16,4,1,254.0,309.0,506.0,618.0,359.0,319.42857142857144,385.57142857142856,463.82142857142856,39.47090549952402,173.02810544742533,158.43869092828507
2023-04-24,384,1932,458,428,33.12,30.72,8.0,0.0,1,Spring,0.0,80.0,0.0,20.0,0,24,17,4,0,419.0,292.0,705.0,495.0,532.0,335.1428571428572,379.3571428571428,465.9642857142857,53.89009980639146,169.90432019809882,157.37063638356125
2023-04-25,291,1901,0,373,26.87,28.55,18.0,100.0,1,Spring,40.0,40.0,0.0,20.0,1,25,17,4,0,384.0,332.0,812.0,466.0,652.0,348.2857142857143,356.42857142857144,460.6785714285714,52.82270435369692,141.935908768015,157.55588157890418
2023-04-26,350,2233,0,396,33.31,34.83,2.0,0.0,1,Spring,40.0,40.0,0.0,20.0,2,26,17,4,0,291.0,358.0,208.0,555.0,434.0,342.42857142857144,319.2142857142857,447.7857142857143,57.03465947081965,54.94217739717784,156.08363312372117
2023-04-27,250,1883,0,280,29.92,30.18,6.0,0.0,1,Spring,60.0,20.0,0.0,20.0,3,27,17,4,0,350.0,370.0,333.0,639.0,479.0,341.2857142857143,329.35714285714283,444.7857142857143,56.75007866577284,45.04802077588174,157.16194929714433
2023-04-28,385,2091,538,392,29.8,29.07,17.0,100.0,1,Spring,40.0,60.0,0.0,0.0,4,28,17,4,0,250.0,321.0,327.0,618.0,699.0,324.1428571428572,323.42857142857144,436.6071428571428,64.25840689857503,49.74815695962235,161.22157269622872
2023-04-29,266,1706,233,285,32.52,36.34,3.0,0.0,1,Spring,80.0,20.0,0.0,0.0,5,29,17,4,1,385.0,254.0,271.0,497.0,546.0,333.2857142857143,327.57142857142856,425.3928571428572,68.17065420867011,52.41214522449034,153.00528659124032
2023-04-30,271,1594,0,277,29.68,33.24,5.0,0.0,1,Spring,40.0,20.0,0.0,40.0,6,30,17,4,1,266.0,419.0,309.0,506.0,618.0,335.0,327.2142857142857,415.3928571428572,65.95958358469711,52.84255070334193,153.97771346329995
2023-05-01,549,1556,2232,687,34.21,35.87,16.0,100.0,1,Spring,0.0,40.0,0.0,60.0,0,1,18,5,0,271.0,384.0,292.0,705.0,495.0,313.85714285714283,324.5,403.0,57.75646737647224,54.79015913886031,151.00233012673536
2023-05-02,532,1391,0,517,29.83,32.3,20.0,100.0,1,Spring,20.0,0.0,0.0,80.0,1,2,18,5,0,549.0,291.0,332.0,812.0,466.0,337.42857142857144,342.85714285714283,404.9285714285714,105.27560202132476,80.21687635870236,152.55768273294672
2023-05-03,233,1117,0,310,31.98,31.38,2.0,0.0,1,Spring,0.0,80.0,0.0,20.0,2,3,18,5,0,532.0,350.0,358.0,208.0,555.0,371.8571428571428,357.1428571428572,407.2857142857143,125.10186325741184,94.645782662643,154.03892176326502
2023-05-04,448,1103,0,417,27.72,29.05,24.0,100.0,1,Spring,40.0,20.0,0.0,40.0,3,4,18,5,0,233.0,250.0,370.0,333.0,639.0,355.1428571428572,348.2142857142857,395.7857142857143,135.8619747776256,100.28664959959612,154.6212474362111
2023-05-05,256,2410,153,306,31.48,34.77,6.0,0.0,1,Spring,80.0,20.0,0.0,0.0,4,5,18,5,0,448.0,385.0,321.0,327.0,618.0,383.4285714285714,353.7857142857143,388.9642857142857,130.84196210550738,103.6986600102054,147.545217712541
2023-05-06,340,2154,507,377,30.73,32.33,7.0,0.0,1,Spring,60.0,0.0,0.0,40.0,5,6,18,5,1,256.0,266.0,254.0,271.0,497.0,365.0,349.1428571428572,376.0357142857143,139.38914352751192,106.69140052063722,142.5067853206777
2023-05-07,218,1967,0,299,29.18,31.58,7.0,0.0,1,Spring,0.0,60.0,0.0,40.0,6,7,18,5,1,340.0,271.0,419.0,309.0,506.0,375.57142857142856,355.2857142857143,370.4285714285714,133.30273458417508,103.2110821207081,140.64755756761403
2023-05-08,439,1749,596,493,28.23,28.87,21.0,100.0,1,Spring,60.0,0.0,0.0,40.0,0,8,19,5,0,218.0,549.0,384.0,292.0,705.0,368.0,340.92857142857144,360.1428571428572,141.4861595115696,107.55496933462216,140.89652475426973
2023-05-09,262,1453,0,265,29.77,29.51,6.0,0.0,1,Spring,40.0,40.0,0.0,20.0,1,9,19,5,0,439.0,532.0,291.0,332.0,812.0,352.2857142857143,344.85714285714283,350.6428571428572,122.92370843428894,110.22065780330604,124.83536247741492
2023-05-10,296,1760,479,311,31.83,33.73,5.0,0.0,1,Spring,40.0,20.0,0.0,40.0,2,10,19,5,0,262.0,233.0,350.0,358.0,208.0,313.7142857142857,342.7857142857143,331.0,96.69662918239744,111.5748652226416,87.1286830349642
2023-05-11,322,1464,733,403,28.37,26.42,23.0,100.0,1,Spring,20.0,60.0,0.0,20.0,3,11,19,5,0,296.0,448.0,250.0,370.0,333.0,322.7142857142857,338.92857142857144,334.1428571428572,90.67655758374418,112.23770399381075,84.06069865401375
2023-05-12,443,1533,737,509,33.24,31.68,15.0,100.0,1,Spring,40.0,40.0,0.0,20.0,4,12,19,5,0,322.0,256.0,385.0,321.0,327.0,304.7142857142857,344.07142857142856,333.75,72.30655637795286,109.46475673491013,84.09193602066463
2023-05-13,440,1239,331,482,33.89,34.76,8.0,0.0,0,Spring,60.0,20.0,0.0,20.0,5,13,19,5,1,443.0,340.0,266.0,254.0,271.0,331.42857142857144,348.2142857142857,337.8928571428572,84.77786099145044,112.19637905265728,86.5680375905275
2023-05-14,611,1584,220,674,40.17,43.92,2.0,0.0,0,Spring,40.0,40.0,0.0,20.0,6,14,19,5,1,440.0,218.0,271.0,419.0,309.0,345.7142857142857,360.6428571428572,343.92857142857144,94.34813950773702,112.02582610400958,87.61655879833003
2023-05-15,454,1431,1073,505,32.74,36.59,8.0,0.0,0,Spring,20.0,0.0,0.0,80.0,0,15,20,5,0,611.0,439.0,549.0,384.0,292.0,401.8571428571428,384.9285714285714,354.7142857142857,119.31111791087552,126.95636093720412,100.76002188656898
2023-05-16,521,2085,1443,688,39.15,39.61,8.0,0.0,0,Spring,20.0,20.0,0.0,60.0,1,16,20,5,0,454.0,262.0,532.0,291.0,332.0,404.0,378.1428571428572,360.5,120.22063050907686,119.85238173100056,101.67249527918622
2023-05-17,446,1564,0,522,35.57,37.29,3.0,0.0,0,Spring,40.0,0.0,0.0,60.0,2,17,20,5,0,521.0,296.0,233.0,350.0,358.0,441.0,377.3571428571428,367.25,108.52035139395122,118.797569997718,105.89639416097296
2023-05-18,657,1423,0,720,35.56,34.86,17.0,100.0,0,Spring,40.0,20.0,0.0,40.0,3,18,20,5,0,446.0,322.0,448.0,250.0,370.0,462.4285714285714,392.57142857142856,370.3928571428572,87.98268227868691,112.35227174842989,106.91268132719934
2023-05-19,418,2261,590,457,33.82,36.09,4.0,0.0,0,Spring,40.0,60.0,0.0,0.0,4,19,20,5,0,657.0,443.0,256.0,385.0,321.0,510.2857142857143,407.5,380.6428571428572,89.95501521263144,132.38333034731457,119.8487362333013
2023-05-20,546,2559,295,684,41.66,40.54,3.0,0.0,0,Spring,80.0,20.0,0.0,0.0,5,20,20,5,1,418.0,440.0,340.0,266.0,254.0,506.7142857142857,419.07142857142856,384.1071428571428,93.49815378875005,124.99628565910064,119.4621710729391
2023-05-21,700,2165,1799,774,36.5,37.0,20.0,100.0,0,Spring,60.0,0.0,0.0,40.0,6,21,20,5,1,546.0,611.0,218.0,271.0,419.0,521.8571428571429,433.7857142857143,394.5357142857143,89.38573445360014,127.07973182910914,120.42501344170036
2023-05-22,593,2198,0,627,36.11,36.21,6.0,0.0,0,Spring,40.0,40.0,0.0,20.0,0,22,21,5,0,700.0,454.0,439.0,549.0,384.0,534.5714285714286,468.2142857142857,404.57142857142856,108.47097483176032,129.39277031963204,133.53441186989593
2023-05-23,508,1605,715,584,37.56,35.19,6.0,0.0,0,Spring,0.0,60.0,0.0,40.0,1,23,21,5,0,593.0,521.0,262.0,532.0,291.0,554.4285714285714,479.2142857142857,412.0357142857143,103.88913504766695,133.2078645006938,138.10502770445586
2023-05-24,534,1097,365,599,39.69,42.14,6.0,0.0,0,Spring,40.0,20.0,0.0,40.0,2,24,21,5,0,508.0,446.0,296.0,233.0,350.0,552.5714285714286,496.7857142857143,419.7857142857143,104.6993427914062,117.66979781864735,137.14667928977167
2023-05-25,545,2527,626,582,33.82,32.36,16.0,100.0,0,Spring,0.0,60.0,0.0,40.0,3,25,21,5,0,534.0,657.0,322.0,448.0,250.0,565.1428571428571,513.7857142857143,426.3571428571428,94.56290423386363,102.66613445939797,138.08403621780798
2023-05-26,437,2897,391,530,38.1,41.08,3.0,0.0,0,Spring,40.0,0.0,0.0,60.0,4,26,21,5,0,545.0,418.0,443.0,256.0,385.0,549.1428571428571,529.7142857142857,436.8928571428572,85.46817842805312,86.67572508310114,135.3569599753055
2023-05-27,494,2460,0,527,36.15,36.66,4.0,0.0,0,Spring,0.0,80.0,0.0,20.0,5,27,21,5,1,437.0,546.0,440.0,340.0,266.0,551.8571428571429,529.2857142857143,438.75,80.78248277819596,87.15099943945974,134.97479188516752
2023-05-28,552,2357,1361,750,37.04,34.61,16.0,100.0,0,Spring,60.0,40.0,0.0,0.0,6,28,21,5,1,494.0,700.0,611.0,218.0,271.0,544.4285714285714,533.1428571428571,446.8928571428572,83.74735248125188,84.03466056231906,130.98553476418743
2023-05-29,513,2431,730,619,40.29,37.16,5.0,0.0,0,Spring,40.0,0.0,0.0,60.0,0,29,22,5,0,552.0,593.0,454.0,439.0,549.0,523.2857142857143,528.9285714285714,456.9285714285714,49.67801084891333,81.26354494029746,127.73436805757729
2023-05-30,586,1918,469,641,38.34,40.72,4.0,0.0,0,Spring,40.0,20.0,0.0,40.0,1,30,22,5,0,513.0,508.0,521.0,262.0,532.0,511.8571428571428,533.1428571428571,455.6428571428572,39.02746285813159,78.56389574280111,126.95208028161858
2023-05-31,532,1863,201,569,36.92,37.14,4.0,0.0,0,Spring,20.0,60.0,0.0,20.0,2,31,22,5,0,586.0,534.0,446.0,296.0,233.0,523.0,537.7857142857143,457.57142857142856,47.874836814343176,79.70346828804165,128.5550548068879
2023-06-01,406,2161,0,516,35.91,34.24,3.0,0.0,0,Summer,20.0,60.0,0.0,20.0,3,1,22,6,0,532.0,545.0,657.0,322.0,448.0,522.7142857142857,543.9285714285714,468.25,47.80416399476184,75.27637721777641,121.4308597667971
2023-06-02,394,2686,189,471,34.23,37.08,6.0,0.0,0,Summer,0.0,40.0,0.0,60.0,4,2,22,6,0,406.0,437.0,418.0,443.0,256.0,502.8571428571428,526.0,466.75,63.346740435554366,76.15975113081517,121.94856991249851
2023-06-03,686,2761,1585,706,41.73,37.07,1.0,0.0,0,Summer,20.0,60.0,0.0,20.0,5,3,22,6,1,394.0,494.0,546.0,440.0,340.0,496.7142857142857,524.2857142857143,471.6785714285714,72.2558285670072,78.99506174578126,115.74654736756972
2023-06-04,847,2264,1161,931,39.38,35.88,23.0,100.0,0,Summer,0.0,40.0,0.0,60.0,6,4,22,6,1,686.0,552.0,700.0,611.0,218.0,524.1428571428571,534.2857142857143,484.0357142857143,101.55528637385736,90.04394531511875,119.57408431684298
2023-06-05,690,1652,0,832,37.84,35.49,21.0,100.0,0,Summer,60.0,20.0,0.0,20.0,0,5,23,6,0,847.0,513.0,593.0,454.0,439.0,566.2857142857143,544.7857142857143,506.5,159.6399222058968,115.75450054146664,126.62031315592114
2023-06-06,502,1951,0,618,39.48,43.8,4.0,0.0,0,Summer,20.0,40.0,0.0,40.0,1,6,23,6,0,690.0,586.0,508.0,521.0,262.0,591.5714285714286,551.7142857142857,515.4642857142857,163.75780606621197,121.61694503103308,130.49038055730105
2023-06-07,372,2337,591,574,35.75,40.9,4.0,0.0,0,Summer,40.0,20.0,0.0,40.0,2,7,23,6,0,502.0,532.0,534.0,446.0,296.0,579.5714285714286,551.2857142857143,524.0357142857143,167.27408361016083,121.793285511166,120.7429108854858
2023-06-08,489,2599,454,620,39.34,38.09,8.0,0.0,0,Summer,60.0,20.0,0.0,20.0,3,8,23,6,0,372.0,406.0,545.0,657.0,322.0,556.7142857142857,539.7142857142857,526.75,184.86455788469777,130.91596163565777,116.1954372151913
2023-06-09,696,2110,1523,765,35.4,33.25,17.0,100.0,0,Summer,20.0,20.0,0.0,60.0,4,9,23,6,0,489.0,394.0,437.0,418.0,443.0,568.5714285714286,535.7142857142857,532.7142857142857,176.0377394602809,131.59578469483952,109.38273177509258
2023-06-10,681,1414,1132,823,40.89,45.68,15.0,100.0,0,Summer,20.0,60.0,0.0,20.0,5,10,23,6,1,696.0,686.0,494.0,546.0,440.0,611.7142857142857,554.2142857142857,541.75,162.618894234049,134.81678654405738,112.11291431211389
2023-06-11,732,1599,2140,987,42.56,42.99,16.0,100.0,0,Summer,40.0,0.0,0.0,60.0,6,11,23,6,1,681.0,847.0,552.0,700.0,611.0,611.0,567.5714285714286,550.3571428571429,162.24878017004232,137.62642539509974,113.25723402150034
2023-06-12,779,2314,0,767,43.86,39.83,3.0,0.0,0,Summer,40.0,40.0,0.0,20.0,0,12,24,6,0,732.0,690.0,513.0,593.0,454.0,594.5714285714286,580.4285714285714,554.6785714285714,138.4459667678541,144.3056128156832,117.87125857427432
2023-06-13,532,2922,0,516,37.11,37.73,5.0,0.0,0,Summer,40.0,20.0,0.0,40.0,1,13,24,6,0,779.0,502.0,586.0,508.0,521.0,607.2857142857143,599.4285714285714,566.2857142857143,152.08518916023615,152.04843068813713,123.4593521780002
2023-06-14,474,2390,0,559,38.87,43.71,4.0,0.0,0,Summer,0.0,40.0,0.0,60.0,2,14,24,6,0,532.0,372.0,532.0,534.0,446.0,611.5714285714286,595.5714285714286,566.6785714285714,149.01549935365483,153.09660815501888,123.3273432693798
2023-06-15,728,4056,1348,845,44.24,45.16,4.0,0.0,0,Summer,80.0,0.0,0.0,20.0,3,15,24,6,0,474.0,489.0,406.0,545.0,657.0,626.1428571428571,591.4285714285714,567.6785714285714,124.68550914391074,155.71162413291393,122.42278097473177
2023-06-16,587,3328,0,669,40.42,39.14,4.0,0.0,0,Summer,40.0,20.0,0.0,40.0,4,16,24,6,0,728.0,696.0,394.0,437.0,418.0,660.2857142857143,614.4285714285714,570.2142857142857,113.05266366567766,149.88750360274764,125.04854083969715
2023-06-17,657,3042,689,726,38.2,40.45,13.0,100.0,0,Summer,20.0,60.0,0.0,20.0,5,17,24,6,1,587.0,681.0,686.0,494.0,546.0,644.7142857142857,628.2142857142857,576.25,114.80666979131264,136.31534626143002,121.45647749677978
2023-06-18,544,2385,1955,715,36.47,34.55,18.0,100.0,0,Summer,40.0,60.0,0.0,0.0,6,18,24,6,1,657.0,732.0,847.0,552.0,700.0,641.2857142857143,626.1428571428571,580.2142857142857,113.89719675466772,135.5880963364108,122.2415208429168
2023-06-19,707,3238,0,767,45.49,44.58,5.0,0.0,0,Summer,20.0,0.0,0.0,80.0,0,19,25,6,0,544.0,779.0,690.0,513.0,593.0,614.4285714285714,604.5,574.6428571428571,111.07183432784586,121.02304294256068,120.11636773954515
2023-06-20,924,3259,1010,981,41.96,40.78,18.0,100.0,0,Summer,20.0,0.0,0.0,80.0,1,20,25,6,0,707.0,532.0,502.0,586.0,508.0,604.1428571428571,605.7142857142857,578.7142857142857,95.53957046067131,122.0280097552817,122.66662353346317
2023-06-21,517,2335,0,644,41.0,42.21,6.0,0.0,0,Summer,40.0,60.0,0.0,0.0,2,21,25,6,0,924.0,474.0,372.0,532.0,534.0,660.1428571428571,635.8571428571429,593.5714285714286,147.15006917138345,144.4910735293716,138.01675383309154
2023-06-22,478,3918,0,626,36.97,41.4,8.0,0.0,0,Summer,60.0,0.0,0.0,40.0,3,22,25,6,0,517.0,728.0,489.0,406.0,545.0,666.2857142857143,646.2142857142857,592.9642857142857,138.7416235137753,128.42667981347185,138.32556394322594
2023-06-23,529,3916,0,679,40.39,39.77,4.0,0.0,0,Summer,40.0,60.0,0.0,0.0,4,23,25,6,0,478.0,587.0,696.0,394.0,437.0,630.5714285714286,645.4285714285714,590.5714285714286,151.77269972215834,129.49173676381756,139.75810546200134
2023-06-24,520,3387,0,613,37.37,37.91,7.0,0.0,0,Summer,40.0,60.0,0.0,0.0,5,24,25,6,1,529.0,657.0,681.0,686.0,494.0,622.2857142857143,633.5,593.8571428571429,156.07019177890703,132.13964059049258,137.0695185300246
2023-06-25,737,2867,1823,831,33.95,32.83,18.0,100.0,0,Summer,20.0,60.0,0.0,20.0,6,25,25,6,1,520.0,544.0,732.0,847.0,552.0,602.7142857142857,622.0,594.7857142857143,159.54279915403515,134.66939575807896,136.4546749176376
2023-06-26,709,2130,1134,802,38.85,37.97,16.0,100.0,0,Summer,0.0,60.0,0.0,40.0,0,26,26,6,0,737.0,707.0,779.0,690.0,513.0,630.2857142857143,622.3571428571429,601.3928571428571,164.3103915213667,134.9898042547925,138.7655468195432
2023-06-27,520,1421,353,633,39.97,42.6,2.0,0.0,0,Summer,20.0,40.0,0.0,40.0,1,27,26,6,0,709.0,924.0,532.0,502.0,586.0,630.5714285714286,617.3571428571429,608.3928571428571,164.46768390057397,129.94354226287706,139.08466360743554
2023-06-28,305,1206,0,457,31.69,30.86,4.0,0.0,0,Summer,20.0,40.0,0.0,40.0,2,28,26,6,0,520.0,517.0,474.0,372.0,532.0,572.8571428571429,616.5,606.0357142857143,104.16881902538248,130.58787197780754,140.0342503455534
2023-06-29,369,2724,0,463,34.33,37.55,4.0,0.0,0,Summer,20.0,0.0,0.0,80.0,3,29,26,6,0,305.0,478.0,728.0,489.0,406.0,542.5714285714286,604.4285714285714,597.9285714285714,145.66726598983175,150.99093925220708,150.64796554819245
2023-06-30,523,3537,575,526,33.76,37.11,7.0,0.0,0,Summer,20.0,60.0,0.0,20.0,4,30,26,6,0,369.0,529.0,587.0,696.0,394.0,527.0,578.7857142857143,596.6071428571429,158.94128895077367,158.67925004739712,152.5441865033823
2023-07-01,391,3014,0,469,31.79,32.83,7.0,0.0,0,Summer,20.0,80.0,0.0,0.0,5,1,26,7,1,523.0,520.0,657.0,681.0,686.0,526.1428571428571,574.2142857142857,601.2142857142857,158.94488412804043,159.34489857945462,148.08114820944058
2023-07-02,471,2623,329,536,37.2,36.8,5.0,0.0,0,Summer,40.0,0.0,0.0,60.0,6,2,26,7,1,391.0,737.0,544.0,732.0,847.0,507.7142857142857,555.2142857142857,590.6785714285714,167.0476122604114,164.48997096920695,152.2607543051956
2023-07-03,499,2727,917,763,40.69,40.78,8.0,0.0,0,Summer,20.0,0.0,0.0,80.0,0,3,27,7,0,471.0,709.0,707.0,779.0,690.0,469.7142857142857,550.0,577.25,132.97708359677893,166.022704656738,145.23585543419895
2023-07-04,691,2557,1709,734,32.16,36.01,16.0,100.0,0,Summer,100.0,0.0,0.0,0.0,1,4,27,7,0,499.0,520.0,924.0,532.0,502.0,439.7142857142857,535.1428571428571,570.4285714285714,85.04648588804078,160.09317342043096,144.22601310839417
2023-07-05,551,2226,0,686,38.03,38.18,13.0,100.0,0,Summer,80.0,20.0,0.0,0.0,2,5,27,7,0,691.0,305.0,517.0,474.0,372.0,464.1428571428572,518.5,577.1785714285714,126.43763755494706,124.7741035755294,145.32340780873085
2023-07-06,724,1675,364,780,36.86,34.98,16.0,100.0,0,Summer,0.0,100.0,0.0,0.0,3,6,27,7,0,551.0,369.0,478.0,728.0,489.0,499.2857142857143,520.9285714285714,583.5714285714286,107.61925832259182,125.07318736564687,139.7952016798082
2023-07-07,608,1508,275,762,40.46,40.47,5.0,0.0,0,Summer,60.0,40.0,0.0,0.0,4,7,27,7,0,724.0,523.0,529.0,587.0,696.0,550.0,538.5,591.9642857142857,119.0308083368896,135.42965815393728,140.95664743113855
2023-07-08,805,2609,3146,989,44.32,41.36,16.0,100.0,0,Summer,20.0,0.0,0.0,80.0,5,8,27,7,1,608.0,391.0,520.0,657.0,681.0,562.1428571428571,544.1428571428571,588.8214285714286,120.14772653061816,136.64375757244267,139.52486930092067
2023-07-09,643,2443,0,696,39.42,42.27,3.0,0.0,0,Summer,40.0,20.0,0.0,40.0,6,9,27,7,1,805.0,471.0,737.0,544.0,732.0,621.2857142857143,564.5,593.25,123.7049100153458,153.01872685795928,144.44033113801387
2023-07-10,517,2343,920,577,33.41,35.34,6.0,0.0,0,Summer,60.0,20.0,0.0,20.0,0,10,28,7,0,643.0,499.0,709.0,707.0,779.0,645.8571428571429,557.7857142857143,590.0714285714286,104.46439356933811,146.80346808491353,142.2363522246677
2023-07-11,421,2379,0,655,38.29,41.78,2.0,0.0,0,Summer,20.0,60.0,0.0,20.0,1,11,28,7,0,517.0,691.0,520.0,924.0,532.0,648.4285714285714,544.0714285714286,580.7142857142857,100.3890052792258,140.41995490764032,137.89901220145634
2023-07-12,532,4008,0,586,38.9,38.85,1.0,0.0,0,Summer,40.0,20.0,0.0,40.0,2,12,28,7,0,421.0,551.0,305.0,517.0,474.0,609.8571428571429,537.0,576.75,129.07675826348267,144.16817103113135,140.91384943632335
2023-07-13,548,3476,0,513,36.5,38.01,5.0,0.0,0,Summer,40.0,40.0,0.0,20.0,3,13,28,7,0,532.0,724.0,369.0,478.0,728.0,607.1428571428571,553.2142857142857,578.8214285714286,130.71014825614296,127.91774915722422,139.76913599096625
2023-07-14,621,3848,0,632,34.51,36.96,6.0,0.0,0,Summer,60.0,40.0,0.0,0.0,4,14,28,7,0,548.0,608.0,523.0,529.0,587.0,582.0,566.0,572.3928571428571,121.05646065645016,116.52731604484572,136.76076416047275
2023-07-15,465,3227,893,610,33.1,35.18,16.0,100.0,0,Summer,0.0,80.0,0.0,20.0,5,15,28,7,1,621.0,805.0,391.0,520.0,657.0,583.8571428571429,573.0,573.6071428571429,121.62021291905464,116.68893560362808,137.04590722758022
2023-07-16,594,2762,1563,675,36.27,38.33,18.0,100.0,0,Summer,20.0,60.0,0.0,20.0,6,16,28,7,1,465.0,643.0,471.0,737.0,544.0,535.2857142857143,578.2857142857143,566.75,79.01205453539812,109.24948763930432,137.52134514456367
2023-07-17,522,2168,0,701,41.72,46.32,3.0,0.0,0,Summer,40.0,20.0,0.0,40.0,0,17,29,7,0,594.0,517.0,499.0,709.0,707.0,528.2857142857143,587.0714285714286,568.5357142857143,69.47353041678095,104.81372802461296,137.5396191117187
2023-07-18,719,2048,574,855,38.88,43.93,13.0,100.0,0,Summer,20.0,60.0,0.0,20.0,1,18,29,7,0,522.0,421.0,691.0,520.0,924.0,529.0,588.7142857142857,561.9285714285714,69.36377536822295,103.49911078876904,135.06292869990102
2023-07-19,632,2549,935,617,36.73,39.35,5.0,0.0,0,Summer,20.0,60.0,0.0,20.0,2,19,29,7,0,719.0,532.0,551.0,305.0,517.0,571.5714285714286,590.7142857142857,554.6071428571429,82.27769471502616,105.87105987323103,119.35143850417433
2023-07-20,509,2751,387,565,38.1,40.37,4.0,0.0,0,Summer,20.0,80.0,0.0,0.0,3,20,29,7,0,632.0,548.0,724.0,369.0,478.0,585.8571428571429,596.5,558.7142857142857,82.9405983649917,105.74697667982298,119.98637488785964
2023-07-21,498,3028,0,672,42.64,40.85,5.0,0.0,0,Summer,0.0,60.0,0.0,40.0,4,21,29,7,0,509.0,621.0,608.0,523.0,529.0,580.2857142857143,581.1428571428571,559.8214285714286,87.11240685787205,101.32571785534536,119.35538392530732
2023-07-22,670,2917,859,760,37.5,36.29,14.0,100.0,0,Summer,40.0,40.0,0.0,20.0,5,22,29,7,1,498.0,465.0,805.0,391.0,520.0,562.7142857142857,573.2857142857143,558.7142857142857,89.89199869049203,103.32802774988636,119.7948422629458
2023-07-23,661,2970,905,699,39.92,36.91,6.0,0.0,0,Summer,60.0,20.0,0.0,20.0,6,23,29,7,1,670.0,594.0,643.0,471.0,737.0,592.0,563.6428571428571,564.0714285714286,86.06392972668638,84.65187275211063,121.34338437350742
2023-07-24,760,2309,1790,837,37.38,38.2,13.0,100.0,0,Summer,0.0,80.0,0.0,20.0,0,24,30,7,0,661.0,522.0,517.0,499.0,709.0,601.5714285714286,564.9285714285714,561.3571428571429,89.9608380405185,86.07462262095972,118.13965818461922
2023-07-25,615,1788,0,699,37.33,41.59,4.0,0.0,0,Summer,0.0,60.0,0.0,40.0,1,25,30,7,0,760.0,719.0,421.0,691.0,520.0,635.5714285714286,582.2857142857143,563.1785714285714,99.35937657959497,99.17073744222697,120.86204366087571
2023-07-26,571,2032,1184,717,40.57,44.3,7.0,0.0,0,Summer,60.0,0.0,0.0,40.0,2,26,30,7,0,615.0,632.0,532.0,551.0,305.0,620.7142857142857,596.1428571428571,566.5714285714286,92.33221591209715,87.80297624433115,120.93843814150097
2023-07-27,355,2127,857,826,38.19,40.65,19.0,100.0,0,Summer,80.0,20.0,0.0,0.0,3,27,30,7,0,571.0,509.0,548.0,724.0,369.0,612.0,598.9285714285714,576.0714285714286,93.95388939971224,86.21570826507367,109.54076818326466
2023-07-28,590,3897,0,681,40.65,41.97,5.0,0.0,0,Summer,40.0,20.0,0.0,40.0,4,28,30,7,0,355.0,498.0,621.0,608.0,523.0,590.0,585.1428571428571,575.5714285714286,132.2976442219085,107.73104483842144,110.54827287172093
2023-07-29,569,3730,0,681,39.28,40.47,8.0,0.0,0,Summer,60.0,20.0,0.0,20.0,5,29,30,7,1,590.0,670.0,465.0,805.0,391.0,603.1428571428571,582.9285714285714,577.9642857142857,126.05743211122548,107.25488282642355,110.09237943918664
2023-07-30,642,4444,421,783,45.59,45.26,5.0,0.0,0,Summer,20.0,20.0,0.0,60.0,6,30,30,7,1,569.0,661.0,594.0,643.0,471.0,588.7142857142857,590.3571428571429,584.3214285714286,122.86946228377816,101.92803429785216,103.85925432523835
2023-07-31,437,3802,691,519,36.43,35.96,6.0,0.0,0,Summer,0.0,80.0,0.0,20.0,0,31,31,7,0,642.0,760.0,522.0,517.0,499.0,586.0,593.7857142857143,590.4285714285714,121.20506040040854,102.86299968062691,101.9591161969405
2023-08-01,662,3786,0,731,39.76,43.8,7.0,0.0,0,Summer,40.0,20.0,0.0,40.0,1,1,31,8,0,437.0,615.0,719.0,421.0,691.0,539.8571428571429,587.7142857142857,588.2142857142857,104.21520773768816,109.70690222408226,104.6558229141652
2023-08-02,799,3124,1617,883,39.29,42.13,17.0,100.0,0,Summer,80.0,0.0,0.0,20.0,2,2,31,8,0,662.0,571.0,632.0,532.0,551.0,546.5714285714286,583.6428571428571,587.1785714285714,111.14683552678876,105.43434496833112,103.74043590773984
2023-08-03,425,2325,0,599,35.73,33.89,18.0,100.0,0,Summer,20.0,60.0,0.0,20.0,3,3,31,8,0,799.0,355.0,509.0,548.0,724.0,579.1428571428571,595.5714285714286,596.0357142857143,147.09342674122527,119.7951548305651,110.87847272706074
2023-08-04,443,3124,324,529,35.82,36.81,3.0,0.0,0,Summer,40.0,20.0,0.0,40.0,4,4,31,8,0,425.0,590.0,498.0,621.0,608.0,589.1428571428571,589.5714285714286,585.3571428571429,130.79172829531777,126.38689944629664,112.48447276738442
2023-08-05,566,2998,0,626,31.5,33.49,16.0,100.0,0,Summer,60.0,20.0,0.0,20.0,5,5,31,8,1,443.0,569.0,670.0,465.0,805.0,568.1428571428571,585.6428571428571,579.4642857142857,141.95589522973745,130.2480515979218,115.53498176129098
2023-08-06,791,3199,1010,880,42.21,39.61,16.0,100.0,0,Summer,80.0,20.0,0.0,0.0,6,6,31,8,1,566.0,642.0,661.0,594.0,643.0,567.7142857142857,578.2142857142857,570.9285714285714,141.95740474489088,128.0133277745409,106.74994269108576
2023-08-07,303,2732,293,458,35.04,34.8,3.0,0.0,0,Summer,80.0,0.0,0.0,20.0,0,7,32,8,0,791.0,437.0,760.0,522.0,517.0,589.0,587.5,576.2142857142857,164.3563202313803,138.74533949206793,113.87691768287463
2023-08-08,789,2829,1859,827,42.83,47.1,5.0,0.0,0,Summer,80.0,0.0,0.0,20.0,1,8,32,8,0,303.0,662.0,615.0,719.0,421.0,569.8571428571429,554.8571428571429,568.5714285714286,190.70258569425903,148.45867445851047,124.66827942255289
2023-08-09,520,2040,0,551,36.67,38.67,8.0,0.0,0,Summer,40.0,20.0,0.0,40.0,2,9,32,8,0,789.0,799.0,571.0,632.0,532.0,588.0,567.2857142857143,581.7142857142857,206.33064080095656,160.6627756281069,127.89082645781644
2023-08-10,1163,2423,2874,1256,44.18,47.8,15.0,100.0,0,Summer,60.0,0.0,0.0,40.0,3,10,32,8,0,520.0,425.0,355.0,509.0,548.0,548.1428571428571,563.6428571428571,581.2857142857143,184.5791867748804,161.1495278605255,128.08355407856487
2023-08-11,696,1260,1327,916,41.49,43.51,18.0,100.0,0,Summer,40.0,20.0,0.0,40.0,4,11,32,8,0,1163.0,443.0,590.0,498.0,621.0,653.5714285714286,621.3571428571429,603.25,285.62671276969024,216.02407527611595,168.514341625077
2023-08-12,512,2824,0,613,35.09,34.9,4.0,0.0,0,Summer,0.0,60.0,0.0,40.0,5,12,32,8,1,696.0,566.0,569.0,670.0,465.0,689.7142857142857,628.9285714285714,605.9285714285714,270.1269542799673,216.6970463345308,169.40067090064056
2023-08-13,381,2881,0,503,34.33,33.39,6.0,0.0,0,Summer,20.0,40.0,0.0,40.0,6,13,32,8,1,512.0,791.0,642.0,661.0,594.0,682.0,624.8571428571429,607.6071428571429,274.97636262049895,218.43811203910525,168.1809737963536
2023-08-14,761,5731,0,720,42.55,44.04,8.0,0.0,0,Summer,0.0,60.0,0.0,40.0,0,14,33,8,0,381.0,303.0,437.0,760.0,522.0,623.4285714285714,606.2142857142857,600.0,291.08352589526453,227.7995672891913,173.55071838471795
2023-08-15,415,4970,0,505,34.9,38.0,7.0,0.0,0,Summer,0.0,0.0,0.0,100.0,1,15,33,8,0,761.0,789.0,662.0,615.0,719.0,688.8571428571429,629.3571428571429,608.5357142857143,256.47054968776234,225.73490481701575,175.43944447372292
2023-08-16,512,4555,920,734,40.23,37.74,6.0,0.0,0,Summer,40.0,40.0,0.0,20.0,2,16,33,8,0,415.0,520.0,799.0,571.0,632.0,635.4285714285714,611.7142857142857,597.6785714285714,270.6934657152855,232.53731828591367,177.7416047028041
2023-08-17,765,4043,1176,866,36.2,32.38,19.0,100.0,0,Summer,60.0,20.0,0.0,20.0,3,17,33,8,0,512.0,1163.0,425.0,355.0,509.0,634.2857142857143,591.2142857142857,593.3928571428571,271.2782791929808,227.349334241866,178.32914621994416
2023-08-18,487,3278,0,470,37.14,34.46,7.0,0.0,0,Summer,60.0,20.0,0.0,20.0,4,18,33,8,0,765.0,696.0,443.0,590.0,498.0,577.4285714285714,615.5,602.5357142857143,161.48772620321876,226.38590265976552,180.39267500585223
2023-08-19,429,2791,237,530,37.21,37.54,3.0,0.0,0,Summer,60.0,20.0,0.0,20.0,5,19,33,8,1,487.0,512.0,566.0,569.0,670.0,547.5714285714286,618.6428571428571,602.1428571428571,155.10626157880407,224.10080394695203,180.64057094965048
2023-08-20,665,3282,977,773,40.98,45.59,9.0,0.0,0,Summer,60.0,40.0,0.0,0.0,6,20,33,8,1,429.0,381.0,791.0,642.0,661.0,535.7142857142857,608.8571428571429,593.5357142857143,161.32649532931066,229.50242403373989,183.0135558919379
2023-08-21,619,4030,0,674,38.62,39.43,5.0,0.0,0,Summer,40.0,40.0,0.0,20.0,0,21,34,8,0,665.0,761.0,303.0,437.0,760.0,576.2857142857143,599.8571428571429,593.6785714285714,151.33485419835753,224.21996656540944,183.06972028921743
2023-08-22,606,3871,0,608,38.32,43.04,4.0,0.0,0,Summer,60.0,20.0,0.0,20.0,1,22,34,8,0,619.0,415.0,789.0,662.0,615.0,556.0,622.4285714285714,588.6428571428571,130.5360741966246,207.30494605614348,180.24267885388053
2023-08-23,761,3782,1573,814,33.88,37.97,19.0,100.0,0,Summer,20.0,60.0,0.0,20.0,2,23,34,8,0,606.0,512.0,520.0,799.0,571.0,583.2857142857143,609.3571428571429,588.3214285714286,115.21387978554552,201.6873464406868,180.20195534176244
2023-08-24,655,3021,958,777,35.07,37.38,14.0,100.0,0,Summer,80.0,0.0,0.0,20.0,3,24,34,8,0,761.0,765.0,1163.0,425.0,355.0,618.8571428571429,626.5714285714286,595.1071428571429,127.33738462764812,203.7482286041784,183.07989336488373
2023-08-25,666,2366,631,620,38.31,36.26,6.0,0.0,0,Summer,20.0,60.0,0.0,20.0,4,25,34,8,0,655.0,487.0,696.0,443.0,590.0,603.1428571428571,590.2857142857143,605.8214285714286,112.18203743830642,134.2480073316822,177.19147491645475
2023-08-26,611,1700,277,727,42.77,45.41,3.0,0.0,0,Summer,20.0,40.0,0.0,40.0,5,26,34,8,1,666.0,429.0,512.0,566.0,569.0,628.7142857142857,588.1428571428571,608.5357142857143,101.15452582676753,132.66084991021663,177.52193023478972
2023-08-27,753,2930,0,803,37.18,35.71,17.0,100.0,0,Summer,20.0,20.0,0.0,60.0,6,27,34,8,1,611.0,665.0,381.0,791.0,642.0,654.7142857142857,595.2142857142857,610.0357142857143,53.36888695895955,130.91698988961733,177.35285651571996
2023-08-28,578,3775,0,570,37.43,36.05,5.0,0.0,0,Summer,40.0,60.0,0.0,0.0,0,28,35,8,0,753.0,619.0,761.0,303.0,437.0,667.2857142857143,621.7857142857143,614.0,65.23985051514308,121.50794755357042,179.3234198003393
2023-08-29,552,3197,439,589,37.24,42.77,8.0,0.0,0,Summer,40.0,60.0,0.0,0.0,1,29,35,8,0,578.0,606.0,415.0,789.0,662.0,661.4285714285714,608.7142857142857,619.0357142857143,71.80728176366118,115.0514457311818,176.1200100400513
2023-08-30,707,2645,2810,834,39.5,42.9,8.0,0.0,0,Summer,40.0,0.0,0.0,60.0,2,30,35,8,0,552.0,761.0,512.0,520.0,799.0,653.7142857142857,618.5,615.1071428571429,81.05906136004496,102.44304233610411,176.3528322102349
2023-08-31,515,2377,0,620,38.16,40.37,4.0,0.0,0,Summer,40.0,40.0,0.0,20.0,3,31,35,8,0,707.0,655.0,765.0,1163.0,425.0,646.0,632.4285714285714,611.8214285714286,71.1055553385254,100.07821117330306,173.63585855364445
2023-09-01,556,1862,291,526,37.08,36.57,7.0,0.0,0,Autumn,60.0,0.0,0.0,40.0,4,1,35,9,0,515.0,666.0,487.0,696.0,443.0,626.0,614.5714285714286,615.0357142857143,86.23224454924086,96.85573275254735,170.86023791236724
2023-09-02,455,1580,213,480,34.62,32.66,5.0,0.0,0,Autumn,0.0,60.0,20.0,20.0,5,2,35,9,1,556.0,611.0,429.0,512.0,566.0,610.2857142857143,619.5,619.0714285714286,87.73770433459511,91.47067625957796,167.95610726691007
2023-09-03,476,3661,0,554,30.17,32.5,22.0,100.0,0,Autumn,40.0,20.0,40.0,0.0,6,3,35,9,1,455.0,753.0,665.0,381.0,791.0,588.0,621.3571428571429,615.1071428571429,105.53356496079046,87.48240011379565,170.54516927167597
2023-09-04,453,3689,0,479,32.91,36.79,2.0,0.0,0,Autumn,40.0,40.0,0.0,20.0,0,4,36,9,0,476.0,578.0,619.0,761.0,303.0,548.4285714285714,607.8571428571429,603.8571428571429,82.84696160764769,94.52867464251388,168.89416240722454
2023-09-05,357,3236,275,450,35.51,35.09,5.0,0.0,0,Autumn,20.0,0.0,0.0,80.0,1,5,36,9,0,453.0,552.0,606.0,415.0,789.0,530.5714285714286,596.0,609.2142857142857,88.6770491594022,103.0503984241912,161.20158926310938
2023-09-06,534,2879,1319,644,42.24,44.91,3.0,0.0,0,Autumn,20.0,0.0,40.0,40.0,2,6,36,9,0,357.0,707.0,761.0,512.0,520.0,502.7142857142857,578.2142857142857,593.7857142857143,109.10043428834152,121.0989287708628,164.00595227293496
2023-09-07,608,2620,0,689,34.32,34.81,20.0,100.0,0,Autumn,20.0,80.0,0.0,0.0,3,7,36,9,0,534.0,515.0,655.0,765.0,1163.0,478.0,562.0,594.2857142857143,66.31741852635656,109.37163181627042,163.79387614448137
2023-09-08,653,2373,934,682,33.34,38.79,18.0,100.0,0,Autumn,0.0,60.0,20.0,20.0,4,8,36,9,0,608.0,556.0,666.0,487.0,696.0,491.2857142857143,558.6428571428571,574.4642857142857,82.34422522904312,106.9928877167917,120.20337153799125
2023-09-09,645,2157,870,706,36.42,38.49,16.0,100.0,0,Autumn,20.0,60.0,0.0,20.0,5,9,36,9,1,653.0,455.0,611.0,429.0,512.0,505.1428571428572,557.7142857142857,572.9285714285714,101.07988354337782,106.041667116446,118.86030660726196
2023-09-10,440,2033,430,529,37.09,35.37,4.0,0.0,0,Autumn,40.0,40.0,20.0,0.0,6,10,36,9,1,645.0,476.0,753.0,665.0,381.0,532.2857142857143,560.1428571428571,577.6785714285714,110.44714314354816,107.73175886493196,118.99270241284994
2023-09-11,700,1593,648,711,43.37,41.37,3.0,0.0,0,Autumn,20.0,20.0,0.0,60.0,0,11,37,9,0,440.0,453.0,578.0,619.0,761.0,527.1428571428571,537.7857142857143,579.7857142857143,114.27660677996543,96.52514903176478,115.86210102974265
2023-09-12,521,1827,0,587,36.33,34.0,8.0,0.0,0,Autumn,60.0,40.0,0.0,0.0,1,12,37,9,0,700.0,357.0,552.0,606.0,415.0,562.4285714285714,546.5,577.6071428571429,125.18101179606168,105.52269169016895,112.86318800365795
2023-09-13,397,2479,290,493,35.04,37.33,6.0,0.0,0,Autumn,0.0,40.0,40.0,20.0,2,13,37,9,0,521.0,534.0,707.0,761.0,512.0,585.8571428571429,544.2857142857143,581.3928571428571,91.00811057524618,105.72346262514554,108.9156449958754
2023-09-14,572,2857,952,651,33.55,36.31,18.0,100.0,0,Autumn,20.0,20.0,0.0,60.0,3,14,37,9,0,397.0,608.0,515.0,655.0,765.0,566.2857142857143,522.1428571428571,577.2857142857143,115.46386777648144,101.39781301150688,113.69284714555847
2023-09-15,633,2575,328,761,38.82,38.04,18.0,100.0,0,Autumn,80.0,20.0,0.0,0.0,4,15,37,9,0,572.0,653.0,556.0,666.0,487.0,561.1428571428571,526.2142857142857,570.3928571428571,114.08977250602356,102.2298906849194,107.57679058707647
2023-09-16,474,1942,0,516,34.59,38.7,7.0,0.0,0,Autumn,0.0,60.0,20.0,20.0,5,16,37,9,1,633.0,645.0,455.0,611.0,429.0,558.2857142857143,531.7142857142857,575.6071428571429,111.62991577188484,105.95893876071388,106.9213415573482
2023-09-17,584,2205,721,596,38.6,42.76,4.0,0.0,0,Autumn,100.0,0.0,0.0,0.0,6,17,37,9,1,474.0,440.0,476.0,753.0,665.0,533.8571428571429,533.0714285714286,577.2142857142857,108.14716604613136,105.01828726150828,104.95620149759642
2023-09-18,527,2164,1064,663,33.92,34.17,18.0,100.0,0,Autumn,20.0,80.0,0.0,0.0,0,18,38,9,0,584.0,700.0,453.0,578.0,619.0,554.4285714285714,540.7857142857143,574.3214285714286,100.76185975334312,104.4687502568102,103.5539056514104
2023-09-19,631,1637,1139,767,36.82,40.35,12.0,100.0,0,Autumn,40.0,20.0,20.0,20.0,1,19,38,9,0,527.0,521.0,357.0,552.0,606.0,529.7142857142857,546.0714285714286,571.0357142857143,77.6782129165234,101.51579209145756,103.54332860919013
2023-09-20,431,1269,0,492,36.68,38.18,5.0,0.0,0,Autumn,0.0,40.0,20.0,40.0,2,20,38,9,0,631.0,397.0,534.0,707.0,761.0,545.4285714285714,565.6428571428571,571.9285714285714,86.27254708742741,87.73790264440748,103.96293091910614
2023-09-21,507,1559,244,561,38.08,37.37,4.0,0.0,0,Autumn,20.0,40.0,0.0,40.0,3,21,38,9,0,431.0,572.0,608.0,515.0,655.0,550.2857142857143,558.2857142857143,560.1428571428571,76.97989842747758,94.64218328601063,100.3784373649566
2023-09-22,502,2479,464,515,32.75,32.05,8.0,0.0,0,Autumn,20.0,20.0,40.0,20.0,4,22,38,9,0,507.0,633.0,653.0,556.0,666.0,541.0,551.0714285714286,554.8571428571429,77.83957862167546,94.4102865041844,99.0868359480758
2023-09-23,642,2734,1592,759,35.52,38.55,12.0,100.0,0,Autumn,40.0,0.0,0.0,60.0,5,23,38,9,1,502.0,474.0,645.0,455.0,611.0,522.2857142857143,540.2857142857143,549.0,67.03162011497314,90.41054105615083,97.100940225069
2023-09-24,463,2092,133,430,34.69,33.22,4.0,0.0,0,Autumn,0.0,40.0,40.0,20.0,6,24,38,9,1,642.0,584.0,440.0,476.0,753.0,546.2857142857143,540.0714285714286,550.1071428571429,76.29703857449577,90.1464315482267,98.00655279895432
2023-09-25,434,1629,0,431,33.59,34.46,2.0,0.0,0,Autumn,20.0,0.0,40.0,40.0,0,25,39,9,0,463.0,527.0,700.0,453.0,578.0,529.0,541.7142857142857,539.75,79.94789970140963,88.37457741944758,90.83180426847468
2023-09-26,416,1792,438,477,32.99,37.17,6.0,0.0,0,Autumn,60.0,20.0,20.0,0.0,1,26,39,9,0,434.0,631.0,521.0,357.0,552.0,515.7142857142857,522.7142857142857,534.6071428571429,87.68830078886276,79.91575234287357,92.64441750714352
2023-09-27,390,2968,316,512,35.44,37.93,6.0,0.0,0,Autumn,40.0,20.0,40.0,0.0,2,27,39,9,0,416.0,431.0,397.0,534.0,707.0,485.0,515.2142857142857,529.75,77.6573671113476,84.86294703944604,95.2278456786271
2023-09-28,507,2578,0,575,33.19,33.07,20.0,100.0,0,Autumn,40.0,20.0,20.0,20.0,3,28,39,9,0,390.0,507.0,572.0,608.0,515.0,479.1428571428572,514.7142857142857,518.4285714285714,83.71863307418167,85.6301785150978,92.16909925318072
2023-09-29,511,2825,735,521,36.58,36.91,4.0,0.0,0,Autumn,40.0,20.0,0.0,40.0,4,29,39,9,0,507.0,502.0,633.0,653.0,556.0,479.1428571428572,510.07142857142856,518.1428571428571,83.71863307418167,84.03247017645081,92.19251768695844
2023-09-30,577,2314,868,639,38.49,41.6,1.0,0.0,0,Autumn,0.0,20.0,60.0,20.0,5,30,39,9,1,511.0,642.0,474.0,645.0,455.0,480.4285714285714,501.3571428571428,516.5357142857143,84.19591665248572,76.27138503937267,91.8998980948352
2023-10-01,800,1951,402,767,36.12,38.73,18.0,100.0,0,Autumn,0.0,60.0,0.0,40.0,6,1,39,10,1,577.0,463.0,584.0,440.0,476.0,471.1428571428572,508.7142857142857,520.8928571428571,64.74418525095096,78.36838900733159,91.76634551572812
2023-10-02,508,1151,2251,884,39.66,40.48,19.0,100.0,0,Autumn,20.0,20.0,0.0,60.0,0,2,40,10,0,800.0,434.0,527.0,700.0,453.0,519.2857142857143,524.1428571428571,532.4642857142857,139.64683345940242,109.43481174643674,105.32225052203488
2023-10-03,513,1566,0,611,36.97,38.73,7.0,0.0,0,Autumn,40.0,40.0,20.0,0.0,1,3,40,10,0,508.0,416.0,631.0,521.0,357.0,529.8571428571429,522.7857142857143,534.4285714285714,134.8325239836795,109.514437805762,104.29318665698447
2023-10-04,403,2343,0,407,35.0,33.23,0.0,0.0,0,Autumn,60.0,40.0,0.0,0.0,2,4,40,10,0,513.0,390.0,431.0,397.0,534.0,543.7142857142857,514.3571428571429,540.0,125.86727703645388,104.99275223546654,98.46789286831392
2023-10-05,540,2261,348,672,41.49,39.18,2.0,0.0,0,Autumn,0.0,0.0,60.0,40.0,3,5,40,10,0,403.0,507.0,507.0,572.0,608.0,545.5714285714286,512.3571428571429,535.3214285714286,123.29079060343092,106.95118019477388,101.81866727320106
2023-10-06,731,3229,1572,765,34.09,33.99,21.0,100.0,0,Autumn,60.0,20.0,0.0,20.0,4,6,40,10,0,540.0,511.0,502.0,633.0,653.0,550.2857142857143,514.7142857142857,532.8928571428571,122.19617327029832,107.1874193044263,100.82707576017977
2023-10-07,411,2498,0,428,30.46,31.28,16.0,100.0,1,Autumn,0.0,80.0,20.0,0.0,5,7,40,10,1,731.0,577.0,642.0,474.0,645.0,581.7142857142857,531.0714285714286,535.6785714285714,137.71433511162934,121.60178660486253,105.2489301683733
2023-10-08,241,2435,0,304,31.4,32.21,3.0,0.0,1,Autumn,40.0,40.0,0.0,20.0,6,8,40,10,1,411.0,800.0,463.0,584.0,440.0,558.0,514.5714285714286,527.3214285714286,152.19286010410175,121.06305685990164,105.53674226663333
2023-10-09,276,2194,0,282,29.83,28.18,5.0,0.0,1,Autumn,60.0,20.0,0.0,20.0,0,9,41,10,0,241.0,508.0,434.0,527.0,700.0,478.1428571428572,498.7142857142857,520.2142857142857,150.69884822765832,141.20167168950994,117.64143800765
2023-10-10,270,3490,196,354,29.17,31.26,14.0,100.0,1,Autumn,40.0,40.0,20.0,0.0,1,10,41,10,0,276.0,513.0,416.0,631.0,521.0,445.0,487.4285714285714,505.07142857142856,167.6017104129109,152.62408030880962,120.8862117467332
2023-10-11,316,3220,470,387,28.49,28.52,18.0,100.0,1,Autumn,0.0,40.0,20.0,40.0,2,11,41,10,0,270.0,403.0,390.0,431.0,397.0,410.2857142857143,477.0,496.1071428571428,176.11900738394093,162.5456148995629,128.7142512141072
2023-10-12,278,3100,0,275,30.73,33.45,2.0,0.0,1,Autumn,20.0,60.0,0.0,20.0,3,12,41,10,0,316.0,540.0,507.0,507.0,572.0,397.8571428571428,471.7142857142857,493.2142857142857,179.7511507347757,166.74136055184815,131.8951202710797
2023-10-13,305,2822,0,355,32.51,30.86,4.0,0.0,1,Autumn,20.0,20.0,40.0,20.0,4,13,41,10,0,278.0,731.0,511.0,502.0,633.0,360.4285714285714,455.3571428571428,482.7142857142857,172.34544490920618,174.08424447900018,136.9946895815484
2023-10-14,243,2517,91,273,26.09,25.64,16.0,100.0,1,Autumn,0.0,80.0,0.0,20.0,5,14,41,10,1,305.0,411.0,577.0,642.0,474.0,299.57142857142856,440.6428571428572,471.0,54.83568528752208,177.68797506729777,137.68966716658255
2023-10-15,351,2744,208,386,32.55,33.54,8.0,0.0,1,Autumn,40.0,40.0,0.0,20.0,6,15,41,10,1,243.0,241.0,800.0,463.0,584.0,275.57142857142856,416.7857142857143,462.75,28.265745717248382,180.37362018084303,144.26663200862126
2023-10-16,269,2484,0,321,33.57,32.11,4.0,0.0,1,Autumn,40.0,40.0,20.0,0.0,0,16,42,10,0,351.0,276.0,508.0,434.0,527.0,291.2857142857143,384.7142857142857,454.4285714285714,35.495137158553696,143.05051747355122,143.73262950029343
2023-10-17,321,2423,0,326,30.7,29.17,7.0,0.0,1,Autumn,40.0,0.0,20.0,40.0,1,17,42,10,0,269.0,270.0,513.0,416.0,631.0,290.2857142857143,367.6428571428572,445.2142857142857,36.09115443666502,141.458124895325,147.13746586928056
2023-10-18,359,2102,258,451,29.38,32.66,16.0,100.0,1,Autumn,40.0,40.0,20.0,0.0,2,18,42,10,0,321.0,316.0,403.0,390.0,431.0,297.57142857142856,353.92857142857144,434.1428571428572,36.45937073353703,135.4618676322524,144.27538335899885
2023-10-19,248,1743,384,293,33.6,32.13,3.0,0.0,1,Autumn,0.0,20.0,40.0,40.0,3,19,42,10,0,359.0,278.0,540.0,507.0,507.0,303.7142857142857,350.7857142857143,431.57142857142856,43.09955253330613,134.7443040448381,144.97341482247995
2023-10-20,274,1753,0,306,31.74,34.18,4.0,0.0,1,Autumn,0.0,0.0,60.0,40.0,4,20,42,10,0,248.0,305.0,731.0,511.0,502.0,299.42857142857144,329.92857142857144,422.32142857142856,47.363337237630304,125.48396421346278,148.20907493868162
2023-10-21,349,1479,720,410,31.46,30.27,14.0,100.0,1,Autumn,40.0,0.0,20.0,40.0,5,21,42,10,1,274.0,243.0,411.0,577.0,642.0,295.0,297.2857142857143,414.1785714285714,48.197510309141286,49.654852689387646,149.92270936408744
2023-10-22,339,1130,380,358,31.77,33.02,4.0,0.0,1,Autumn,40.0,0.0,40.0,20.0,6,22,42,10,1,349.0,351.0,241.0,800.0,463.0,310.1428571428572,292.85714285714283,403.7142857142857,45.72537067984593,40.68803858036023,143.52102882255815
2023-10-23,270,1384,145,322,33.59,31.21,4.0,0.0,1,Autumn,40.0,0.0,40.0,20.0,0,23,43,10,0,339.0,269.0,276.0,508.0,434.0,308.42857142857144,299.85714285714283,399.2857142857143,44.13561352187335,39.49266171924496,143.5370276509799
2023-10-24,290,1114,496,298,29.26,28.11,9.0,0.0,1,Autumn,0.0,0.0,80.0,20.0,1,24,43,10,0,270.0,321.0,270.0,513.0,416.0,308.57142857142856,299.42857142857144,393.4285714285714,43.98809362716427,39.802810657843295,145.40197883706847
2023-10-25,519,1480,1713,669,31.58,31.87,19.0,100.0,0,Autumn,60.0,0.0,20.0,20.0,2,25,43,10,0,290.0,359.0,316.0,403.0,390.0,304.1428571428572,300.85714285714283,388.9285714285714,44.08865527331616,39.01648003454565,146.62219744318605
2023-10-26,411,1341,440,559,35.37,37.78,6.0,0.0,0,Autumn,60.0,0.0,0.0,40.0,3,26,43,10,0,519.0,248.0,278.0,540.0,507.0,327.0,315.35714285714283,393.5357142857143,92.33995162802756,70.2759474586373,148.66952716302745
2023-10-27,588,1220,317,627,43.11,39.51,3.0,0.0,0,Autumn,20.0,0.0,0.0,80.0,4,27,43,10,0,411.0,274.0,305.0,731.0,511.0,350.2857142857143,324.85714285714283,390.1071428571428,89.60973586561104,73.74160410395558,147.05411936142377
2023-10-28,521,1346,1006,650,40.33,42.43,3.0,0.0,0,Autumn,0.0,0.0,40.0,60.0,5,28,43,10,1,588.0,349.0,243.0,411.0,577.0,395.1428571428572,345.07142857142856,392.8571428571428,118.871679513987,101.45894530507348,150.08731144970554
2023-10-29,480,2787,844,612,36.3,35.59,9.0,0.0,0,Autumn,40.0,0.0,20.0,40.0,6,29,43,10,1,521.0,339.0,351.0,241.0,800.0,419.7142857142857,364.9285714285714,390.8571428571428,125.34447772134982,106.99853650021149,147.89979447703456
2023-10-30,411,2659,0,439,35.09,32.09,4.0,0.0,0,Autumn,40.0,40.0,20.0,0.0,0,30,44,10,0,480.0,270.0,269.0,276.0,508.0,439.8571428571428,374.1428571428572,379.4285714285714,121.48172506105354,111.17958939887014,125.83040572648116
2023-10-31,351,2248,620,449,31.13,31.16,9.0,0.0,0,Autumn,0.0,60.0,0.0,40.0,1,31,44,10,0,411.0,290.0,321.0,270.0,513.0,460.0,384.2857142857143,375.9642857142857,98.05440666623078,107.25772596983408,123.47273867444204
2023-11-01,379,2551,0,422,32.26,33.26,6.0,0.0,0,Autumn,20.0,80.0,0.0,0.0,2,1,44,11,0,351.0,519.0,359.0,316.0,403.0,468.7142857142857,386.4285714285714,370.1785714285714,81.78980027223035,106.19047783307984,120.57518127137192
2023-11-02,764,3016,1558,787,43.92,48.09,4.0,0.0,0,Autumn,20.0,0.0,0.0,80.0,3,2,44,11,0,379.0,411.0,248.0,278.0,540.0,448.7142857142857,387.8571428571428,369.32142857142856,84.51570719046637,105.92730246066704,120.418422846533
2023-11-03,569,2252,0,636,39.22,41.17,5.0,0.0,0,Autumn,40.0,60.0,0.0,0.0,4,3,44,11,0,764.0,588.0,274.0,305.0,731.0,499.1428571428572,424.7142857142857,377.32142857142856,143.20082468504194,138.33428218042627,138.29170821436264
2023-11-04,662,2833,572,666,36.16,38.14,8.0,0.0,0,Autumn,20.0,0.0,60.0,20.0,5,4,44,11,1,569.0,521.0,349.0,243.0,411.0,496.4285714285714,445.7857142857143,371.5357142857143,141.40468773801538,136.06004249902065,125.76859472057907
2023-11-05,657,2483,1643,812,34.97,37.76,17.0,100.0,0,Autumn,40.0,0.0,60.0,0.0,6,5,44,11,1,662.0,480.0,339.0,351.0,241.0,516.5714285714286,468.1428571428572,380.5,154.8879779527309,144.3936164915769,137.11862936347626
2023-11-06,463,2542,0,604,38.47,38.81,2.0,0.0,0,Autumn,0.0,20.0,80.0,0.0,0,6,45,11,0,657.0,411.0,270.0,269.0,276.0,541.8571428571429,490.8571428571428,395.3571428571428,162.19785096339228,147.49438432222928,143.8173260786861
2023-11-07,913,2651,2304,1020,41.69,42.68,16.0,100.0,0,Autumn,20.0,0.0,40.0,40.0,1,7,45,11,0,463.0,351.0,290.0,321.0,270.0,549.2857142857143,504.6428571428572,402.0357142857143,156.28895704827664,133.6318750223092,142.40434922167412
2023-11-08,552,1738,0,739,42.06,42.04,3.0,0.0,0,Autumn,20.0,0.0,40.0,40.0,2,8,45,11,0,913.0,379.0,519.0,359.0,316.0,629.5714285714286,549.1428571428571,425.0,180.00357139314133,158.14008256696238,169.5765969178001
2023-11-09,775,3301,758,772,40.99,38.89,7.0,0.0,0,Autumn,20.0,60.0,20.0,0.0,3,9,45,11,0,552.0,764.0,411.0,248.0,278.0,654.2857142857143,551.5,433.4285714285714,149.08802130029804,157.9019900493291,169.82309500737355
2023-11-10,543,3295,298,614,38.16,41.93,5.0,0.0,0,Autumn,20.0,60.0,0.0,20.0,4,10,45,11,0,775.0,569.0,588.0,274.0,305.0,655.8571428571429,577.5,451.1785714285714,150.48856941246254,162.87737246633856,178.71642208764516
2023-11-11,577,3815,0,615,38.19,38.14,3.0,0.0,0,Autumn,0.0,40.0,20.0,40.0,5,11,45,11,1,543.0,662.0,521.0,349.0,243.0,652.1428571428571,574.2857142857143,459.6785714285714,153.28451603845343,163.09809628254078,177.15949155982375
2023-11-12,622,3536,0,599,35.74,38.41,6.0,0.0,0,Autumn,20.0,40.0,0.0,40.0,6,12,45,11,1,577.0,657.0,480.0,339.0,351.0,640.0,578.2857142857143,471.6071428571428,155.7209041843773,162.37583591135726,173.23059760645563
2023-11-13,692,3672,195,739,34.39,35.83,18.0,100.0,0,Autumn,40.0,0.0,40.0,20.0,0,13,46,11,0,622.0,463.0,411.0,270.0,269.0,635.0,588.4285714285714,481.2857142857143,155.645965789887,160.1843717939827,173.81212870411514
2023-11-14,445,2980,0,492,37.52,39.09,2.0,0.0,0,Autumn,20.0,40.0,40.0,0.0,1,14,46,11,0,692.0,913.0,351.0,290.0,321.0,667.7142857142857,608.5,496.3928571428572,136.33746646430248,153.71639720352107,173.05882949334963
2023-11-15,468,2730,892,573,40.38,40.37,3.0,0.0,0,Autumn,0.0,20.0,40.0,40.0,2,15,46,11,0,445.0,552.0,379.0,519.0,359.0,600.8571428571429,615.2142857142857,500.82142857142856,107.76119983777176,143.30396879545015,169.96318851367562
2023-11-16,627,2262,1460,744,36.79,35.36,16.0,100.0,0,Autumn,80.0,0.0,20.0,0.0,3,16,46,11,0,468.0,775.0,764.0,411.0,248.0,588.8571428571429,621.5714285714286,504.7142857142857,118.27288865363936,133.6693476661511,167.82946749224328
2023-11-17,604,1985,280,673,37.59,37.43,13.0,100.0,0,Autumn,20.0,0.0,60.0,20.0,4,17,46,11,0,627.0,543.0,569.0,588.0,274.0,567.7142857142857,611.7857142857143,518.25,89.0762113505699,127.30350081078367,161.52321814525544
2023-11-18,582,1381,413,725,37.02,35.84,15.0,100.0,0,Autumn,0.0,0.0,40.0,60.0,5,18,46,11,1,604.0,577.0,662.0,521.0,349.0,576.4285714285714,614.2857142857143,530.0357142857143,89.23911164741065,126.74106163077766,154.9467010256428
2023-11-19,634,1621,875,706,40.58,42.09,2.0,0.0,0,Autumn,40.0,0.0,0.0,60.0,6,19,46,11,1,582.0,622.0,657.0,480.0,339.0,577.1428571428571,608.5714285714286,538.3571428571429,89.2644546118041,126.22672780828432,151.0722697513692
2023-11-20,418,2447,0,494,36.39,35.9,6.0,0.0,0,Autumn,20.0,80.0,0.0,0.0,0,20,47,11,0,634.0,692.0,463.0,411.0,270.0,578.8571428571429,606.9285714285714,548.8928571428571,90.37777855835378,125.69649911636272,146.8827547767042
2023-11-21,621,2765,1464,633,31.19,29.73,20.0,100.0,0,Autumn,20.0,20.0,20.0,40.0,1,21,47,11,0,418.0,445.0,913.0,351.0,290.0,539.7142857142857,603.7142857142857,554.1785714285714,92.51795192594456,130.15637256270324,138.9220547702454
2023-11-22,510,2144,372,824,39.41,36.42,15.0,100.0,0,Autumn,40.0,0.0,20.0,40.0,2,22,47,11,0,621.0,468.0,552.0,379.0,519.0,564.8571428571429,582.8571428571429,566.0,86.18667447548273,95.5871387734826,129.36368486929678
2023-11-23,616,2186,426,664,30.37,35.04,23.0,100.0,0,Autumn,40.0,60.0,0.0,0.0,3,23,47,11,0,510.0,627.0,775.0,764.0,411.0,570.8571428571429,579.8571428571429,565.6785714285714,79.52447960938085,97.27428084692087,129.4959040025549
2023-11-24,638,1942,541,614,34.96,39.2,7.0,0.0,0,Autumn,80.0,0.0,20.0,0.0,4,24,47,11,0,616.0,604.0,543.0,569.0,588.0,569.2857142857143,568.5,573.0,78.32988847541787,80.58893796965476,126.1794724163127
2023-11-25,484,2768,0,578,36.15,38.03,5.0,0.0,0,Autumn,0.0,40.0,60.0,0.0,5,25,47,11,1,638.0,582.0,577.0,662.0,521.0,574.1428571428571,575.2857142857143,574.7857142857143,81.81774170155781,82.25890512599474,126.75212238499316
2023-11-26,565,2710,1048,570,31.46,31.73,18.0,100.0,0,Autumn,0.0,20.0,40.0,40.0,6,26,47,11,1,484.0,634.0,622.0,657.0,480.0,560.1428571428571,568.6428571428571,573.4642857142857,88.37124074310691,85.78919345864986,127.524139223348
2023-11-27,484,2145,253,592,38.1,40.85,5.0,0.0,0,Autumn,20.0,20.0,0.0,60.0,0,27,48,11,0,565.0,418.0,692.0,463.0,411.0,550.2857142857143,564.5714285714286,576.5,82.40694607801412,84.40353099222796,126.22187988998864
2023-11-28,429,2202,0,501,34.78,35.39,4.0,0.0,0,Autumn,20.0,60.0,20.0,0.0,1,28,48,11,0,484.0,621.0,445.0,913.0,351.0,559.7142857142857,549.7142857142857,579.1071428571429,67.10368664913076,78.33599091431363,123.39918340738004
2023-11-29,623,2423,771,684,40.8,40.96,4.0,0.0,0,Autumn,0.0,20.0,0.0,80.0,2,29,48,11,0,429.0,510.0,468.0,552.0,379.0,532.2857142857143,548.5714285714286,581.8928571428571,76.46505582228211,80.0785328822362,118.8557604785799
2023-11-30,397,2451,0,475,32.51,34.21,8.0,0.0,0,Autumn,60.0,40.0,0.0,0.0,3,30,48,11,0,623.0,616.0,627.0,775.0,764.0,548.4285714285714,559.6428571428571,590.6071428571429,82.65360879973124,78.78657357585821,112.18679505238902
2023-12-01,335,2321,568,406,33.28,34.18,6.0,0.0,0,Winter,40.0,0.0,20.0,40.0,4,1,48,12,0,397.0,638.0,604.0,543.0,569.0,517.1428571428571,543.2142857142857,577.5,93.54397997987972,87.19225315926278,112.6165240161551
2023-12-02,677,1986,953,706,32.92,34.01,18.0,100.0,0,Winter,80.0,0.0,20.0,0.0,5,2,48,12,1,335.0,484.0,582.0,577.0,662.0,473.8571428571428,524.0,569.1428571428571,98.28263422637852,101.26963247458951,121.59517360235152
2023-12-03,505,1813,253,530,35.93,39.83,6.0,0.0,0,Winter,40.0,0.0,40.0,20.0,6,3,48,12,1,677.0,565.0,634.0,622.0,657.0,501.4285714285714,530.7857142857143,569.6785714285714,125.03313846451128,108.38760826945855,122.05161433117678
2023-12-04,388,1308,0,531,35.97,39.98,6.0,0.0,0,Winter,40.0,0.0,20.0,40.0,0,4,49,12,0,505.0,484.0,418.0,692.0,463.0,492.8571428571428,521.5714285714286,564.25,121.96779434401029,104.34610625274844,121.4024909745042
2023-12-05,272,2213,0,309,29.34,31.12,8.0,0.0,0,Winter,40.0,0.0,20.0,40.0,1,5,49,12,0,388.0,429.0,621.0,445.0,913.0,479.1428571428572,519.4285714285714,561.5714285714286,128.35942839208494,106.91313101026256,124.50685793143056
2023-12-06,714,2422,2015,777,37.63,40.84,17.0,100.0,0,Winter,0.0,0.0,0.0,100.0,2,6,49,12,0,272.0,623.0,510.0,468.0,552.0,456.7142857142857,494.5,538.6785714285714,150.4046921760466,121.1481927862922,116.14615746627032
2023-12-07,524,1708,503,693,35.65,36.47,14.0,100.0,0,Winter,60.0,0.0,0.0,40.0,3,7,49,12,0,714.0,397.0,616.0,627.0,775.0,469.7142857142857,509.07142857142856,544.4642857142857,169.8486721425026,134.66966095753554,120.77695455393184
2023-12-08,618,1528,257,668,40.48,40.71,3.0,0.0,0,Winter,60.0,0.0,40.0,0.0,4,8,49,12,0,524.0,335.0,638.0,604.0,543.0,487.8571428571428,502.5,535.5,167.5543977055694,131.251813174289,112.03058444840684
2023-12-09,532,1261,0,548,34.29,34.77,8.0,0.0,0,Winter,0.0,0.0,60.0,40.0,5,9,49,12,1,618.0,677.0,484.0,582.0,577.0,528.2857142857143,501.07142857142856,538.1785714285714,158.4179222665101,129.76396577319457,113.10796336094616
2023-12-10,535,2306,1023,651,32.22,32.38,20.0,100.0,0,Winter,20.0,0.0,80.0,0.0,6,10,49,12,1,532.0,505.0,565.0,634.0,622.0,507.57142857142856,504.5,536.5714285714286,144.60965521344798,129.9122484898645,112.85534122197234
2023-12-11,457,2274,0,512,27.66,26.98,21.0,100.0,0,Winter,0.0,0.0,100.0,0.0,0,11,50,12,0,535.0,388.0,484.0,418.0,692.0,511.8571428571428,502.3571428571428,533.4642857142857,144.9648561680018,129.08232742225889,111.60694328024378
2023-12-12,437,1817,755,511,37.71,39.43,5.0,0.0,0,Winter,0.0,0.0,60.0,40.0,1,12,50,12,0,457.0,272.0,429.0,621.0,445.0,521.7142857142857,500.4285714285714,525.0714285714286,137.28160144476035,129.57843735966037,108.02192115369552
2023-12-13,605,1765,798,615,38.4,36.51,8.0,0.0,0,Winter,20.0,0.0,0.0,80.0,2,13,50,12,0,437.0,714.0,623.0,510.0,468.0,545.2857142857143,501.0,524.7857142857143,94.87485491550451,129.25645349161786,108.25188635525323
2023-12-14,345,2061,0,399,31.36,36.39,5.0,0.0,0,Winter,40.0,0.0,0.0,60.0,3,14,50,12,0,605.0,524.0,397.0,616.0,627.0,529.7142857142857,499.7142857142857,529.6785714285714,67.59120821949672,128.03330610637013,108.68542904535202
2023-12-15,351,1716,664,457,27.54,30.1,19.0,100.0,0,Winter,0.0,0.0,80.0,20.0,4,15,50,12,0,345.0,618.0,335.0,638.0,604.0,504.1428571428572,496.0,519.6071428571429,97.40025422866948,131.93704792583705,112.33756645031347
2023-12-16,444,1857,2143,649,34.06,32.92,20.0,100.0,0,Winter,40.0,0.0,40.0,20.0,5,16,50,12,1,351.0,532.0,677.0,484.0,582.0,466.0,497.1428571428572,510.57142857142856,97.66097821886989,130.49660009886327,115.4304114788631
2023-12-17,448,2211,0,616,40.53,40.65,1.0,0.0,0,Winter,80.0,0.0,20.0,0.0,6,17,50,12,1,444.0,535.0,505.0,565.0,634.0,453.4285714285714,480.5,505.6428571428572,93.3164100303494,120.2495802007706,115.2135583217695
2023-12-18,542,2012,986,755,42.53,42.56,5.0,0.0,0,Winter,40.0,0.0,20.0,40.0,0,18,51,12,0,448.0,457.0,388.0,484.0,418.0,441.0,476.4285714285714,499.0,86.16070256599916,120.32118189739842,112.8771866200563
2023-12-19,633,2505,0,646,32.95,32.45,20.0,100.0,0,Winter,20.0,0.0,20.0,60.0,1,19,51,12,0,542.0,437.0,272.0,429.0,621.0,453.1428571428572,487.4285714285714,503.4285714285714,94.3882559280696,118.64278271395146,112.01072322060008
2023-12-20,426,3768,0,414,34.13,37.05,8.0,0.0,0,Winter,0.0,0.0,80.0,20.0,2,20,51,12,0,633.0,605.0,714.0,623.0,510.0,481.1428571428572,513.2142857142857,503.8571428571428,115.5096367861838,106.86524841444624,112.49912404126827
2023-12-21,524,3955,215,594,36.65,36.67,5.0,0.0,0,Winter,20.0,0.0,0.0,80.0,3,21,51,12,0,426.0,345.0,524.0,397.0,616.0,455.57142857142856,492.6428571428572,500.8571428571428,102.61393203468502,91.91518426735112,113.4452761812075
2023-12-22,448,3431,330,580,38.63,39.51,5.0,0.0,0,Winter,20.0,0.0,40.0,40.0,4,22,51,12,0,524.0,351.0,618.0,335.0,638.0,481.1428571428572,492.6428571428572,497.57142857142856,92.24682211586536,91.91518426735112,111.2988731004897
2023-12-23,547,3198,0,592,32.5,37.18,17.0,100.0,0,Winter,20.0,0.0,80.0,0.0,5,23,51,12,1,448.0,444.0,532.0,677.0,484.0,495.0,480.5,490.7857142857143,75.1376514582841,85.05360300784092,108.168030172147
2023-12-24,961,2981,2473,928,38.88,40.3,18.0,100.0,0,Winter,40.0,0.0,20.0,40.0,6,24,51,12,1,547.0,448.0,535.0,505.0,565.0,509.7142857142857,481.57142857142856,493.0357142857143,73.55432071087336,85.84307174742169,108.67569224373884
2023-12-25,347,2020,0,424,32.17,31.42,5.0,0.0,0,Winter,20.0,0.0,80.0,0.0,0,25,52,12,0,961.0,542.0,457.0,388.0,484.0,583.0,512.0,507.1785714285714,180.14623689288263,154.3801501788062,139.72089999058713
2023-12-26,461,1673,0,495,33.27,31.94,6.0,0.0,0,Winter,20.0,0.0,40.0,40.0,1,26,52,12,0,347.0,633.0,437.0,272.0,429.0,555.1428571428571,504.1428571428572,502.2857142857143,201.36983270542152,160.08836845406884,142.92470360112927
2023-12-27,289,1212,211,305,33.24,33.05,2.0,0.0,1,Winter,20.0,0.0,60.0,20.0,2,27,52,12,0,461.0,426.0,605.0,714.0,623.0,530.5714285714286,505.8571428571428,503.4285714285714,200.7791964180693,159.4412634279987,142.44412252644122
2023-12-28,315,3396,0,315,31.35,33.48,4.0,0.0,1,Winter,20.0,0.0,40.0,40.0,3,28,52,12,0,289.0,524.0,345.0,524.0,397.0,511.0,483.2857142857143,491.5,218.5612042426559,166.53594140671197,146.0006341944614
2023-12-29,279,3292,167,295,31.09,33.48,2.0,0.0,1,Winter,0.0,0.0,40.0,60.0,4,29,52,12,0,315.0,448.0,351.0,618.0,335.0,481.1428571428572,481.1428571428572,488.57142857142856,230.4419150034909,168.63198763208385,148.7626567466708
2023-12-30,316,3013,0,304,29.82,32.26,8.0,0.0,1,Winter,40.0,0.0,40.0,20.0,5,30,52,12,1,279.0,547.0,444.0,532.0,677.0,457.0,476.0,486.57142857142856,243.0034293310829,173.92129077434834,151.2592644414379
2023-12-31,252,2864,0,321,31.04,33.67,5.0,0.0,1,Winter,40.0,0.0,20.0,40.0,6,31,52,12,1,316.0,961.0,448.0,535.0,505.0,424.0,466.8571428571428,473.6785714285714,244.42517600825545,179.0224984326132,149.80482452089186
2024-01-01,309,2612,264,370,31.17,30.23,16.0,100.0,1,Winter,80.0,0.0,0.0,20.0,0,1,1,1,0,252.0,347.0,542.0,457.0,388.0,322.7142857142857,452.8571428571428,464.6428571428572,68.1486470536145,188.0469896852124,155.37224459836494
2024-01-02,276,2303,0,301,31.86,29.57,4.0,0.0,1,Winter,40.0,0.0,20.0,40.0,1,2,1,1,0,309.0,461.0,633.0,437.0,272.0,317.2857142857143,436.2142857142857,461.82142857142856,67.40107389281559,189.8526467356396,157.51803037804797
