Date,Units Sold,Inventory Level,Units Ordered,Demand,Price,Competitor Pricing,Discount,Promotion,Epidemic,Seasonality,Weather_Cloudy,Weather_Rainy,Weather_Snowy,Weather_Sunny,DayOfWeek,DayOfMonth,Month,WeekOfYear,IsWeekend,UnitsSold_Lag_1,UnitsSold_Lag_7,UnitsSold_Lag_14,UnitsSold_Lag_21,UnitsSold_Lag_28,UnitsSold_RollingMean_7,UnitsSold_RollingMean_14,UnitsSold_RollingMean_28,UnitsSold_RollingStd_7,UnitsSold_RollingStd_14,UnitsSold_RollingStd_28
2022-01-29,9655,28841,10407,11064,73.5,74.52,4.85,0.0,0,Winter,20.0,0.0,0.0,80.0,5,29,1,4,1,8945.0,9908.0,9566.0,9980.0,8601.0,9053.857142857143,9268.714285714286,9187.714285714286,480.7429765725251,501.4933742290178,897.6309914577355
2022-01-30,7992,28792,7351,9553,69.29,71.37,5.25,0.0,0,Winter,40.0,0.0,60.0,0.0,6,30,1,4,1,9655.0,8721.0,9218.0,9661.0,7684.0,9017.714285714286,9275.07142857143,9225.357142857143,410.1527009483661,506.094771344675,894.2090324140067
2022-01-31,8592,31220,7837,10028,70.41,71.88,5.3,0.0,0,Winter,60.0,0.0,0.0,40.0,0,31,1,5,0,7992.0,8822.0,10074.0,9928.0,5965.0,8913.57142857143,9187.5,9236.357142857143,562.3583842897281,611.7671439866148,876.2602443755031
2022-02-01,9599,32532,9636,10791,67.29,67.56,10.85,50.0,0,Winter,0.0,0.0,100.0,0.0,1,1,2,5,0,8592.0,8434.0,9444.0,9957.0,7859.0,8880.714285714286,9081.642857142857,9330.17857142857,575.1735141925193,573.6003174474581,614.5885135643945
2022-02-02,10746,31592,15414,12698,69.84,73.79,11.7,50.0,0,Winter,40.0,0.0,0.0,60.0,2,2,2,5,0,9599.0,9271.0,8689.0,9279.0,9621.0,9047.142857142857,9092.714285714286,9392.32142857143,592.6548823082551,582.5583402374567,544.2692725161804
2022-02-03,10531,28180,15522,12779,69.52,71.78,13.05,60.0,0,Winter,80.0,0.0,0.0,20.0,3,3,2,5,0,10746.0,9276.0,9489.0,9904.0,9503.0,9257.857142857143,9239.642857142857,9432.5,878.6958951710656,716.8306963661283,600.405264368562
2022-02-04,9757,28688,7278,11363,71.99,73.43,7.1,20.0,0,Winter,20.0,0.0,40.0,40.0,4,4,2,5,0,10531.0,8945.0,9905.0,9507.0,10045.0,9437.142857142857,9314.07142857143,9469.214285714286,1002.3471502048656,794.5908927323472,635.2930124282915
2022-02-05,10085,28893,9937,11914,70.18,71.98,9.75,35.0,0,Winter,40.0,0.0,0.0,60.0,5,5,2,5,1,9757.0,9655.0,9908.0,9566.0,9980.0,9553.142857142857,9303.5,9458.92857142857,982.6928018751076,787.0732299035274,627.9140616223452
2022-02-06,9298,35141,8468,11354,69.18,71.0,8.6,25.0,0,Winter,40.0,0.0,20.0,40.0,6,6,2,5,1,10085.0,7992.0,8721.0,9218.0,9661.0,9614.57142857143,9316.142857142857,9462.67857142857,1003.3438854056766,798.8636022157078,631.4448483920414
2022-02-07,9472,37739,9065,11024,69.54,70.93,9.4,35.0,0,Winter,0.0,0.0,60.0,40.0,0,7,2,6,0,9298.0,8592.0,8822.0,10074.0,9928.0,9801.142857142857,9357.357142857143,9449.714285714286,737.5647832725055,780.4699380346601,630.9484839652054
2022-02-08,10074,34732,6623,11473,68.97,70.37,10.05,40.0,0,Winter,0.0,0.0,60.0,40.0,1,8,2,6,0,9472.0,9599.0,8434.0,9444.0,9957.0,9926.857142857143,9403.785714285714,9433.42857142857,547.6755208976258,765.3601644446122,623.9926654703946
2022-02-09,10699,34123,11539,12391,72.12,73.3,8.8,30.0,0,Winter,20.0,0.0,0.0,80.0,2,9,2,6,0,10074.0,10746.0,9271.0,8689.0,9279.0,9994.714285714286,9520.92857142857,9437.607142857143,529.4052368100591,730.2096078719965,628.0074509634497
2022-02-10,9761,34083,12189,11510,70.44,71.73,8.85,30.0,0,Winter,40.0,0.0,20.0,40.0,3,10,2,6,0,10699.0,10531.0,9276.0,9489.0,9904.0,9988.0,9622.92857142857,9488.32142857143,518.4740430661341,789.9080242744662,670.6150330008821
2022-02-11,9615,31455,8952,11491,72.4,73.73,6.8,15.0,0,Winter,20.0,0.0,20.0,60.0,4,11,2,6,0,9761.0,9757.0,8945.0,9905.0,9507.0,9878.0,9657.57142857143,9483.214285714286,462.75839628616416,784.1366358845044,667.8710430605087
2022-02-12,9918,30529,12472,12058,71.76,72.98,9.2,30.0,0,Winter,20.0,0.0,40.0,40.0,5,12,2,6,1,9615.0,10085.0,9655.0,9908.0,9566.0,9857.714285714286,9705.42857142857,9487.07142857143,471.9674121115219,757.2878442975853,668.3252107332096
2022-02-13,8646,31186,7406,10607,67.49,70.52,10.05,40.0,0,Winter,40.0,0.0,60.0,0.0,6,13,2,6,1,9918.0,9298.0,7992.0,8721.0,9218.0,9833.857142857143,9724.214285714286,9499.642857142857,462.69335726499446,759.2003058453079,673.1580197670687
2022-02-14,10173,35158,10441,12494,68.7,70.19,13.7,65.0,0,Winter,40.0,0.0,40.0,20.0,0,14,2,7,0,8646.0,9472.0,8592.0,8822.0,10074.0,9740.714285714286,9770.92857142857,9479.214285714286,625.518908396791,657.7604736219299,690.4782216718904
2022-02-15,9453,34876,7775,10727,67.58,67.66,10.65,45.0,0,Winter,20.0,0.0,80.0,0.0,1,15,2,7,0,10173.0,10074.0,9599.0,8434.0,9444.0,9840.857142857143,9883.857142857143,9482.75,631.4146626350113,569.593898133762,693.8818143042977
2022-02-16,9800,34169,10574,11804,71.59,73.31,9.55,35.0,0,Winter,40.0,0.0,20.0,40.0,2,16,2,7,0,9453.0,10699.0,10746.0,9271.0,8689.0,9752.142857142857,9873.42857142857,9483.07142857143,636.800970626211,576.5050822760502,693.8652835716983
2022-02-17,9428,33924,6626,10857,69.78,73.07,8.55,30.0,0,Winter,40.0,0.0,20.0,40.0,3,17,2,7,0,9800.0,9761.0,10531.0,9276.0,9489.0,9623.714285714286,9805.857142857143,9522.75,487.06389529018173,518.9296465051721,678.3677373202818
2022-02-18,10017,34061,9633,11757,72.82,74.93,7.45,20.0,0,Winter,0.0,0.0,0.0,100.0,4,18,2,7,0,9428.0,9615.0,9757.0,8945.0,9905.0,9576.142857142857,9727.07142857143,9520.57142857143,487.68207832953635,482.84309671358085,678.5780573332605
2022-02-19,10253,33834,10315,11873,71.45,73.93,8.2,30.0,0,Winter,40.0,0.0,0.0,60.0,5,19,2,7,1,10017.0,9918.0,10085.0,9655.0,9908.0,9633.57142857143,9745.642857142857,9524.57142857143,515.8749387021619,489.0431170455984,681.252899610354
2022-02-20,9483,31941,8338,11170,69.56,70.49,8.9,40.0,0,Winter,40.0,0.0,20.0,40.0,6,20,2,7,1,10253.0,8646.0,9298.0,7992.0,8721.0,9681.42857142857,9757.642857142857,9536.892857142857,560.2858964085146,499.9502447771697,691.4876255171803
2022-02-21,9242,32379,7000,10619,68.35,69.13,10.15,40.0,0,Winter,40.0,0.0,40.0,20.0,0,21,2,8,0,9483.0,10173.0,9472.0,8592.0,8822.0,9801.0,9770.857142857143,9564.107142857143,353.7188148798532,489.1960212969357,672.9337284681569
2022-02-22,8861,31870,13090,10973,70.07,72.42,8.15,20.0,0,Winter,20.0,0.0,20.0,60.0,1,22,2,8,0,9242.0,9453.0,10074.0,9599.0,8434.0,9668.0,9754.42857142857,9579.107142857143,365.3710442823936,503.6529199123822,660.3423544891524
2022-02-23,9999,29240,9656,11769,70.14,71.46,9.55,40.0,0,Winter,0.0,0.0,40.0,60.0,2,23,2,8,0,8861.0,9800.0,10699.0,10746.0,9271.0,9583.42857142857,9667.785714285714,9594.357142857143,475.3829533975302,546.9251360063904,637.4515356617025
2022-02-24,8940,30867,7520,10232,67.54,68.69,9.5,40.0,0,Winter,20.0,0.0,80.0,0.0,3,24,2,8,0,9999.0,9428.0,9761.0,10531.0,9276.0,9611.857142857143,9617.785714285714,9620.357142857143,495.99611173591774,472.3063182318887,638.6197045066255
2022-02-25,8900,29075,7243,10152,69.18,71.15,8.0,25.0,0,Winter,40.0,0.0,60.0,0.0,4,25,2,8,0,8940.0,10017.0,9615.0,9757.0,8945.0,9542.142857142857,9559.142857142857,9608.357142857143,556.7226803868766,503.1202421111495,648.4117470024707
2022-02-26,9367,30630,7522,10514,69.18,70.53,8.1,25.0,0,Winter,80.0,0.0,20.0,0.0,5,26,2,8,1,8900.0,10253.0,9918.0,10085.0,9655.0,9382.57142857143,9508.07142857143,9606.75,558.0110085959685,532.4488367310678,650.170212756289
2022-02-27,10040,31154,17100,12841,69.79,72.19,12.25,55.0,0,Winter,0.0,0.0,40.0,60.0,6,27,2,8,1,9367.0,9483.0,8646.0,9298.0,7992.0,9256.0,9468.714285714286,9596.464285714286,407.98529385261367,520.0367484901651,651.6550145103698
2022-02-28,8951,29612,7214,10648,69.09,70.63,8.75,30.0,0,Winter,40.0,0.0,60.0,0.0,0,28,2,9,0,10040.0,9242.0,10173.0,9472.0,8592.0,9335.57142857143,9568.285714285714,9669.607142857143,502.9111442865659,482.49375102712327,575.3674084981767
2022-03-01,10050,29750,8935,11914,70.56,73.04,8.75,35.0,0,Spring,0.0,20.0,0.0,80.0,1,1,3,9,0,8951.0,8861.0,9453.0,10074.0,9599.0,9294.0,9481.0,9682.42857142857,523.5392376253544,475.16005400610055,554.0705549784999
2022-03-02,8775,31254,9303,10250,68.28,69.74,7.5,20.0,0,Spring,80.0,20.0,0.0,0.0,2,2,3,9,0,10050.0,9999.0,9800.0,10699.0,10746.0,9463.857142857143,9523.642857142857,9698.535714285714,551.7618533907065,498.66137842194473,558.0962005314336
2022-03-03,10192,31423,10980,11758,70.22,71.84,9.15,35.0,0,Spring,0.0,40.0,0.0,60.0,3,3,3,9,0,8775.0,8940.0,9428.0,9761.0,10531.0,9289.0,9450.42857142857,9628.142857142857,547.8393925230313,529.2715915127326,545.2393096264312
2022-03-04,10323,31544,13493,12275,72.19,72.78,8.6,35.0,0,Spring,60.0,0.0,0.0,40.0,4,4,3,9,0,10192.0,8900.0,10017.0,9615.0,9757.0,9467.857142857143,9505.0,9616.035714285714,615.1486076744499,564.9643964275739,527.9379510498678
2022-03-05,10557,30709,11676,12275,70.48,73.82,9.85,35.0,0,Spring,20.0,20.0,0.0,60.0,5,5,3,9,1,10323.0,9367.0,10253.0,9918.0,10085.0,9671.142857142857,9526.857142857143,9636.25,631.1337493145293,591.5880657691154,544.1229861658821
2022-03-06,9349,31349,6166,11354,69.95,73.14,9.05,30.0,0,Spring,20.0,60.0,0.0,20.0,6,6,3,9,1,10557.0,10040.0,9483.0,8646.0,9298.0,9841.142857142857,9548.57142857143,9653.107142857143,692.8105629899726,624.9309764083781,565.4343685453492
2022-03-07,9916,31283,9512,11452,68.71,69.53,10.25,40.0,0,Spring,40.0,20.0,0.0,40.0,0,7,3,10,0,9349.0,8951.0,9242.0,10173.0,9472.0,9742.42857142857,9539.0,9654.92857142857,708.7980100477323,627.0351480763104,564.3291611430379
2022-03-08,10365,34556,9238,11498,69.35,72.06,9.1,30.0,0,Spring,80.0,0.0,0.0,20.0,1,8,3,10,0,9916.0,10050.0,8861.0,9453.0,10074.0,9880.285714285714,9587.142857142857,9670.785714285714,617.1309191967114,628.350815430959,565.2359295768971
2022-03-09,9960,33328,11691,11929,70.14,70.78,9.75,40.0,0,Spring,0.0,40.0,0.0,60.0,2,9,3,10,0,10365.0,8775.0,9999.0,9800.0,10699.0,9925.285714285714,9694.57142857143,9681.17857142857,642.5305996048577,623.200636205578,575.5062861948064
2022-03-10,9335,33094,8423,10574,66.77,69.79,9.85,35.0,0,Spring,0.0,100.0,0.0,0.0,3,10,3,10,0,9960.0,10192.0,8940.0,9428.0,9761.0,10094.57142857143,9691.785714285714,9654.785714285714,398.85622185731575,621.8207976544436,543.1348892646381
2022-03-11,9495,31759,7226,10640,67.74,69.54,8.9,35.0,0,Spring,20.0,80.0,0.0,0.0,4,11,3,10,0,9335.0,10323.0,8900.0,10017.0,9615.0,9972.142857142857,9720.0,9639.57142857143,485.97888451092484,593.3972595928564,546.0083725156103
2022-03-12,11518,31059,15402,12860,69.81,72.67,11.55,45.0,0,Spring,40.0,0.0,0.0,60.0,5,12,3,10,1,9495.0,10557.0,9367.0,10253.0,9918.0,9853.857142857143,9762.5,9635.285714285714,487.1134120412645,549.8602269948003,546.6789197233087
2022-03-13,9555,30770,9526,11547,70.48,71.82,8.9,30.0,0,Spring,0.0,20.0,0.0,80.0,6,13,3,10,1,11518.0,9349.0,10040.0,9483.0,8646.0,9991.142857142857,9916.142857142857,9692.42857142857,771.006577700313,708.4856935901969,650.9940790862034
2022-03-14,8768,31642,7833,10779,68.78,70.67,8.2,25.0,0,Spring,80.0,20.0,0.0,0.0,0,14,3,11,0,9555.0,9916.0,8951.0,9242.0,10173.0,10020.57142857143,9881.5,9724.892857142857,745.9353987093151,713.8011735662948,618.7437295925157
2022-03-15,10246,33006,9365,11765,70.12,71.55,10.4,45.0,0,Spring,0.0,40.0,0.0,60.0,1,15,3,11,0,8768.0,10365.0,10050.0,8861.0,9453.0,9856.57142857143,9868.42857142857,9674.714285714286,885.8372418495538,733.5539112153551,637.7369048348721
2022-03-16,9999,34216,9334,11852,68.31,69.91,11.25,45.0,0,Spring,40.0,40.0,0.0,20.0,2,16,3,11,0,10246.0,9960.0,8775.0,9999.0,9800.0,9839.57142857143,9882.42857142857,9703.035714285714,875.5358087371175,739.1349116246789,645.0919246664342
2022-03-17,9433,34446,10274,11421,68.71,69.4,9.7,40.0,0,Spring,60.0,20.0,0.0,20.0,3,17,3,11,0,9999.0,9335.0,10192.0,8940.0,9428.0,9845.142857142857,9969.857142857143,9710.142857142857,876.5533694669226,666.9300340588018,647.2922354665174
2022-03-18,9402,33486,7903,10765,68.74,68.73,8.7,35.0,0,Spring,0.0,80.0,0.0,20.0,4,18,3,11,0,9433.0,9495.0,10323.0,8900.0,10017.0,9859.142857142857,9915.642857142857,9710.32142857143,867.7863463186943,678.2365830868805,647.2122013666668
2022-03-19,8776,31810,9749,10226,67.11,68.42,8.95,30.0,0,Spring,40.0,60.0,0.0,0.0,5,19,3,11,1,9402.0,11518.0,10557.0,9367.0,10253.0,9845.857142857143,9849.857142857143,9688.357142857143,874.9726526338687,680.3485370515148,646.8545096184765
2022-03-20,10568,30250,12899,12298,71.68,72.83,9.4,40.0,0,Spring,0.0,40.0,0.0,60.0,6,20,3,11,1,8776.0,9555.0,9349.0,10040.0,9483.0,9454.142857142857,9722.642857142857,9635.607142857143,557.9598039797731,704.0494527148902,659.2089164313908
2022-03-21,9938,31175,10376,12065,72.28,72.98,7.25,20.0,0,Spring,0.0,0.0,0.0,100.0,0,21,3,12,0,10568.0,8768.0,9916.0,8951.0,9242.0,9598.857142857143,9809.714285714286,9674.357142857143,701.4063084431267,729.2141638114973,681.4213475596842
2022-03-22,8670,33427,4274,9826,66.47,69.51,8.6,30.0,0,Spring,20.0,80.0,0.0,0.0,1,22,3,12,0,9938.0,10246.0,10365.0,10050.0,8861.0,9766.0,9811.285714285714,9699.214285714286,602.904359468957,729.4844785158961,677.7501100259703
2022-03-23,9906,32975,11364,11547,69.51,70.62,8.5,30.0,0,Spring,0.0,40.0,0.0,60.0,2,23,3,12,0,8670.0,9999.0,9960.0,8775.0,9999.0,9540.857142857143,9690.214285714286,9692.392857142857,682.7582365111493,770.0467696656692,687.391652838131
2022-03-24,9808,33620,11486,11509,70.38,72.57,7.65,25.0,0,Spring,0.0,20.0,0.0,80.0,3,24,3,12,0,9906.0,9433.0,9335.0,10192.0,8940.0,9527.57142857143,9686.357142857143,9689.07142857143,673.1953300350183,768.7255794388016,686.0787088293863
2022-03-25,10629,32938,10559,12256,69.29,72.07,11.5,55.0,0,Spring,80.0,0.0,0.0,20.0,4,25,3,12,0,9808.0,9402.0,9495.0,10323.0,8900.0,9581.142857142857,9720.142857142857,9720.07142857143,679.3083317049885,762.4642092122588,670.4099314527491
2022-03-26,10576,29755,11351,12575,68.99,72.07,11.5,50.0,0,Spring,60.0,0.0,0.0,40.0,5,26,3,12,1,10629.0,8776.0,11518.0,10557.0,9367.0,9756.42857142857,9801.142857142857,9781.82142857143,776.7019714027756,796.1952656848104,671.7033104738962
2022-03-27,11169,32055,13753,12922,71.54,73.69,10.7,45.0,0,Spring,0.0,20.0,0.0,80.0,6,27,3,12,1,10576.0,10568.0,9555.0,9349.0,10040.0,10013.57142857143,9733.857142857143,9825.0,691.2784911893026,669.6998015348586,682.8167152806609
2022-03-28,9288,32345,5560,10248,66.07,67.34,10.25,40.0,0,Spring,0.0,100.0,0.0,0.0,0,28,3,13,0,11169.0,9938.0,8768.0,9916.0,8951.0,10099.42857142857,9849.142857142857,9865.32142857143,800.3353166314889,768.2170023094827,727.8337240703983
2022-03-29,9388,32155,7971,10863,73.09,73.05,4.45,0.0,0,Spring,40.0,20.0,0.0,40.0,1,29,3,13,0,9288.0,8670.0,10246.0,10365.0,10050.0,10006.57142857143,9886.285714285714,9877.357142857143,857.82862646391,723.1737134189995,714.824309638948
2022-03-30,8982,36078,5529,9902,68.3,70.7,5.45,0.0,0,Spring,80.0,20.0,0.0,0.0,2,30,3,13,0,9388.0,9906.0,9999.0,9960.0,8775.0,10109.142857142857,9825.0,9853.714285714286,699.7357664555597,726.6918720634502,719.8329465226467
2022-03-31,8816,34923,7852,10028,70.82,72.85,4.4,0.0,0,Spring,20.0,60.0,0.0,20.0,3,31,3,13,0,8982.0,9808.0,9433.0,9335.0,10192.0,9977.142857142857,9752.357142857143,9861.107142857143,821.076210139564,758.1124949142177,709.3303226380227
2022-04-01,10273,30509,17039,12130,70.58,71.46,9.75,45.0,0,Spring,40.0,20.0,0.0,40.0,4,1,4,13,0,8816.0,10629.0,9402.0,9495.0,10323.0,9835.42857142857,9708.285714285714,9811.964285714286,933.1005406962453,795.1358305415456,732.8325301156954
2022-04-02,9787,30194,7371,11258,68.37,70.21,9.9,35.0,0,Spring,0.0,60.0,0.0,40.0,5,2,4,13,1,10273.0,10576.0,8776.0,11518.0,10557.0,9784.57142857143,9770.5,9810.17857142857,891.4097182072293,803.3600351983232,731.6010374803556
2022-04-03,9379,30702,8805,11205,69.15,72.01,8.6,30.0,0,Spring,80.0,0.0,0.0,20.0,6,3,4,13,1,9787.0,11169.0,10568.0,9555.0,9349.0,9671.857142857143,9842.714285714286,9782.67857142857,821.8254941635412,750.8082238567945,716.8114093405956
2022-04-04,8970,30493,7682,10342,65.88,68.17,11.3,45.0,0,Spring,40.0,60.0,0.0,0.0,0,4,4,14,0,9379.0,9288.0,9938.0,8768.0,9916.0,9416.142857142857,9757.785714285714,9783.75,489.7248984792199,729.3980846794642,716.161301146092
2022-04-05,9703,32428,9969,11118,69.02,70.53,9.7,35.0,0,Spring,60.0,40.0,0.0,0.0,1,5,4,14,0,8970.0,9388.0,8670.0,10246.0,10365.0,9370.714285714286,9688.642857142857,9749.964285714286,517.5518377533896,756.3820368797043,731.8339966667664
2022-04-06,10275,30866,11637,12730,70.23,71.6,12.0,55.0,0,Spring,80.0,0.0,0.0,20.0,2,6,4,14,0,9703.0,8982.0,9906.0,9999.0,9960.0,9415.714285714286,9762.42857142857,9726.32142857143,532.7756608197402,697.4586521282652,721.8538917296872
2022-04-07,10231,29323,10286,11670,69.84,72.32,10.05,40.0,0,Spring,20.0,20.0,0.0,60.0,3,7,4,14,0,10275.0,8816.0,9808.0,9433.0,9335.0,9600.42857142857,9788.785714285714,9737.57142857143,579.4433700092056,710.1582898926843,728.0585766305448
2022-04-08,10259,30287,11072,12304,69.14,72.03,11.3,55.0,0,Spring,0.0,40.0,0.0,60.0,4,8,4,14,0,10231.0,10273.0,10629.0,9402.0,9495.0,9802.57142857143,9819.0,9769.57142857143,501.7947313204463,719.969336953909,729.3987086569871
2022-04-09,8893,28379,4985,10240,67.59,68.93,9.1,30.0,0,Spring,40.0,40.0,0.0,20.0,5,9,4,14,1,10259.0,9787.0,10576.0,8776.0,11518.0,9800.57142857143,9792.57142857143,9796.857142857143,499.63048250444604,694.2814452905467,733.0280028143927
2022-04-10,9237,29873,9796,10442,69.09,72.22,7.25,15.0,0,Spring,60.0,40.0,0.0,0.0,6,10,4,14,1,8893.0,9379.0,11169.0,10568.0,9555.0,9672.857142857143,9672.357142857143,9703.107142857143,606.5076060450374,693.9017451110325,669.8933767722965
2022-04-11,9946,29570,12033,11989,69.39,71.06,10.85,45.0,0,Spring,40.0,20.0,0.0,40.0,0,11,4,15,0,9237.0,8970.0,9288.0,9938.0,8768.0,9652.57142857143,9534.357142857143,9691.75,620.194554728024,550.6971256288053,675.1721659722855
2022-04-12,10528,29962,12522,12767,69.95,70.73,12.45,55.0,0,Spring,40.0,0.0,0.0,60.0,1,12,4,15,0,9946.0,9703.0,9388.0,8670.0,10246.0,9792.0,9581.357142857143,9733.82142857143,546.498246413783,556.1064656150882,651.7759245477772
2022-04-13,10028,30066,8441,11980,70.81,71.56,10.15,35.0,0,Spring,40.0,0.0,0.0,60.0,2,13,4,15,0,10528.0,10275.0,8982.0,9906.0,9999.0,9909.857142857143,9662.785714285714,9743.892857142857,609.4402974783363,606.7710477565724,662.0806899065203
2022-04-14,9226,30146,8803,10815,70.16,73.04,7.6,20.0,0,Spring,20.0,40.0,0.0,40.0,3,14,4,15,0,10028.0,10231.0,8816.0,9808.0,9433.0,9874.57142857143,9737.5,9744.92857142857,591.6668142186326,580.3172540814376,662.5170817404542
2022-04-15,9632,30814,11724,11805,71.16,71.29,9.05,30.0,0,Spring,0.0,20.0,0.0,80.0,4,15,4,15,0,9226.0,10259.0,10273.0,10629.0,9402.0,9731.0,9766.785714285714,9737.535714285714,612.3359644291196,539.1195355636614,667.2646474888084
2022-04-16,8750,32403,8405,10107,68.06,68.32,9.55,35.0,0,Spring,20.0,60.0,0.0,20.0,5,16,4,15,1,9632.0,8893.0,9787.0,10576.0,8776.0,9641.42857142857,9721.0,9745.75,566.3608558574875,519.6902923857673,664.3905937858506
2022-04-17,10089,31374,11736,11537,70.14,71.79,9.55,35.0,0,Spring,60.0,0.0,0.0,40.0,6,17,4,15,1,8750.0,9237.0,9379.0,11169.0,10568.0,9621.0,9646.92857142857,9744.82142857143,599.4672634931842,579.9659756977446,665.8127894798391
2022-04-18,10083,32290,10346,11676,69.94,72.9,8.3,30.0,0,Spring,80.0,0.0,0.0,20.0,0,18,4,16,0,10089.0,9946.0,8970.0,9288.0,9938.0,9742.714285714286,9697.642857142857,9727.714285714286,594.983673245391,585.7487788020868,649.8410550476175
2022-04-19,10136,32950,11432,12301,69.45,71.53,11.7,50.0,0,Spring,40.0,20.0,0.0,40.0,1,19,4,16,0,10083.0,10528.0,9703.0,9388.0,8670.0,9762.285714285714,9777.142857142857,9732.892857142857,604.9547405345666,554.0670408121116,652.152523587211
2022-04-20,10467,33396,10103,12362,72.02,74.23,9.45,30.0,0,Spring,20.0,20.0,0.0,60.0,2,20,4,16,0,10136.0,10028.0,10275.0,8982.0,9906.0,9706.285714285714,9808.07142857143,9785.25,536.5341599207934,561.6433941548737,621.8007674846091
2022-04-21,8888,33545,5054,10197,67.0,68.16,10.15,40.0,0,Spring,0.0,100.0,0.0,0.0,3,21,4,16,0,10467.0,9226.0,10231.0,8816.0,9808.0,9769.0,9821.785714285714,9805.285714285714,602.0614586568438,576.0805470620417,634.739366584481
2022-04-22,8656,35989,6755,10163,69.32,70.43,6.25,15.0,0,Spring,0.0,80.0,0.0,20.0,4,22,4,16,0,8888.0,9632.0,10259.0,10273.0,10629.0,9720.714285714286,9725.857142857143,9772.42857142857,663.3072978858127,613.3114226059265,657.9799855433794
2022-04-23,6010,35542,2532,6686,61.43,62.5,7.8,20.0,1,Spring,20.0,0.0,0.0,80.0,5,23,4,16,1,8656.0,8750.0,8893.0,9787.0,10576.0,9581.285714285714,9611.357142857143,9701.964285714286,777.7663990097407,654.3799892491169,668.4140700550987
2022-04-24,6398,35909,3789,7357,59.2,61.6,11.2,45.0,1,Spring,0.0,60.0,0.0,40.0,6,24,4,16,1,6010.0,10089.0,9237.0,9379.0,11169.0,9189.857142857143,9405.42857142857,9538.892857142857,1560.9855250846565,1157.8101155786587,946.4371137679785
2022-04-25,6842,33321,6325,7732,61.1,61.93,10.55,40.0,1,Spring,0.0,20.0,0.0,80.0,0,25,4,17,0,6398.0,10083.0,9946.0,8970.0,9288.0,8662.57142857143,9202.642857142857,9368.5,1810.14970441148,1410.6017595961757,1064.2347450598443
2022-04-26,5602,31349,3646,6201,59.8,61.95,6.95,20.0,1,Spring,20.0,80.0,0.0,0.0,1,26,4,17,0,6842.0,10136.0,10528.0,9703.0,9388.0,8199.57142857143,8980.92857142857,9281.142857142857,1800.7466837530583,1524.1446258998337,1166.557573130692
2022-04-27,5782,29728,4359,6825,60.61,60.8,9.1,30.0,1,Spring,20.0,40.0,0.0,40.0,2,27,4,17,0,5602.0,10467.0,10028.0,10275.0,8982.0,7551.857142857143,8629.07142857143,9145.92857142857,1803.5620706970872,1698.1822618628128,1357.5015156821598
2022-04-28,5854,27478,5067,6834,59.74,60.21,9.8,40.0,1,Spring,60.0,20.0,0.0,20.0,3,28,4,17,0,5782.0,8888.0,9226.0,10231.0,8816.0,6882.571428571428,8325.785714285714,9031.642857142857,1354.9753819587693,1804.924084428333,1499.1270105133815
2022-04-29,5578,28214,5227,6294,61.88,62.8,4.9,0.0,1,Spring,0.0,40.0,0.0,60.0,4,29,4,17,0,5854.0,8656.0,9632.0,10259.0,10273.0,6449.142857142857,8084.928571428572,8925.857142857143,1059.6338091642037,1898.135338624796,1614.9404693600047
2022-04-30,5310,26101,2433,6009,61.24,62.2,4.25,0.0,1,Spring,0.0,40.0,0.0,60.0,5,30,4,17,1,5578.0,6010.0,8750.0,8893.0,9787.0,6009.428571428572,7795.357142857143,8758.17857142857,460.4660165321503,1952.4199818979243,1710.7826464012032
2022-05-01,6289,25100,8966,6875,58.63,60.15,11.1,50.0,1,Spring,40.0,20.0,0.0,40.0,6,1,5,17,1,5310.0,6398.0,10089.0,9237.0,9379.0,5909.428571428572,7549.642857142857,8598.285714285714,530.9384324454711,2037.6394565636633,1816.9837410785779
2022-05-02,5816,24314,7188,6819,61.21,63.41,7.55,25.0,1,Spring,0.0,60.0,0.0,40.0,0,2,5,18,0,6289.0,6842.0,10083.0,9946.0,8970.0,5893.857142857143,7278.214285714285,8487.92857142857,515.5981731838383,1923.2409816833617,1861.111673536988
2022-05-03,5941,23345,3938,6818,61.26,63.65,7.55,20.0,1,Spring,20.0,20.0,0.0,60.0,1,3,5,18,0,5816.0,5602.0,10136.0,10528.0,9703.0,5747.285714285715,6973.428571428572,8375.285714285714,303.2472667015173,1777.1163640652737,1925.1976686802968
2022-05-04,5765,21767,4920,6766,59.35,59.85,10.4,35.0,1,Spring,60.0,20.0,0.0,20.0,2,4,5,18,0,5941.0,5782.0,10467.0,10028.0,10275.0,5795.714285714285,6673.785714285715,8240.92857142857,303.24726670151654,1540.801548573962,1960.0632440395657
2022-05-05,6417,25728,5079,7077,61.53,62.59,7.9,20.0,1,Spring,40.0,40.0,0.0,20.0,3,5,5,18,0,5765.0,5854.0,8888.0,9226.0,10231.0,5793.285714285715,6337.928571428572,8079.857142857143,303.44341278390067,1099.6894291841438,1971.9912612360936
2022-05-06,6393,23692,7217,7419,60.31,61.03,10.35,45.0,1,Spring,0.0,40.0,0.0,60.0,4,6,5,18,0,6417.0,5578.0,8656.0,9632.0,10259.0,5873.714285714285,6161.428571428572,7943.642857142857,385.6854133815191,822.2097537252199,1949.4956083520965
2022-05-07,6278,21893,5716,6856,61.23,61.98,8.2,25.0,1,Spring,20.0,40.0,0.0,40.0,5,7,5,18,1,6393.0,5310.0,6010.0,8750.0,8893.0,5990.142857142857,5999.785714285715,7805.571428571428,404.1123723963962,416.33163160218226,1916.0552150973024
2022-05-08,5980,20473,7496,7269,61.38,62.9,8.5,30.0,1,Spring,40.0,40.0,0.0,20.0,6,8,5,18,1,6278.0,6289.0,6398.0,10089.0,9237.0,6128.428571428572,6018.928571428572,7712.178571428572,278.7614614342969,422.9461621104556,1924.7989419498338
2022-05-09,5833,21305,5786,6669,60.7,61.15,7.7,20.0,1,Spring,80.0,0.0,0.0,20.0,0,9,5,19,0,5980.0,5816.0,6842.0,10083.0,9946.0,6084.285714285715,5989.071428571428,7595.857142857143,273.5127750129255,408.63985729128365,1927.649493924804
2022-05-10,6205,22374,6998,7088,60.18,60.25,9.3,30.0,1,Spring,0.0,40.0,0.0,60.0,1,10,5,19,0,5833.0,5941.0,5602.0,10136.0,10528.0,6086.714285714285,5917.0,7448.964285714285,270.79556513220666,327.5757105675783,1898.4184739885284
2022-05-11,5906,21385,6961,6982,61.13,63.05,8.15,30.0,1,Spring,80.0,0.0,0.0,20.0,2,11,5,19,0,6205.0,5765.0,5782.0,10467.0,10028.0,6124.428571428572,5960.071428571428,7294.571428571428,265.45047067388117,322.57651788392405,1812.583064325424
2022-05-12,5649,22746,4823,6443,59.12,59.68,9.15,35.0,1,Spring,40.0,60.0,0.0,0.0,3,12,5,19,0,5906.0,6417.0,5854.0,8888.0,9226.0,6144.571428571428,5968.928571428572,7147.357142857143,237.50989954312394,318.9934805906671,1748.6188245729177
2022-05-13,5765,23629,7264,6694,59.8,61.95,8.65,35.0,1,Spring,0.0,40.0,0.0,60.0,4,13,5,19,0,5649.0,6393.0,5578.0,8656.0,9632.0,6034.857142857143,5954.285714285715,7019.607142857143,266.32650923977326,329.21618536047765,1721.588270545661
2022-05-14,6192,22122,3916,7077,59.7,61.05,10.65,45.0,1,Spring,40.0,60.0,0.0,0.0,5,14,5,19,1,5765.0,6278.0,5310.0,6010.0,8750.0,5945.142857142857,5967.642857142857,6881.5,228.69005850097034,316.31571549346,1658.1981407763217
2022-05-15,5998,23025,7291,7169,60.32,61.72,10.1,45.0,1,Spring,60.0,0.0,0.0,40.0,6,15,5,19,1,6192.0,5980.0,6289.0,6398.0,10089.0,5932.857142857143,6030.642857142857,6790.142857142857,209.3174849931177,257.65200357276996,1621.5013096986606
2022-05-16,6130,24455,5555,6924,60.52,61.43,9.35,30.0,1,Spring,20.0,40.0,0.0,40.0,0,16,5,20,0,5998.0,5833.0,5816.0,6842.0,10083.0,5935.428571428572,6009.857142857143,6644.035714285715,210.10224268433424,246.711870919814,1492.4191517811437
2022-05-17,6411,23892,6844,7295,60.53,61.47,9.7,40.0,1,Spring,20.0,20.0,0.0,60.0,1,17,5,20,0,6130.0,6205.0,5941.0,5602.0,10136.0,5977.857142857143,6032.285714285715,6502.857142857143,215.879154908119,241.9597641603562,1333.5719429352507
2022-05-18,5242,22717,3442,6297,58.18,59.95,9.7,40.0,1,Spring,80.0,20.0,0.0,0.0,2,18,5,20,0,6411.0,5906.0,5765.0,5782.0,10467.0,6007.285714285715,6065.857142857143,6369.821428571428,261.2723446813151,260.23535417088766,1127.605363511578
2022-05-19,6075,25282,5979,7137,60.26,60.88,10.2,45.0,1,Spring,60.0,40.0,0.0,0.0,3,19,5,20,0,5242.0,5649.0,6417.0,5854.0,8888.0,5912.428571428572,6028.5,6183.214285714285,392.0029154410977,333.86771908371367,812.8691916608069
2022-05-20,6745,24798,9027,7658,59.0,61.0,12.2,55.0,1,Spring,60.0,20.0,0.0,20.0,4,20,5,20,0,6075.0,5765.0,6393.0,5578.0,8656.0,5973.285714285715,6004.071428571428,6082.75,377.07369495710725,315.2477570921894,616.2508883623435
2022-05-21,6038,22109,5398,6776,60.49,63.58,9.1,40.0,1,Spring,40.0,40.0,0.0,20.0,5,21,5,20,1,6745.0,6192.0,6278.0,5310.0,6010.0,6113.285714285715,6029.214285714285,6014.5,459.7222764111005,359.57393132417127,382.01187687563316
2022-05-22,5981,20159,6840,7083,61.48,62.28,8.05,20.0,1,Spring,40.0,0.0,0.0,60.0,6,22,5,20,1,6038.0,5998.0,5980.0,6289.0,6398.0,6091.285714285715,6012.071428571428,6015.5,459.0118786719336,352.4510799192867,382.03630814454084
2022-05-23,5471,23044,5722,6715,60.41,62.18,8.85,35.0,1,Spring,40.0,60.0,0.0,0.0,0,23,5,21,0,5981.0,6130.0,5833.0,5816.0,6842.0,6088.857142857143,6012.142857142857,6000.607142857143,459.63225466000824,352.4441815364651,374.62923293475365
2022-05-24,6095,25224,3812,6729,60.74,62.24,9.1,35.0,1,Spring,40.0,60.0,0.0,0.0,1,24,5,21,0,5471.0,6411.0,6205.0,5941.0,5602.0,5994.714285714285,5986.285714285715,5951.642857142857,514.0663751844426,378.885293900507,349.32646455135375
2022-05-25,6510,23385,8484,7250,61.07,61.18,10.85,50.0,1,Spring,60.0,0.0,0.0,40.0,2,25,5,21,0,6095.0,5242.0,5906.0,5765.0,5782.0,5949.571428571428,5978.428571428572,5969.25,484.43845744083274,375.122690552092,343.42518997749806
2022-05-26,8697,23450,15554,10744,67.82,68.27,10.75,40.0,0,Spring,0.0,60.0,0.0,40.0,3,26,5,21,0,6510.0,6075.0,5649.0,6417.0,5854.0,6130.714285714285,6021.571428571428,5995.25,406.5745992581647,400.05628724848293,356.04947897932834
2022-05-27,9571,22807,14396,12001,68.8,70.25,11.7,50.0,0,Spring,80.0,0.0,0.0,20.0,4,27,5,21,0,8697.0,6745.0,5765.0,6393.0,5578.0,6505.285714285715,6239.285714285715,6096.785714285715,1048.205564172378,805.5624340576238,621.0403074616283
2022-05-28,9424,21943,8664,11180,68.16,69.03,9.6,30.0,0,Spring,40.0,20.0,0.0,40.0,5,28,5,21,1,9571.0,6038.0,6192.0,6278.0,5310.0,6909.0,6511.142857142857,6239.392857142857,1570.1727081226945,1185.7093207892913,895.3636686879364
2022-05-29,8845,24968,7883,10770,71.68,74.67,4.65,0.0,0,Spring,60.0,0.0,0.0,40.0,6,29,5,21,1,9424.0,5981.0,5998.0,5980.0,6289.0,7392.714285714285,6742.0,6386.321428571428,1766.4173453901699,1411.8602022754378,1059.6774860015648
2022-05-30,9196,32541,7206,10253,70.23,71.23,5.3,0.0,0,Spring,60.0,20.0,0.0,20.0,0,30,5,22,0,8845.0,5471.0,6130.0,5833.0,5816.0,7801.857142857143,6945.357142857143,6477.607142857143,1715.8959203645834,1498.811201080218,1156.6401642588298
2022-05-31,9091,30517,8348,10279,71.33,73.83,4.7,0.0,0,Spring,80.0,20.0,0.0,0.0,1,31,5,22,0,9196.0,6095.0,6411.0,6205.0,5941.0,8334.0,7164.357142857143,6598.321428571428,1425.6168255647576,1591.6316546788814,1257.0536702520517
2022-06-01,9544,28555,12434,11408,67.6,70.94,11.45,50.0,0,Summer,40.0,60.0,0.0,0.0,2,1,6,22,0,9091.0,6510.0,5242.0,5906.0,5765.0,8762.0,7355.785714285715,6710.821428571428,1038.58397188993,1653.996659775787,1334.6100291449015
2022-06-02,10039,27349,14080,11872,71.65,72.17,8.5,25.0,0,Summer,40.0,20.0,0.0,40.0,3,2,6,22,0,9544.0,8697.0,6075.0,5649.0,6417.0,9195.42857142857,7663.071428571428,6845.785714285715,340.81708542013365,1630.5358469998932,1423.535748218148
2022-06-03,9818,26089,12127,12073,72.95,73.65,9.1,30.0,0,Summer,20.0,20.0,0.0,60.0,4,3,6,22,0,10039.0,9571.0,6745.0,5765.0,6393.0,9387.142857142857,7946.214285714285,6975.142857142857,387.9086785019496,1677.064751677374,1542.7067053837407
2022-06-04,9170,28360,10710,11415,70.6,71.24,8.6,35.0,0,Summer,40.0,40.0,0.0,20.0,5,4,6,22,1,9818.0,9424.0,6038.0,6192.0,6278.0,9422.42857142857,8165.714285714285,7097.464285714285,417.523994177905,1708.5586110732456,1628.2515385379804
2022-06-05,9145,30915,6208,11067,70.96,72.56,6.8,20.0,0,Summer,60.0,40.0,0.0,0.0,6,5,6,22,1,9170.0,8845.0,5981.0,5998.0,5980.0,9386.142857142857,8389.42857142857,7200.75,428.26371492784176,1610.7807812594285,1665.6403868026634
2022-06-06,9561,36299,8803,10831,67.44,68.25,9.3,25.0,0,Summer,20.0,80.0,0.0,0.0,0,6,6,23,0,9145.0,9196.0,5471.0,6130.0,5833.0,9429.0,8615.42857142857,7313.785714285715,377.0313868455147,1461.960944142426,1686.9848482742389
2022-06-07,8889,35624,6064,9906,68.51,69.42,7.5,20.0,0,Summer,0.0,100.0,0.0,0.0,1,7,6,23,0,9561.0,9091.0,6095.0,6411.0,6205.0,9481.142857142857,8907.57142857143,7446.928571428572,364.46738700528584,1163.4529982431136,1712.7049415854433
2022-06-08,10667,35555,17737,12552,70.77,72.85,10.4,45.0,0,Summer,20.0,40.0,0.0,40.0,2,8,6,23,0,8889.0,9544.0,6510.0,5242.0,5906.0,9452.285714285714,9107.142857142857,7542.785714285715,406.12219601398687,838.0050355221329,1715.7287050748932
2022-06-09,9669,33147,6231,11729,69.09,69.8,9.95,35.0,0,Summer,80.0,20.0,0.0,0.0,3,9,6,23,0,10667.0,10039.0,8697.0,6075.0,5649.0,9612.714285714286,9404.07142857143,7712.821428571428,615.977465574205,524.9873938832014,1782.140640698005
2022-06-10,9891,31505,7400,11905,70.57,71.83,8.9,35.0,0,Summer,40.0,40.0,0.0,20.0,4,10,6,23,0,9669.0,9818.0,9571.0,6745.0,5765.0,9559.857142857143,9473.5,7856.392857142857,588.5661754273061,487.19807218263264,1771.61571661421
2022-06-11,11391,34853,13407,13048,71.86,73.94,8.6,30.0,0,Summer,0.0,20.0,0.0,80.0,5,11,6,23,1,9891.0,9170.0,9424.0,6038.0,6192.0,9570.285714285714,9496.357142857143,8003.75,594.5190533211601,499.47597264809394,1762.789322194921
2022-06-12,10883,35546,13922,12724,72.12,74.73,8.55,30.0,0,Summer,40.0,20.0,0.0,40.0,6,12,6,23,1,11391.0,9145.0,8845.0,5981.0,5998.0,9887.57142857143,9636.857142857143,8189.428571428572,872.8113307282389,709.889683427908,1837.1292909716556
2022-06-13,9602,29511,7829,11706,69.55,70.67,10.05,35.0,0,Summer,20.0,60.0,0.0,20.0,0,13,6,24,0,10883.0,9561.0,9196.0,5471.0,6130.0,10135.857142857143,9782.42857142857,8363.892857142857,873.5695790970441,743.1959793596014,1853.1944260351688
2022-06-14,10181,30483,9492,12055,70.62,72.7,8.3,20.0,0,Summer,0.0,40.0,0.0,60.0,1,14,6,24,0,9602.0,8889.0,9091.0,6095.0,6411.0,10141.714285714286,9811.42857142857,8487.892857142857,869.1993853130297,726.2816485131966,1813.927626047873
2022-06-15,10798,33606,12097,12542,68.68,71.14,12.05,55.0,0,Summer,20.0,60.0,0.0,20.0,2,15,6,24,0,10181.0,10667.0,9544.0,6510.0,5242.0,10326.285714285714,9889.285714285714,8622.535714285714,674.1450670505169,701.0984160665341,1793.8632732518063
2022-06-16,9928,34221,8220,11116,67.65,68.86,9.45,45.0,0,Summer,20.0,80.0,0.0,0.0,3,16,6,24,0,10798.0,9669.0,10039.0,8697.0,6075.0,10345.0,9978.857142857143,8820.964285714286,686.877718374948,732.9720172162049,1711.4719781552299
2022-06-17,10361,34156,11399,12536,72.18,73.48,8.7,30.0,0,Summer,20.0,40.0,0.0,40.0,4,17,6,24,0,9928.0,9891.0,9818.0,9571.0,6745.0,10382.0,9970.92857142857,8958.57142857143,650.4019270163955,732.8717449223357,1635.7316729280817
2022-06-18,9321,33828,8147,10856,66.29,70.08,11.65,45.0,0,Summer,60.0,40.0,0.0,0.0,5,18,6,24,1,10361.0,11391.0,9170.0,9424.0,6038.0,10449.142857142857,10009.714285714286,9087.714285714286,614.5376116971598,738.5026877271569,1596.7747088739434
2022-06-19,10430,34342,9587,12114,69.06,73.09,10.45,45.0,0,Summer,60.0,40.0,0.0,0.0,6,19,6,24,1,9321.0,10883.0,9145.0,8845.0,5981.0,10153.42857142857,10020.5,9204.964285714286,583.0125376418556,726.297221422586,1480.8699765901579
2022-06-20,10095,33598,11026,12511,68.44,69.75,11.6,50.0,0,Summer,100.0,0.0,0.0,0.0,0,20,6,25,0,10430.0,9602.0,9561.0,9196.0,5471.0,10088.714285714286,10112.285714285714,9363.857142857143,508.9733831566076,687.2937372904663,1355.5127692961312
2022-06-21,10644,32775,12813,12745,72.46,74.5,8.55,30.0,0,Summer,60.0,0.0,0.0,40.0,1,21,6,25,0,10095.0,10181.0,8889.0,9091.0,6095.0,10159.142857142857,10150.42857142857,9529.0,462.3762640142622,668.9175773402434,1125.903982485975
2022-06-22,10749,32840,8323,12555,70.49,73.41,11.25,50.0,0,Summer,40.0,20.0,0.0,40.0,2,22,6,25,0,10644.0,10798.0,10667.0,9544.0,6510.0,10225.285714285714,10275.785714285714,9691.464285714286,497.78432889677686,571.7226571540717,921.7260974265898
2022-06-23,9380,33108,5888,10832,68.41,68.53,9.1,30.0,0,Summer,20.0,60.0,0.0,20.0,3,23,6,25,0,10749.0,9928.0,9669.0,10039.0,8697.0,10218.285714285714,10281.642857142857,9842.857142857143,488.6490609444382,576.439416676997,701.6790821960841
2022-06-24,10006,33535,11680,11949,70.87,72.03,9.0,35.0,0,Summer,0.0,40.0,0.0,60.0,4,24,6,25,0,9380.0,10361.0,9891.0,9818.0,9571.0,10140.0,10261.0,9867.25,578.53608357645,604.5553992557227,671.5965844331156
2022-06-25,10248,33675,12056,12097,71.08,70.79,9.5,35.0,0,Summer,60.0,40.0,0.0,0.0,5,25,6,25,1,10006.0,9321.0,11391.0,9170.0,9424.0,10089.285714285714,10269.214285714286,9882.785714285714,571.4507019523927,599.9047589244773,669.5178672770276
2022-06-26,11178,31029,12909,13349,71.37,74.74,12.45,60.0,0,Summer,20.0,20.0,0.0,60.0,6,26,6,25,1,10248.0,10430.0,10883.0,9145.0,8845.0,10221.714285714286,10187.57142857143,9912.214285714286,460.3443328225957,505.9069106049232,666.708629631717
2022-06-27,9709,30864,8649,11636,70.75,74.41,7.75,25.0,0,Summer,20.0,40.0,0.0,40.0,0,27,6,26,0,11178.0,10095.0,9602.0,9561.0,9196.0,10328.57142857143,10208.642857142857,9995.535714285714,586.3263758757519,541.959068443501,674.1356321461626
2022-06-28,10510,30184,8772,11950,71.02,72.43,8.85,30.0,0,Summer,60.0,0.0,0.0,40.0,1,28,6,26,0,9709.0,10644.0,10181.0,8889.0,9091.0,10273.42857142857,10216.285714285714,10013.857142857143,628.5830247847887,533.4333537164304,658.3884766939592
2022-06-29,5461,32195,3657,6338,61.45,63.58,5.3,0.0,1,Summer,40.0,40.0,0.0,20.0,2,29,6,26,0,10510.0,10749.0,10798.0,10667.0,9544.0,10254.285714285714,10239.785714285714,10064.535714285714,617.3569238524396,538.9774047742245,639.0506548138385
2022-06-30,5548,37319,2145,6308,61.94,63.0,4.55,0.0,1,Summer,0.0,80.0,0.0,20.0,3,30,6,26,0,5461.0,9380.0,9928.0,9669.0,10039.0,9498.857142857143,9858.57142857143,9918.714285714286,1871.8492129951237,1366.2724536425503,1077.5935074023841
2022-07-01,5774,37854,4205,6760,60.75,62.21,8.25,25.0,1,Summer,40.0,40.0,0.0,20.0,4,1,7,26,0,5548.0,10006.0,10361.0,9891.0,9818.0,8951.42857142857,9545.714285714286,9758.32142857143,2398.6216776267465,1786.1216440860198,1357.0250701461982
2022-07-02,5552,35178,2554,6408,59.36,62.13,8.7,35.0,1,Summer,20.0,80.0,0.0,0.0,5,2,7,26,1,5774.0,10248.0,9321.0,11391.0,9170.0,8346.857142857143,9218.07142857143,9613.892857142857,2612.33295660995,2029.2332187414972,1551.6794566673195
2022-07-03,6701,34287,6634,7698,61.95,64.11,9.4,35.0,1,Summer,20.0,20.0,0.0,60.0,6,3,7,26,1,5552.0,11178.0,10430.0,10883.0,9145.0,7676.0,8948.857142857143,9484.67857142857,2645.506819748033,2252.281812437641,1730.3669286229315
2022-07-04,6950,32167,5724,7834,62.61,63.96,8.2,25.0,1,Summer,20.0,20.0,0.0,60.0,0,4,7,27,0,6701.0,9709.0,10095.0,9602.0,9561.0,7036.428571428572,8682.5,9397.392857142857,2153.1178058142377,2283.92182103841,1808.034954170589
2022-07-05,5841,28430,4594,7014,59.96,62.52,10.15,45.0,1,Summer,20.0,60.0,0.0,20.0,1,5,7,27,0,6950.0,10510.0,10644.0,10181.0,8889.0,6642.285714285715,8457.857142857143,9304.142857142857,1807.0643517674214,2288.9665742474276,1865.6964683917129
2022-07-06,6479,27512,5390,7516,62.18,63.36,8.35,30.0,1,Summer,0.0,80.0,0.0,20.0,2,6,7,27,0,5841.0,5461.0,10749.0,10798.0,10667.0,5975.285714285715,8114.785714285715,9195.285714285714,600.2098839255797,2296.028885457927,1976.448814248401
2022-07-07,6788,26469,6698,7819,62.46,64.46,9.45,35.0,1,Summer,40.0,20.0,0.0,40.0,3,7,7,27,0,6479.0,5548.0,9380.0,9928.0,9669.0,6120.714285714285,7809.785714285715,9045.714285714286,577.7403437202173,2200.8231389666503,2018.959281910008
2022-07-08,6774,26217,7802,7804,63.12,62.49,8.25,25.0,1,Summer,40.0,0.0,0.0,60.0,4,8,7,27,0,6788.0,5774.0,10006.0,10361.0,9891.0,6297.857142857143,7624.642857142857,8942.82142857143,562.7780582584837,2167.3392978184484,2059.0330534207937
2022-07-09,6095,24178,7300,7485,60.87,62.05,11.35,45.0,1,Summer,40.0,60.0,0.0,0.0,5,9,7,27,1,6774.0,5552.0,10248.0,9321.0,11391.0,6440.714285714285,7393.785714285715,8831.5,533.813860905917,2063.8328114521314,2089.9000241904164
2022-07-10,6661,23678,5524,7656,62.3,63.7,8.4,30.0,1,Summer,80.0,0.0,0.0,20.0,6,10,7,27,1,6095.0,6701.0,11178.0,10430.0,10883.0,6518.285714285715,7097.142857142857,8642.357142857143,407.70238912137876,1915.134534625263,2089.330110865514
2022-07-11,6257,22940,5364,7186,60.08,61.66,10.4,40.0,1,Summer,60.0,20.0,0.0,20.0,0,11,7,28,0,6661.0,6950.0,9709.0,10095.0,9602.0,6512.571428571428,6774.5,8491.57142857143,404.98594919782244,1513.0222302500413,2073.9279859737844
2022-07-12,6271,24453,5215,7348,61.64,64.06,8.0,25.0,1,Summer,40.0,20.0,0.0,40.0,1,12,7,28,0,6257.0,5841.0,10510.0,10644.0,10181.0,6413.571428571428,6527.928571428572,8372.107142857143,362.73215882750605,1257.758168285999,2103.721892957821
2022-07-13,6716,25104,7149,7672,62.67,65.22,7.8,30.0,1,Summer,0.0,20.0,0.0,80.0,2,13,7,28,0,6271.0,6479.0,5461.0,10749.0,10798.0,6475.0,6225.142857142857,8232.464285714286,275.5364464701108,518.2094701422383,2108.9666678458057
2022-07-14,6465,25357,6208,7304,60.38,61.68,9.95,40.0,1,Summer,60.0,20.0,0.0,20.0,3,14,7,28,0,6716.0,6788.0,5548.0,9380.0,9928.0,6508.857142857143,6314.785714285715,8086.678571428572,290.2765512240326,483.2230220209222,2065.6949696583815
2022-07-15,6380,22792,6377,7261,59.18,59.8,10.7,40.0,1,Summer,20.0,60.0,0.0,20.0,4,15,7,28,0,6465.0,6774.0,5774.0,10006.0,10361.0,6462.714285714285,6380.285714285715,7963.0,262.88826161561724,430.5719681775197,2055.0088942765037
2022-07-16,6267,21708,6435,7406,61.91,63.58,9.1,30.0,1,Summer,40.0,20.0,0.0,40.0,5,16,7,28,1,6380.0,6095.0,5552.0,10248.0,9321.0,6406.428571428572,6423.571428571428,7820.821428571428,224.50973040753334,393.825950288858,2020.3788983398938
2022-07-17,6510,22013,7639,7834,61.25,62.57,9.85,40.0,1,Summer,60.0,20.0,0.0,20.0,6,17,7,28,1,6267.0,6661.0,6701.0,11178.0,10430.0,6431.0,6474.642857142857,7711.75,191.76982731052985,309.4221928153119,2018.8267150886265
2022-07-18,6005,25197,4940,6716,62.42,64.76,6.55,10.0,1,Summer,40.0,40.0,0.0,20.0,0,18,7,29,0,6510.0,6257.0,6950.0,9709.0,10095.0,6409.428571428572,6461.0,7571.75,168.68990993633818,302.81423602351373,1958.3569762166126
2022-07-19,6180,24756,5694,7024,60.95,60.69,8.95,25.0,1,Summer,40.0,60.0,0.0,0.0,1,19,7,29,0,6005.0,6271.0,5841.0,10510.0,10644.0,6373.428571428572,6393.5,7425.678571428572,224.34858081639516,290.50109227923343,1915.2396437148848
2022-07-20,6208,24316,7131,6911,60.57,62.01,8.35,25.0,1,Summer,0.0,80.0,0.0,20.0,2,20,7,29,0,6180.0,6716.0,6479.0,5461.0,10749.0,6360.428571428572,6417.714285714285,7266.25,233.71411107233308,252.5559887877744,1820.8900067457785
2022-07-21,5975,24008,5908,6806,59.37,59.89,8.75,30.0,1,Summer,40.0,60.0,0.0,0.0,3,21,7,29,0,6208.0,6465.0,6788.0,5548.0,9380.0,6287.857142857143,6398.357142857143,7104.071428571428,176.8572197862522,257.8277920041076,1697.2328662020348
2022-07-22,6660,22613,5168,7803,60.74,64.19,11.3,55.0,1,Summer,40.0,20.0,0.0,40.0,4,22,7,29,0,5975.0,6380.0,6774.0,5774.0,10006.0,6217.857142857143,6340.285714285715,6982.464285714285,191.42921108647644,254.85665007598962,1649.43383063407
2022-07-23,7466,23036,10623,8630,62.64,64.85,11.6,55.0,1,Summer,20.0,0.0,0.0,80.0,5,23,7,29,1,6660.0,6267.0,6095.0,5552.0,10248.0,6257.857142857143,6332.142857142857,6862.964285714285,250.95512784265497,241.39908136436614,1539.8344182782298
2022-07-24,5703,22170,5174,7046,58.82,59.47,11.25,50.0,1,Summer,20.0,80.0,0.0,0.0,6,24,7,29,1,7466.0,6510.0,6661.0,6701.0,11178.0,6429.142857142857,6430.071428571428,6763.607142857143,521.5401641841083,377.51117442167174,1396.4001957224598
2022-07-25,9478,23313,18666,11443,68.43,69.69,10.9,45.0,0,Summer,20.0,60.0,0.0,20.0,0,25,7,30,0,5703.0,6005.0,6257.0,6950.0,9709.0,6313.857142857143,6361.642857142857,6568.071428571428,585.9088178694607,417.17375224297473,1109.1483195267256
2022-07-26,10501,22897,18054,13772,71.97,72.48,11.25,50.0,0,Summer,0.0,20.0,0.0,80.0,1,26,7,30,0,9478.0,6180.0,6271.0,5841.0,10510.0,6810.0,6591.714285714285,6559.821428571428,1307.2259432350259,929.1068025525876,1085.5279669042072
2022-07-27,9476,24104,10559,12475,69.96,73.16,10.95,50.0,0,Summer,40.0,60.0,0.0,0.0,2,27,7,30,0,10501.0,6208.0,6716.0,6479.0,5461.0,7427.285714285715,6893.857142857143,6559.5,1862.450331712302,1390.177235913748,1084.3156401193205
2022-07-28,9709,27560,10605,12347,70.86,74.4,9.7,30.0,0,Summer,0.0,20.0,0.0,80.0,3,28,7,30,0,9476.0,5975.0,6465.0,6788.0,5548.0,7894.142857142857,7091.0,6702.892857142857,1914.732829802588,1549.5761207008177,1193.6333992474022
2022-07-29,8366,32096,5611,9962,69.96,72.88,4.3,0.0,0,Summer,20.0,80.0,0.0,0.0,4,29,7,30,0,9709.0,6660.0,6380.0,6774.0,5774.0,8427.57142857143,7322.714285714285,6851.5,1808.1291304497474,1685.3620213049726,1298.9039111382865
2022-07-30,9827,39136,7784,11425,72.59,75.47,5.25,0.0,0,Summer,20.0,40.0,0.0,40.0,5,30,7,30,1,8366.0,7466.0,6267.0,6095.0,5552.0,8671.285714285714,7464.571428571428,6944.071428571428,1637.0548467991457,1683.4898146540702,1311.570247157003
2022-07-31,10122,37311,8248,11371,73.78,75.61,4.3,0.0,0,Summer,20.0,20.0,0.0,60.0,6,31,7,30,1,9827.0,5703.0,6510.0,6661.0,6701.0,9008.57142857143,7718.857142857143,7096.75,1589.8805885079178,1755.9881661219927,1389.998124832191
2022-08-01,9543,36387,8035,11018,70.11,72.06,7.8,20.0,0,Summer,0.0,60.0,0.0,40.0,0,1,8,31,0,10122.0,9478.0,6005.0,6257.0,6950.0,9639.857142857143,7976.857142857143,7218.928571428572,669.5260583854284,1828.5616818078252,1499.9272310391161
2022-08-02,9997,34010,9371,11890,67.73,69.8,11.8,50.0,0,Summer,40.0,40.0,0.0,20.0,1,2,8,31,0,9543.0,10501.0,6180.0,6271.0,5841.0,9649.142857142857,8229.57142857143,7311.535714285715,667.3543358095418,1778.8884046066503,1561.4921752900445
2022-08-03,10465,32970,12794,12460,71.68,72.43,9.7,40.0,0,Summer,40.0,20.0,0.0,40.0,2,3,8,31,0,9997.0,9476.0,6208.0,6716.0,6479.0,9577.142857142857,8502.214285714286,7459.964285714285,581.840020558741,1732.498292976034,1613.201727463753
2022-08-04,10541,31919,10905,12061,69.99,71.89,9.15,40.0,0,Summer,20.0,40.0,0.0,40.0,3,4,8,31,0,10465.0,9709.0,5975.0,6465.0,6788.0,9718.42857142857,8806.285714285714,7602.321428571428,667.02769986031,1671.3612797574806,1697.1200890216405
2022-08-05,10100,28628,10590,11758,70.89,71.38,9.2,35.0,0,Summer,80.0,20.0,0.0,0.0,4,5,8,31,0,10541.0,8366.0,6660.0,6380.0,6774.0,9837.285714285714,9132.42857142857,7736.357142857143,735.6631281335357,1514.5122959241799,1776.75864290349
2022-08-06,10198,30567,9934,12528,73.48,74.92,8.4,25.0,0,Summer,20.0,20.0,0.0,60.0,5,6,8,31,1,10100.0,9827.0,7466.0,6267.0,6095.0,10085.0,9378.142857142857,7855.142857142857,346.8914335446213,1352.966874183325,1820.6746758090126
2022-08-07,10271,29998,11119,12199,69.32,71.48,11.1,40.0,0,Summer,60.0,40.0,0.0,0.0,6,7,8,31,1,10198.0,10122.0,5703.0,6510.0,6661.0,10138.0,9573.285714285714,8001.678571428572,328.77145050420853,1248.984105864975,1838.7874437322798
2022-08-08,9864,31807,9698,11325,69.4,69.82,10.15,40.0,0,Summer,20.0,80.0,0.0,0.0,0,8,8,32,0,10271.0,9543.0,9478.0,6005.0,6257.0,10159.285714285714,9899.57142857143,8130.607142857143,332.3666220133207,574.9058403554083,1867.6359455558395
2022-08-09,11119,31204,12163,12839,71.71,74.41,9.1,40.0,0,Summer,0.0,40.0,0.0,60.0,1,9,8,32,0,9864.0,9997.0,10501.0,6180.0,6271.0,10205.142857142857,9927.142857142857,8259.42857142857,243.40325153357352,562.2494460294934,1857.9889253062913
2022-08-10,9437,30603,10423,11145,68.72,69.89,9.35,35.0,0,Summer,20.0,60.0,0.0,20.0,2,10,8,32,0,11119.0,10465.0,9476.0,6208.0,6716.0,10365.42857142857,9971.285714285714,8432.57142857143,401.54736422277233,630.8449070122775,1891.4155081151803
2022-08-11,9843,33284,8881,11421,69.95,72.34,8.15,25.0,0,Summer,80.0,20.0,0.0,0.0,3,11,8,32,0,9437.0,10541.0,9709.0,5975.0,6465.0,10218.57142857143,9968.5,8529.75,527.3420323164008,633.2816544367807,1869.730196915919
2022-08-12,9735,34070,12076,11440,69.77,71.36,8.45,30.0,0,Summer,60.0,20.0,0.0,20.0,4,12,8,32,0,9843.0,10100.0,8366.0,6660.0,6380.0,10118.857142857143,9978.07142857143,8650.392857142857,522.1798631925443,630.0623246688102,1840.3196046759049
2022-08-13,9875,33822,8365,11353,70.1,70.18,9.6,30.0,0,Summer,60.0,40.0,0.0,0.0,5,13,8,32,1,9735.0,10198.0,9827.0,7466.0,6267.0,10066.714285714286,10075.857142857143,8770.214285714286,542.2160437456769,437.4015682049657,1795.7011084530332
2022-08-14,10129,36742,9928,12114,70.7,72.3,9.65,35.0,0,Summer,20.0,20.0,0.0,60.0,6,14,8,32,1,9875.0,10271.0,10122.0,5703.0,6510.0,10020.57142857143,10079.285714285714,8899.07142857143,542.9247514290192,435.4847747178084,1737.9447190750423
2022-08-15,10490,37547,7976,11844,70.48,72.17,9.55,35.0,0,Summer,60.0,40.0,0.0,0.0,0,15,8,33,0,10129.0,9864.0,9543.0,9478.0,6005.0,10000.285714285714,10079.785714285714,9028.32142857143,534.5972671976682,435.54160422515366,1687.5305880041751
2022-08-16,10647,34354,12349,12029,69.43,70.91,11.2,45.0,0,Summer,40.0,40.0,0.0,20.0,1,16,8,33,0,10490.0,11119.0,9997.0,10501.0,6180.0,10089.714285714286,10147.42857142857,9188.5,559.7662352225374,418.98535210047174,1600.5454741477347
2022-08-17,10456,31292,13016,12606,71.13,73.79,8.85,30.0,0,Summer,80.0,0.0,0.0,20.0,2,17,8,33,0,10647.0,9437.0,10465.0,9476.0,6208.0,10022.285714285714,10193.857142857143,9348.035714285714,428.04622580808706,436.67429459549163,1509.6067793656932
2022-08-18,10261,30755,8593,12655,70.82,74.51,10.0,35.0,0,Summer,0.0,20.0,0.0,80.0,3,18,8,33,0,10456.0,9843.0,10541.0,9709.0,5975.0,10167.857142857143,10193.214285714286,9499.75,364.36082325598977,436.25084149297334,1391.1615084498906
2022-08-19,9393,35224,6423,10975,68.32,71.06,10.25,40.0,0,Summer,40.0,60.0,0.0,0.0,4,19,8,33,0,10261.0,9735.0,10100.0,8366.0,6660.0,10227.57142857143,10173.214285714286,9652.82142857143,335.3445278827793,425.36250215761737,1213.4049751001794
2022-08-20,10093,34799,11128,12221,71.29,74.26,9.05,35.0,0,Summer,40.0,40.0,0.0,20.0,5,20,8,33,1,9393.0,9875.0,10198.0,9827.0,7466.0,10178.714285714286,10122.714285714286,9750.42857142857,430.4860486650072,473.92005631778346,1064.5336460619117
2022-08-21,10332,35404,10011,12185,69.93,71.13,9.7,35.0,0,Summer,40.0,20.0,0.0,40.0,6,21,8,33,1,10093.0,10129.0,10271.0,10122.0,5703.0,10209.857142857143,10115.214285714286,9844.25,412.3560066137613,473.46759755457106,967.0407944591233
2022-08-22,10836,34313,13507,12012,71.26,75.39,8.25,30.0,0,Summer,0.0,60.0,0.0,40.0,0,22,8,34,0,10332.0,10490.0,9864.0,9543.0,9478.0,10238.857142857143,10119.57142857143,10009.57142857143,412.8597132890473,475.28869191194934,529.5773596880487
2022-08-23,10428,32532,9023,12313,72.81,75.02,7.75,25.0,0,Summer,60.0,0.0,0.0,40.0,1,23,8,34,0,10836.0,10647.0,11119.0,9997.0,10501.0,10288.285714285714,10189.0,10058.07142857143,465.31771020297725,505.13973695026664,541.1497313553956
2022-08-24,9829,31599,7151,11611,69.94,71.3,9.25,35.0,0,Summer,40.0,40.0,0.0,20.0,2,24,8,34,0,10428.0,10456.0,9437.0,10465.0,9476.0,10257.0,10139.642857142857,10055.464285714286,444.0563027364561,436.3551142295881,539.1087626226205
2022-08-25,11555,32888,16314,13494,72.32,75.01,10.6,45.0,0,Summer,20.0,20.0,0.0,60.0,3,25,8,34,0,9829.0,10261.0,9843.0,10541.0,9709.0,10167.42857142857,10167.642857142857,10068.07142857143,460.16984442079496,398.75683879219855,529.0904094534756
2022-08-26,10261,33539,8599,11971,70.34,72.03,10.25,45.0,0,Summer,40.0,60.0,0.0,0.0,4,26,8,34,0,11555.0,9393.0,9735.0,10100.0,8366.0,10352.285714285714,10289.92857142857,10134.0,700.943581725287,531.8404133523094,593.7517251436802
2022-08-27,10971,31527,10866,13033,72.01,75.75,9.35,30.0,0,Summer,40.0,20.0,0.0,40.0,5,27,8,34,1,10261.0,10093.0,9875.0,10198.0,9827.0,10476.285714285714,10327.5,10201.67857142857,566.9220152971113,507.65172040563306,482.30404223210144
2022-08-28,11295,32329,12089,13021,71.81,73.6,11.05,50.0,0,Summer,40.0,20.0,0.0,40.0,6,28,8,34,1,10971.0,10332.0,10129.0,10271.0,10122.0,10601.714285714286,10405.785714285714,10242.535714285714,565.1122939397699,516.9264459760979,497.60146794343007
2022-08-29,9378,32684,6000,10782,71.41,72.69,4.9,0.0,0,Summer,40.0,60.0,0.0,0.0,0,29,8,35,0,11295.0,10836.0,10490.0,9864.0,9543.0,10739.285714285714,10489.07142857143,10284.42857142857,604.3632225424257,560.9572127226127,535.0460989880345
2022-08-30,9732,33936,8338,11228,73.03,74.77,4.3,0.0,0,Summer,80.0,0.0,0.0,20.0,1,30,8,35,0,9378.0,10428.0,10647.0,11119.0,9997.0,10531.0,10409.642857142857,10278.535714285714,788.6268657186993,634.6957608108297,544.3423134690063
2022-08-31,9631,31523,8207,10906,72.33,74.1,4.5,0.0,0,Summer,40.0,40.0,0.0,20.0,2,31,8,35,0,9732.0,9829.0,10456.0,9437.0,10465.0,10431.57142857143,10344.285714285714,10269.07142857143,845.5948314929482,655.1548764131594,551.6729391097748
2022-09-01,9577,32386,11494,11246,67.29,67.35,12.55,55.0,0,Autumn,20.0,40.0,20.0,20.0,3,1,9,35,0,9631.0,11555.0,10261.0,9843.0,10541.0,10403.285714285714,10285.357142857143,10239.285714285714,872.0096930435312,680.9294109064417,563.0988241101834
2022-09-02,9962,30418,11963,11928,71.59,72.89,8.4,35.0,0,Autumn,0.0,0.0,20.0,80.0,4,2,9,35,0,9577.0,10261.0,9393.0,9735.0,10100.0,10120.714285714286,10236.5,10204.857142857143,748.3071370958223,706.8566115067476,573.3452656565494
2022-09-03,10090,29438,8288,11810,70.42,73.34,8.05,25.0,0,Autumn,0.0,20.0,20.0,60.0,5,3,9,35,1,9962.0,10971.0,10093.0,9875.0,10198.0,10078.0,10277.142857142857,10199.92857142857,747.4980490498343,670.0248970280088,574.8711242737759
2022-09-04,9907,31110,12715,12040,69.7,70.71,10.7,45.0,0,Autumn,60.0,0.0,20.0,20.0,6,4,9,35,1,10090.0,11295.0,10332.0,10129.0,10271.0,9952.142857142857,10276.92857142857,10196.07142857143,638.2704308184115,670.0887959856707,575.2467379514595
2022-09-05,9434,32837,6228,10762,68.92,68.32,9.15,30.0,0,Autumn,20.0,0.0,60.0,20.0,0,5,9,36,0,9907.0,9378.0,10836.0,10490.0,9864.0,9753.857142857143,10246.57142857143,10183.07142857143,247.6176007283367,676.9933205312943,577.5989207291673
2022-09-06,9725,31198,11429,11273,68.65,70.98,9.95,40.0,0,Autumn,0.0,0.0,40.0,60.0,1,6,9,36,0,9434.0,9732.0,10428.0,10647.0,11119.0,9761.857142857143,10146.42857142857,10167.714285714286,233.9796490946549,686.7204911512883,591.935047559347
2022-09-07,8756,29878,7165,10577,68.88,70.53,8.65,25.0,0,Autumn,20.0,20.0,20.0,40.0,2,7,9,36,0,9725.0,9631.0,9829.0,10456.0,9437.0,9760.857142857143,10096.214285714286,10117.92857142857,234.143423689679,690.2410034597897,567.0620142826658
2022-09-08,9002,34725,8762,10650,67.3,69.54,10.15,40.0,0,Autumn,40.0,0.0,40.0,20.0,3,8,9,36,0,8756.0,9577.0,11555.0,10261.0,9843.0,9635.857142857143,10019.57142857143,10093.607142857143,449.5254640808758,776.3899411116662,610.3042555902105
2022-09-09,9624,32604,10348,10980,66.58,68.01,11.8,50.0,0,Autumn,60.0,0.0,20.0,20.0,4,9,9,36,0,9002.0,9962.0,10261.0,9393.0,9735.0,9553.714285714286,9837.214285714286,10063.57142857143,510.4764814320278,682.1070498628249,642.9177372970852
2022-09-10,8596,30799,7171,9945,68.08,70.82,6.9,15.0,0,Autumn,0.0,20.0,40.0,40.0,5,10,9,36,1,9624.0,10090.0,10971.0,10093.0,9875.0,9505.42857142857,9791.714285714286,10059.607142857143,480.527438392029,672.8465853911775,645.356366627832
2022-09-11,9813,30710,10205,11279,69.84,72.32,9.65,40.0,0,Autumn,80.0,0.0,0.0,20.0,6,11,9,36,1,8596.0,9907.0,11295.0,10332.0,10129.0,9292.0,9622.07142857143,10013.92857142857,508.5787385777374,651.7142441622698,701.7104461703115
2022-09-12,8536,32076,8174,9804,68.56,69.62,6.15,15.0,0,Autumn,20.0,20.0,60.0,0.0,0,12,9,37,0,9813.0,9434.0,9378.0,10836.0,10490.0,9278.57142857143,9516.214285714286,10002.642857142857,490.5554189361365,447.41929716159086,702.3320526426937
2022-09-13,9033,31046,7581,10275,68.75,68.83,7.9,25.0,0,Autumn,0.0,60.0,20.0,20.0,1,13,9,37,0,8536.0,9725.0,9732.0,10428.0,10647.0,9150.285714285714,9456.07142857143,9932.857142857143,556.1656570620206,518.3901803862843,747.7239891973188
2022-09-14,8821,30972,9386,10313,66.78,68.37,11.1,45.0,0,Autumn,20.0,60.0,20.0,0.0,2,14,9,37,0,9033.0,8756.0,9631.0,9829.0,10456.0,9051.42857142857,9406.142857142857,9875.214285714286,495.1383164136507,523.4076007124489,752.8260020867892
2022-09-15,10164,29762,10489,12000,71.77,73.11,9.45,40.0,0,Autumn,40.0,0.0,0.0,60.0,3,15,9,37,0,8821.0,9002.0,9577.0,11555.0,10261.0,9060.714285714286,9348.285714285714,9816.82142857143,489.24898715129024,541.1091783154204,769.3371872410349
2022-09-16,9394,31162,9461,10783,68.93,69.86,9.95,40.0,0,Autumn,0.0,0.0,60.0,40.0,4,16,9,37,0,10164.0,9624.0,9962.0,10261.0,9393.0,9226.714285714286,9390.214285714286,9813.357142857143,639.9332554482238,581.4343244309024,767.4791450555695
2022-09-17,9744,32244,7619,11014,69.0,71.23,10.25,40.0,0,Autumn,80.0,20.0,0.0,0.0,5,17,9,37,1,9394.0,8596.0,10090.0,10971.0,10093.0,9193.857142857143,9349.642857142857,9813.392857142857,621.7822310561259,557.803881601515,767.4588824447704
2022-09-18,9200,29332,10260,10849,66.75,69.27,11.1,45.0,0,Autumn,20.0,60.0,0.0,20.0,6,18,9,37,1,9744.0,9813.0,9907.0,11295.0,10332.0,9357.857142857143,9324.92857142857,9800.92857142857,588.3070141151915,529.4209411867646,765.5813539551492
2022-09-19,9113,28063,8546,10898,68.69,70.2,10.15,45.0,0,Autumn,0.0,20.0,20.0,60.0,0,19,9,38,0,9200.0,8536.0,9434.0,9378.0,10836.0,9270.285714285714,9274.42857142857,9760.5,553.8822721739353,502.671434864384,766.3867363346135
2022-09-20,8461,28979,7437,9832,68.73,70.73,7.55,20.0,0,Autumn,0.0,40.0,0.0,60.0,1,20,9,38,0,9113.0,9033.0,9725.0,9732.0,10428.0,9352.714285714286,9251.5,9698.964285714286,461.64839228056184,502.15363110388506,745.7271610161725
2022-09-21,8738,27625,8106,9975,66.28,68.81,10.9,55.0,0,Autumn,0.0,80.0,0.0,20.0,2,21,9,38,0,8461.0,8821.0,8756.0,9631.0,9829.0,9271.0,9161.214285714286,9628.714285714286,566.4085686734063,523.6428874972162,766.8556219873062
2022-09-22,8432,29596,9735,10230,66.66,68.97,10.0,45.0,0,Autumn,0.0,40.0,60.0,0.0,3,22,9,38,0,8738.0,10164.0,9002.0,9577.0,11555.0,9259.142857142857,9159.92857142857,9589.75,578.1460105577135,524.7353126593416,783.8313133434846
2022-09-23,9947,29360,11447,11271,70.48,72.8,7.75,25.0,0,Autumn,20.0,20.0,0.0,60.0,4,23,9,38,0,8432.0,9394.0,9624.0,9962.0,10261.0,9011.714285714286,9119.214285714286,9478.214285714286,490.3008308802843,558.9305968436164,712.8041316930804
2022-09-24,9352,28057,10388,11592,71.47,72.88,7.8,20.0,0,Autumn,0.0,0.0,0.0,100.0,5,24,9,38,1,9947.0,9744.0,8596.0,10090.0,10971.0,9090.714285714286,9142.285714285714,9467.0,595.440933058768,587.3154608466385,702.4272204292745
2022-09-25,8490,28161,6256,9804,66.5,67.22,9.15,30.0,0,Autumn,20.0,20.0,60.0,0.0,6,25,9,38,1,9352.0,9200.0,9813.0,9907.0,11295.0,9034.714285714286,9196.285714285714,9409.17857142857,539.5731999416114,567.6497333569953,637.6898150861027
2022-09-26,10579,30427,16820,12493,69.99,72.6,10.1,35.0,0,Autumn,0.0,40.0,0.0,60.0,0,26,9,39,0,8490.0,9113.0,8536.0,9434.0,9378.0,8933.285714285714,9101.785714285714,9309.0,569.2415170750443,567.2077598703956,543.8909885330028
2022-09-27,9177,27546,8773,10739,68.45,70.87,8.25,30.0,0,Autumn,40.0,0.0,20.0,40.0,1,27,9,39,0,10579.0,8461.0,9033.0,9725.0,9732.0,9142.714285714286,9247.714285714286,9351.892857142857,847.8670717916589,664.8502929893012,594.5335762431101
2022-09-28,8564,28938,6405,10042,65.57,66.17,10.9,45.0,0,Autumn,20.0,80.0,0.0,0.0,2,28,9,39,0,9177.0,8738.0,8821.0,8756.0,9631.0,9245.0,9258.0,9332.07142857143,793.3553218241218,662.3822972365393,590.6305437017614
2022-09-29,8676,33555,7395,10272,70.36,73.64,5.1,0.0,0,Autumn,40.0,40.0,0.0,20.0,3,29,9,39,0,8564.0,8432.0,10164.0,9002.0,9577.0,9220.142857142857,9239.642857142857,9293.964285714286,814.3364228154105,678.7830294718252,604.8787746404911
2022-09-30,8244,34590,7314,9588,68.18,70.17,5.05,0.0,0,Autumn,40.0,60.0,0.0,0.0,4,30,9,39,0,8676.0,9947.0,9394.0,9624.0,9962.0,9255.0,9133.357142857143,9261.785714285714,779.4527995117187,638.1950036136379,613.1730682606766
2022-10-01,8277,33611,5925,9611,66.86,68.81,7.4,25.0,0,Autumn,0.0,60.0,40.0,0.0,5,1,10,39,1,8244.0,9352.0,9744.0,8596.0,10090.0,9011.714285714286,9051.214285714286,9200.42857142857,793.1184683021174,675.0136384458921,626.3258191596718
2022-10-02,9981,32935,13127,11151,69.38,72.37,8.75,35.0,0,Autumn,0.0,40.0,0.0,60.0,6,2,10,39,1,8277.0,8490.0,9200.0,9813.0,9907.0,8858.142857142857,8946.42857142857,9135.67857142857,819.8722316254349,673.0584286313475,624.6676184963385
2022-10-03,8834,29678,7693,10409,68.8,69.89,7.7,20.0,0,Autumn,0.0,0.0,80.0,20.0,0,3,10,40,0,9981.0,10579.0,9113.0,8536.0,9434.0,9071.142857142857,9002.214285714286,9138.32142857143,898.2240679198411,725.9778740612027,628.1983676781106
2022-10-04,8915,29565,9997,10527,69.2,70.32,7.25,20.0,0,Autumn,20.0,40.0,20.0,20.0,1,4,10,40,0,8834.0,9177.0,8461.0,9033.0,9725.0,8821.857142857143,8982.285714285714,9116.892857142857,603.9369251203346,726.5319547815714,627.9721826397376
2022-10-05,8938,28621,9743,10731,67.32,69.34,10.1,40.0,0,Autumn,0.0,60.0,20.0,20.0,2,5,10,40,0,8915.0,8564.0,8738.0,8821.0,8756.0,8784.42857142857,9014.714285714286,9087.964285714286,586.1145670551805,711.4502446056928,617.4907096102993
2022-10-06,9008,31790,9119,10895,68.69,71.24,9.8,35.0,0,Autumn,20.0,0.0,60.0,20.0,3,6,10,40,0,8938.0,8676.0,8432.0,10164.0,9002.0,8837.857142857143,9029.0,9094.464285714286,579.6830825463783,707.4632907030281,614.8190027029584
2022-10-07,9754,31621,9693,11126,67.58,68.89,11.3,45.0,0,Autumn,0.0,20.0,40.0,40.0,4,7,10,40,0,9008.0,8244.0,9947.0,9394.0,9624.0,8885.285714285714,9070.142857142857,9094.67857142857,577.8118823878283,686.5123515212657,614.7866268558961
2022-10-08,9651,30484,9194,11192,69.33,70.33,9.35,35.0,0,Autumn,0.0,40.0,20.0,40.0,5,8,10,40,1,9754.0,8277.0,9352.0,9744.0,8596.0,9101.0,9056.357142857143,9099.32142857143,580.3573611721112,669.2712003070868,619.4056322811341
2022-10-09,9270,30921,9859,10557,66.72,68.34,10.6,40.0,0,Autumn,60.0,0.0,20.0,20.0,6,9,10,40,1,9651.0,9981.0,8490.0,9200.0,9813.0,9297.285714285714,9077.714285714286,9137.0,478.66401378756666,684.0389584689937,619.7423598501202
2022-10-10,9250,31703,9620,10899,68.78,70.62,9.3,35.0,0,Autumn,20.0,40.0,20.0,20.0,0,10,10,41,0,9270.0,8834.0,10579.0,9113.0,8536.0,9195.714285714286,9133.42857142857,9117.607142857143,373.2241124247278,663.9583761613173,606.1523668179029
2022-10-11,9900,30816,8325,11312,69.59,71.54,9.65,40.0,0,Autumn,0.0,40.0,20.0,40.0,1,11,10,41,0,9250.0,8915.0,9177.0,8461.0,9033.0,9255.142857142857,9038.5,9143.107142857143,337.43267406076166,520.9961981258482,595.7072571686443
2022-10-12,9870,30578,8792,11240,70.76,73.14,8.35,30.0,0,Autumn,0.0,40.0,0.0,60.0,2,12,10,41,0,9900.0,8938.0,8564.0,8738.0,8821.0,9395.857142857143,9090.142857142857,9174.07142857143,375.21213047705055,569.368321663872,612.0799347804574
2022-10-13,9117,30542,7658,11374,68.79,70.83,10.85,45.0,0,Autumn,80.0,20.0,0.0,0.0,3,13,10,41,0,9870.0,9008.0,8676.0,8432.0,10164.0,9529.0,9183.42857142857,9211.535714285714,350.1889965908629,583.3499694122169,621.6968108356162
2022-10-14,8888,31614,8636,10431,67.58,69.82,10.7,45.0,0,Autumn,0.0,60.0,40.0,0.0,4,14,10,41,0,9117.0,9754.0,8244.0,9947.0,9394.0,9544.57142857143,9214.92857142857,9174.142857142857,324.6535882766955,565.4746766126285,593.1174834772211
2022-10-15,10134,29764,15959,12403,70.59,72.63,10.15,45.0,0,Autumn,0.0,20.0,0.0,80.0,5,15,10,41,1,8888.0,9651.0,8277.0,9352.0,9744.0,9420.857142857143,9260.92857142857,9156.07142857143,389.9762508031221,503.1788891691908,593.8787086896814
2022-10-16,9306,29246,6483,10816,68.76,70.32,8.6,30.0,0,Autumn,40.0,0.0,40.0,20.0,6,16,10,41,1,10134.0,9270.0,9981.0,8490.0,9200.0,9489.857142857143,9393.57142857143,9170.0,471.65821967867646,467.3392301572814,612.4611552308188
2022-10-17,8123,28475,5603,10329,67.03,68.54,9.65,35.0,0,Autumn,40.0,20.0,40.0,0.0,0,17,10,42,0,9306.0,9250.0,8834.0,10579.0,9113.0,9495.0,9345.357142857143,9173.785714285714,469.05045926138445,435.8307023362927,612.9808381479069
2022-10-18,8802,29322,9466,10505,66.08,67.97,11.25,45.0,0,Autumn,0.0,20.0,60.0,20.0,1,18,10,42,0,8123.0,9900.0,8915.0,9177.0,8461.0,9334.0,9294.57142857143,9138.42857142857,702.4910438337638,531.0288583040417,644.365345446744
2022-10-19,8806,33012,6700,10126,66.56,68.48,11.25,45.0,0,Autumn,0.0,60.0,20.0,20.0,2,19,10,42,0,8802.0,9870.0,8938.0,8564.0,8738.0,9177.142857142857,9286.5,9150.607142857143,677.1756120267444,538.0542938003273,634.230437108233
2022-10-20,8004,30831,6399,9347,67.0,68.99,7.1,20.0,0,Autumn,20.0,40.0,40.0,0.0,3,20,10,42,0,8806.0,9117.0,9008.0,8676.0,8432.0,9025.142857142857,9277.07142857143,9153.035714285714,612.0142777668381,545.7327416187994,632.7203748507911
2022-10-21,8799,29794,9360,10199,67.13,68.89,9.3,35.0,0,Autumn,40.0,40.0,20.0,0.0,4,21,10,42,0,8004.0,8888.0,9754.0,8244.0,9947.0,8866.142857142857,9205.357142857143,9137.75,719.3396111646197,641.3942274023849,655.5431802033443
2022-10-22,9426,28086,11501,10937,68.62,70.01,9.7,40.0,0,Autumn,60.0,40.0,0.0,0.0,5,22,10,42,1,8799.0,10134.0,9651.0,8277.0,9352.0,8853.42857142857,9137.142857142857,9096.75,719.6753567044027,629.2240468219167,638.7398835902552
2022-10-23,9894,26572,10622,11246,70.9,72.04,8.45,25.0,0,Autumn,20.0,40.0,0.0,40.0,6,23,10,42,1,9426.0,9306.0,9270.0,9981.0,8490.0,8752.285714285714,9121.07142857143,9099.392857142857,536.0288282936806,617.8605100588309,639.9869986692014
2022-10-24,9490,24831,10843,11353,68.53,72.67,10.55,45.0,0,Autumn,40.0,0.0,0.0,60.0,0,24,10,43,0,9894.0,8123.0,9250.0,8834.0,10579.0,8836.285714285714,9165.642857142857,9149.535714285714,667.2682404864591,651.0463302836996,645.4510614688967
2022-10-25,7939,27444,4137,9322,66.17,70.72,7.35,15.0,0,Autumn,20.0,60.0,0.0,20.0,1,25,10,43,0,9490.0,8802.0,9900.0,8915.0,9177.0,9031.57142857143,9182.785714285714,9110.642857142857,622.239465464013,656.5746988461274,586.2177710819408
2022-10-26,7565,28945,6956,9381,65.71,67.73,8.3,30.0,0,Autumn,0.0,40.0,60.0,0.0,2,26,10,43,0,7939.0,8806.0,9870.0,8938.0,8564.0,8908.285714285714,9042.714285714286,9066.42857142857,748.0759128782059,699.5658465265609,626.3412528960309
2022-10-27,9343,30226,12678,10819,66.86,70.46,10.5,45.0,0,Autumn,60.0,40.0,0.0,0.0,3,27,10,43,0,7565.0,8004.0,9117.0,9008.0,8676.0,8731.0,8878.07142857143,9030.75,906.609802138343,758.6342449312913,682.0014459091914
2022-10-28,9848,27979,13746,11954,69.01,70.03,12.1,55.0,0,Autumn,0.0,60.0,0.0,40.0,4,28,10,43,0,9343.0,8799.0,8888.0,9754.0,8244.0,8922.285714285714,8894.214285714286,9054.57142857143,868.0947940337858,766.4734606847902,680.7992268661828
2022-10-29,8344,26888,7168,10192,70.13,70.14,5.25,0.0,0,Autumn,0.0,20.0,20.0,60.0,5,29,10,43,1,9848.0,9426.0,10134.0,9651.0,8277.0,9072.142857142857,8962.785714285714,9111.857142857143,931.4933223184142,807.7080754609841,677.5440788878482
2022-10-30,8403,30250,4981,9779,69.61,69.81,5.95,0.0,0,Autumn,40.0,0.0,60.0,0.0,6,30,10,43,1,8344.0,9894.0,9306.0,9270.0,9981.0,8917.57142857143,8834.92857142857,9114.25,952.5238154752923,747.4772406399936,674.5983510098354
2022-10-31,8348,32115,6012,9702,69.8,70.96,4.7,0.0,0,Autumn,20.0,0.0,60.0,20.0,0,31,10,44,0,8403.0,9490.0,8123.0,9250.0,8834.0,8704.57142857143,8770.42857142857,9057.892857142857,859.9997785160249,742.64596744821,665.3578452000978
2022-11-01,9586,31413,10436,11112,68.91,69.16,10.3,40.0,0,Autumn,40.0,20.0,20.0,20.0,1,1,11,44,0,8348.0,7939.0,8802.0,9900.0,8915.0,8541.42857142857,8786.5,9040.535714285714,791.7842418956574,729.8822613166249,677.640595341684
2022-11-02,9480,29697,10554,11091,69.3,69.19,9.95,40.0,0,Autumn,0.0,20.0,40.0,40.0,2,2,11,44,0,9586.0,7565.0,8806.0,9870.0,8938.0,8776.714285714286,8842.5,9064.5,826.8643004922651,760.5929620014948,684.8629222130712
2022-11-03,8031,25407,8021,9503,67.92,69.63,6.95,15.0,0,Autumn,0.0,20.0,80.0,0.0,3,3,11,44,0,9480.0,9343.0,8004.0,9117.0,9008.0,9050.285714285714,8890.642857142857,9083.857142857143,658.8749791084998,779.2080404678347,688.8033485038073
2022-11-04,9596,27998,12195,11012,69.9,73.24,8.05,25.0,0,Autumn,40.0,20.0,0.0,40.0,4,4,11,44,0,8031.0,9848.0,8799.0,8888.0,9754.0,8862.857142857143,8892.57142857143,9048.964285714286,742.9729534268387,776.8746769822762,716.9589833891749
2022-11-05,10027,28929,12638,11890,70.04,72.44,9.3,40.0,0,Autumn,40.0,0.0,20.0,40.0,5,5,11,44,1,9596.0,8344.0,9426.0,10134.0,9651.0,8826.857142857143,8949.5,9043.32142857143,691.6131935726788,798.3940370904519,711.8077171473218
2022-11-06,8971,26712,9073,10953,68.44,69.51,10.3,45.0,0,Autumn,20.0,40.0,20.0,20.0,6,6,11,44,1,10027.0,8403.0,9894.0,9306.0,9270.0,9067.285714285714,8992.42857142857,9056.75,782.3600437747484,841.005964881988,727.0793234528112
2022-11-07,9522,28866,9063,11070,68.13,70.56,10.95,50.0,0,Autumn,20.0,0.0,60.0,20.0,0,7,11,45,0,8971.0,8348.0,9490.0,8123.0,9250.0,9148.42857142857,8926.5,9046.07142857143,729.660847504469,800.0749724485281,726.026268710126
2022-11-08,9237,31467,9260,10671,68.53,71.46,8.25,30.0,0,Autumn,40.0,20.0,20.0,20.0,1,8,11,45,0,9522.0,9586.0,7939.0,8802.0,9900.0,9316.142857142857,8928.785714285714,9055.785714285714,645.0326680542075,801.8523918040089,730.6608047789458
2022-11-09,9332,32435,8130,11012,69.98,71.94,9.35,40.0,0,Autumn,0.0,40.0,20.0,40.0,2,9,11,45,0,9237.0,9480.0,7565.0,8806.0,9870.0,9266.285714285714,9021.5,9032.107142857143,634.0929780102375,752.1022588001969,712.814003026076
2022-11-10,9415,32638,10701,11157,67.79,69.87,10.55,40.0,0,Autumn,0.0,40.0,0.0,60.0,3,10,11,45,0,9332.0,8031.0,9343.0,8004.0,9117.0,9245.142857142857,9147.714285714286,9012.892857142857,628.2195551905371,626.6853496552934,696.4549566294742
2022-11-11,8509,32860,5959,9777,66.93,69.67,8.5,30.0,0,Autumn,20.0,40.0,40.0,0.0,4,11,11,45,0,9415.0,9596.0,9848.0,8799.0,8888.0,9442.857142857143,9152.857142857143,9023.535714285714,328.89483049113977,628.7034102198172,700.3707209938196
2022-11-12,10448,32222,15251,12531,68.83,69.82,12.2,60.0,0,Autumn,40.0,20.0,0.0,40.0,5,12,11,45,1,8509.0,10027.0,8344.0,9426.0,10134.0,9287.57142857143,9057.214285714286,9010.0,470.6151496154856,616.5503508756485,706.7207526472025
2022-11-13,9331,32915,7381,10892,68.76,70.04,9.85,35.0,0,Autumn,20.0,40.0,20.0,20.0,6,13,11,45,1,10448.0,8971.0,8403.0,9894.0,9306.0,9347.714285714286,9207.5,9021.214285714286,592.0854989739444,682.2561835557442,727.405605796327
2022-11-14,8599,30060,8246,10350,68.95,70.25,8.15,25.0,0,Autumn,0.0,60.0,20.0,20.0,0,14,11,46,0,9331.0,9522.0,8348.0,9490.0,8123.0,9399.142857142857,9273.785714285714,9022.107142857143,569.0991210007232,641.9725825168438,727.783359060149
2022-11-15,9674,31689,12570,11763,70.21,69.62,9.95,40.0,0,Autumn,80.0,0.0,0.0,20.0,1,15,11,46,0,8599.0,9237.0,9586.0,7939.0,8802.0,9267.285714285714,9291.714285714286,9039.107142857143,638.5756844430365,617.1541920001401,711.3780751984289
2022-11-16,9608,34688,7752,10893,69.34,69.8,8.15,25.0,0,Autumn,0.0,0.0,20.0,80.0,2,16,11,46,0,9674.0,9332.0,9480.0,7565.0,8806.0,9329.714285714286,9298.0,9070.25,656.2381971727631,620.8193097710996,719.6526747134532
2022-11-17,9530,33099,10199,11433,69.72,71.03,8.8,35.0,0,Autumn,0.0,40.0,40.0,20.0,3,17,11,46,0,9608.0,9415.0,8031.0,9343.0,8004.0,9369.142857142857,9307.142857142857,9098.892857142857,664.6360980695596,624.6366152403733,724.6883028194886
2022-11-18,9604,33832,5416,11423,69.86,70.79,9.9,40.0,0,Autumn,40.0,20.0,20.0,20.0,4,18,11,46,0,9530.0,8509.0,9596.0,9848.0,8799.0,9385.57142857143,9414.214285714286,9153.392857142857,667.3741721959818,506.3326936939245,696.1154299388467
2022-11-19,9902,33659,11521,11431,68.19,70.97,11.9,50.0,0,Autumn,0.0,40.0,20.0,40.0,5,19,11,46,1,9604.0,10448.0,10027.0,8344.0,9426.0,9542.0,9414.785714285714,9182.142857142857,544.7283726775986,506.5580957754533,697.558690709341
2022-11-20,8424,31121,5327,9775,67.02,70.53,8.45,25.0,0,Autumn,0.0,20.0,60.0,20.0,6,20,11,46,1,9902.0,9331.0,8971.0,8403.0,9894.0,9464.0,9405.857142857143,9199.142857142857,417.6421913552141,495.92723677559104,709.4211367067885
2022-11-21,9371,32159,7933,11082,69.89,71.6,8.15,25.0,0,Autumn,80.0,0.0,20.0,0.0,0,21,11,47,0,8424.0,8599.0,9522.0,8348.0,9490.0,9334.42857142857,9366.785714285714,9146.642857142857,576.3303037734573,551.2810505571052,710.4865424370336
2022-11-22,8529,30473,10985,10016,68.08,70.09,8.7,30.0,0,Autumn,60.0,40.0,0.0,0.0,1,22,11,47,0,9371.0,9674.0,9237.0,9586.0,7939.0,9444.714285714286,9356.0,9142.392857142857,477.54256853383254,549.4849336494507,708.7102703887542
2022-11-23,8800,31119,8704,10501,66.95,66.99,9.85,40.0,0,Autumn,0.0,60.0,20.0,20.0,2,23,11,47,0,8529.0,9608.0,9332.0,9480.0,7565.0,9281.142857142857,9305.42857142857,9163.464285714286,572.5604563628748,592.1993835611098,679.7864851142001
2022-11-24,10218,28458,13200,12044,70.09,70.39,10.1,40.0,0,Autumn,20.0,0.0,20.0,60.0,3,24,11,47,0,8800.0,9530.0,9415.0,8031.0,9343.0,9165.714285714286,9267.42857142857,9207.57142857143,577.1119805507652,607.2407600444728,608.5656134059074
2022-11-25,8713,27184,7601,10053,67.48,68.5,10.0,40.0,0,Autumn,20.0,40.0,20.0,20.0,4,25,11,47,0,10218.0,9604.0,8509.0,9596.0,9848.0,9264.0,9324.785714285714,9238.82142857143,695.8603787159132,658.0500540433245,637.5528476902016
2022-11-26,9889,30423,10114,11467,69.93,71.91,9.45,30.0,0,Autumn,20.0,20.0,0.0,60.0,5,26,11,47,1,8713.0,9902.0,10448.0,10027.0,8344.0,9136.714285714286,9339.357142857143,9198.285714285714,704.7362897532857,640.6241676489211,633.4552430705327
2022-11-27,8451,28135,6166,10073,68.79,71.25,7.65,25.0,0,Autumn,20.0,40.0,20.0,20.0,6,27,11,47,1,9889.0,8424.0,9331.0,8971.0,8403.0,9134.857142857143,9299.42857142857,9253.464285714286,702.3967133017723,580.8408645146781,623.4967392556559
2022-11-28,8615,32411,8233,9830,65.9,66.63,10.1,40.0,0,Autumn,0.0,0.0,80.0,20.0,0,28,11,48,0,8451.0,9371.0,8599.0,9522.0,8348.0,9138.714285714286,9236.57142857143,9255.17857142857,697.9022649544567,623.2303826757475,621.1333162541259
2022-11-29,8317,33852,5975,9578,69.39,70.73,4.95,0.0,0,Autumn,20.0,40.0,20.0,20.0,1,29,11,48,0,8615.0,8529.0,9674.0,9237.0,9586.0,9030.714285714286,9237.714285714286,9264.714285714286,714.2685569367885,621.984717666791,608.6137166418921
2022-11-30,9059,32313,9075,10023,69.61,71.83,5.65,0.0,0,Autumn,0.0,20.0,20.0,60.0,2,30,11,48,0,8317.0,8800.0,9608.0,9332.0,9480.0,9000.42857142857,9140.785714285714,9219.392857142857,743.0037813144763,653.6926093146353,630.6525920020815
2022-12-01,7672,28757,5897,9264,64.78,67.22,10.1,35.0,0,Winter,40.0,0.0,60.0,0.0,3,1,12,48,0,9059.0,10218.0,9530.0,9415.0,8031.0,9037.42857142857,9101.57142857143,9204.357142857143,737.7899107340402,639.8289091367176,629.2262276023209
2022-12-02,9287,29301,13021,11230,71.46,72.78,6.05,15.0,0,Winter,40.0,0.0,0.0,60.0,4,2,12,48,0,7672.0,8713.0,9604.0,8509.0,9596.0,8673.714285714286,8968.857142857143,9191.535714285714,684.4259673345971,730.4105123035717,657.0625136358028
2022-12-03,9579,28647,10857,10845,68.55,71.76,9.05,35.0,0,Winter,0.0,0.0,60.0,40.0,5,3,12,48,1,9287.0,9889.0,9902.0,10448.0,10027.0,8755.714285714286,8946.214285714286,9180.5,723.2036859893379,713.9340821297324,652.597459728773
2022-12-04,9369,26543,10557,10872,69.35,71.09,8.35,30.0,0,Winter,60.0,0.0,20.0,20.0,6,4,12,48,1,9579.0,8451.0,8424.0,9331.0,8971.0,8711.42857142857,8923.142857142857,9164.5,647.8008585830574,685.3165307015416,636.3648208262211
2022-12-05,10441,26657,13306,12348,70.03,72.8,10.05,45.0,0,Winter,20.0,0.0,20.0,60.0,0,5,12,49,0,9369.0,8615.0,9371.0,8599.0,9522.0,8842.57142857143,8990.642857142857,9178.714285714286,678.4865159905138,678.8803686549676,636.327591915365
2022-12-06,9887,28894,7964,11577,70.61,72.91,8.25,20.0,0,Winter,20.0,0.0,0.0,80.0,1,6,12,49,0,10441.0,8317.0,8529.0,9674.0,9237.0,9103.42857142857,9067.07142857143,9211.535714285714,893.394622986362,777.9908506764802,677.0853374817732
2022-12-07,9685,31016,8906,11111,69.53,69.2,8.7,30.0,0,Winter,40.0,0.0,40.0,20.0,2,7,12,49,0,9887.0,9059.0,8800.0,9608.0,9332.0,9327.714285714286,9164.07142857143,9234.75,859.4871948407539,790.3038816017386,689.028227395765
2022-12-08,9592,31198,10634,11312,70.16,72.94,8.2,25.0,0,Winter,40.0,0.0,0.0,60.0,3,8,12,49,0,9685.0,7672.0,10218.0,9530.0,9415.0,9417.142857142857,9227.285714285714,9247.357142857143,859.4351688893113,794.326848883501,694.0843803055424
2022-12-09,10562,31641,12948,12200,71.62,73.83,9.4,40.0,0,Winter,20.0,0.0,20.0,60.0,4,9,12,49,0,9592.0,9287.0,8713.0,9604.0,8509.0,9691.42857142857,9182.57142857143,9253.67857142857,385.1830115424871,750.6882702699761,696.4696719658764
2022-12-10,8752,30893,5546,10423,66.69,68.57,9.75,35.0,0,Winter,20.0,0.0,40.0,40.0,5,10,12,49,1,10562.0,9579.0,9889.0,9902.0,10448.0,9873.57142857143,9314.642857142857,9327.0,456.8544104864686,821.0712146704991,722.7396437117536
2022-12-11,8926,30586,8167,10512,66.34,68.09,11.1,40.0,0,Winter,40.0,0.0,60.0,0.0,6,11,12,49,1,8752.0,9369.0,8451.0,8424.0,9331.0,9755.42857142857,9233.42857142857,9266.42857142857,622.5942651901045,816.106772264704,695.8813983969696
2022-12-12,9530,34089,10068,10990,69.2,71.22,8.3,25.0,0,Winter,40.0,0.0,60.0,0.0,0,12,12,50,0,8926.0,10441.0,8615.0,9371.0,8599.0,9692.142857142857,9267.357142857143,9251.964285714286,687.5476780004401,790.549721799592,698.6929321898605
2022-12-13,9537,31837,8602,11148,69.41,69.72,9.4,35.0,0,Winter,40.0,0.0,60.0,0.0,1,13,12,50,0,9530.0,9887.0,8317.0,8529.0,9674.0,9562.0,9332.714285714286,9285.214285714286,603.2238390514651,770.0252172266077,688.5471745931519
2022-12-14,10146,31766,11383,11922,70.51,70.71,10.15,40.0,0,Winter,0.0,0.0,20.0,80.0,2,14,12,50,0,9537.0,9685.0,9059.0,8800.0,9608.0,9512.0,9419.857142857143,9280.32142857143,586.0565956742756,713.169939521718,686.1647601285925
2022-12-15,9422,30614,9872,11413,71.33,74.46,8.25,30.0,0,Winter,40.0,0.0,40.0,20.0,3,15,12,50,0,10146.0,9592.0,7672.0,10218.0,9530.0,9577.857142857143,9497.5,9299.535714285714,632.7770614709399,729.8374687348398,703.006373826164
2022-12-16,9297,30257,8297,10829,69.69,69.82,8.4,30.0,0,Winter,40.0,0.0,60.0,0.0,4,16,12,50,0,9422.0,10562.0,9287.0,8713.0,9604.0,9553.57142857143,9622.5,9295.67857142857,635.4006235289202,509.83522979341876,701.9906116060737
2022-12-17,9901,30326,12338,11908,69.48,72.2,10.6,45.0,0,Winter,40.0,0.0,20.0,40.0,5,17,12,50,1,9297.0,8752.0,9579.0,9889.0,9902.0,9372.857142857143,9623.214285714286,9284.714285714286,455.10087840367635,509.3357935090534,699.3893027673483
2022-12-18,10614,31611,12355,12576,72.24,73.6,9.95,40.0,0,Winter,20.0,0.0,20.0,60.0,6,18,12,50,1,9901.0,8926.0,9369.0,8451.0,8424.0,9537.0,9646.214285714286,9284.67857142857,397.4023989190991,514.430406233136,699.3566383984344
2022-12-19,9813,30729,9134,11494,69.77,71.47,9.0,35.0,0,Winter,40.0,0.0,40.0,20.0,0,19,12,51,0,10614.0,9530.0,10441.0,8615.0,9371.0,9778.142857142857,9735.142857142857,9362.892857142857,470.3067894369209,567.677299602126,721.6424342498524
2022-12-20,8862,30127,7691,10521,67.67,68.09,10.85,45.0,0,Winter,20.0,0.0,80.0,0.0,1,20,12,51,0,9813.0,9537.0,9887.0,8317.0,8529.0,9818.57142857143,9690.285714285714,9378.67857142857,457.4074978043179,531.2543109069222,726.6433254952334
2022-12-21,10048,32374,11150,11402,69.76,72.7,9.35,40.0,0,Winter,40.0,0.0,20.0,40.0,2,21,12,51,0,8862.0,10146.0,9685.0,9059.0,8800.0,9722.142857142857,9617.07142857143,9390.57142857143,581.0890432545292,571.1877590109951,714.8511074483307
2022-12-22,9479,36290,9630,10900,67.45,68.44,10.55,35.0,0,Winter,20.0,0.0,60.0,20.0,3,22,12,51,0,10048.0,9422.0,9592.0,7672.0,10218.0,9708.142857142857,9643.0,9435.142857142857,570.2547467496121,582.6328834893576,715.5712410782028
2022-12-23,8932,32394,7096,10988,66.97,69.8,10.8,40.0,0,Winter,20.0,0.0,60.0,20.0,4,23,12,51,0,9479.0,9297.0,10562.0,9287.0,8713.0,9716.285714285714,9634.92857142857,9408.75,565.877994590612,584.1744292044203,699.0653349956578
2022-12-24,10158,33654,10617,12042,70.55,71.7,10.55,40.0,0,Winter,40.0,0.0,40.0,20.0,5,24,12,51,1,8932.0,9901.0,8752.0,9579.0,9889.0,9664.142857142857,9518.5,9416.57142857143,624.7104472130515,546.4040136692756,692.183952673437
2022-12-25,9703,34425,8518,11384,69.09,71.51,10.6,45.0,0,Winter,20.0,0.0,40.0,40.0,6,25,12,51,1,10158.0,10614.0,8926.0,9369.0,8451.0,9700.857142857143,9618.92857142857,9426.17857142857,648.0659504945959,523.411951935202,700.797062270363
2022-12-26,9956,32841,12831,12404,71.13,72.14,11.0,50.0,0,Winter,60.0,0.0,0.0,40.0,0,26,12,52,0,9703.0,9813.0,9530.0,10441.0,8615.0,9570.714285714286,9674.42857142857,9470.892857142857,511.13459228324535,483.9958223414765,675.7662503649269
2022-12-27,9304,33108,10155,11188,69.2,70.79,10.4,45.0,0,Winter,0.0,0.0,80.0,20.0,1,27,12,52,0,9956.0,8862.0,9537.0,9887.0,8317.0,9591.142857142857,9704.857142857143,9518.785714285714,525.0988569058188,487.5950175083282,660.2012239345314
2022-12-28,11416,32760,10888,12799,74.25,74.73,7.35,30.0,0,Winter,0.0,0.0,0.0,100.0,2,28,12,52,0,9304.0,10048.0,10146.0,9685.0,9059.0,9654.285714285714,9688.214285714286,9554.035714285714,442.95700103045317,497.63814140423926,618.7030929256487
2022-12-29,8737,31106,7855,10778,72.18,74.43,4.5,0.0,0,Winter,40.0,0.0,0.0,60.0,3,29,12,52,0,11416.0,9479.0,9422.0,9592.0,7672.0,9849.714285714286,9778.92857142857,9638.214285714286,801.9294886471587,672.5289200857418,703.4009107684157
2022-12-30,9192,33306,9684,10643,72.74,75.62,4.4,0.0,0,Winter,40.0,0.0,0.0,60.0,4,30,12,52,0,8737.0,8932.0,9297.0,10562.0,9287.0,9743.714285714286,9730.0,9676.25,901.9051528635886,723.4818587912525,616.5779891195123
2022-12-31,8973,34588,7005,10408,70.38,72.42,4.95,0.0,0,Winter,0.0,0.0,40.0,60.0,5,31,12,52,1,9192.0,10158.0,9901.0,8752.0,9579.0,9780.857142857143,9722.5,9672.857142857143,867.6067520429199,728.8402536802295,619.0556556254854
2023-01-01,9668,35091,9914,11144,69.12,70.21,9.45,35.0,0,Winter,80.0,0.0,0.0,20.0,6,1,1,52,1,8973.0,9703.0,10614.0,8926.0,9369.0,9611.57142857143,9656.214285714286,9651.214285714286,896.8687858586711,753.1513463770058,632.8970050866209
2023-01-02,10665,33463,7430,12563,70.15,71.35,11.55,50.0,0,Winter,40.0,0.0,0.0,60.0,0,2,1,1,0,9668.0,9956.0,9813.0,9530.0,10441.0,9606.57142857143,9588.642857142857,9661.892857142857,896.3715481768373,701.2594830998072,630.4767942559291
2023-01-03,10070,33525,10856,11694,69.43,70.13,10.3,45.0,0,Winter,60.0,0.0,20.0,20.0,1,3,1,1,0,10665.0,9304.0,8862.0,9537.0,9887.0,9707.857142857143,9649.5,9669.892857142857,978.7109598125134,756.9829537761984,642.0439202287024
2023-01-04,9331,33826,8379,10979,68.47,71.57,9.5,40.0,0,Winter,100.0,0.0,0.0,0.0,2,4,1,1,0,10070.0,11416.0,10048.0,10146.0,9685.0,9817.285714285714,9735.785714285714,9676.42857142857,968.80299240621,728.6305572860875,645.2592030753485
2023-01-05,8963,31527,8258,10470,70.42,71.04,6.65,15.0,0,Winter,40.0,0.0,40.0,20.0,3,5,1,1,0,9331.0,8737.0,9479.0,9422.0,9592.0,9519.42857142857,9684.57142857143,9663.785714285714,669.7051234543003,730.1941485013012,648.5447160198313
2023-01-06,9324,30060,9112,10816,69.28,72.04,7.75,25.0,0,Winter,20.0,0.0,60.0,20.0,4,6,1,1,0,8963.0,9192.0,8932.0,9297.0,10562.0,9551.714285714286,9647.714285714286,9641.32142857143,629.967119323349,754.0033083554973,661.8798734900558
2023-01-07,9540,30061,13304,11250,68.41,69.55,11.1,40.0,0,Winter,40.0,0.0,20.0,40.0,5,7,1,1,1,9324.0,8973.0,10158.0,9901.0,8752.0,9570.57142857143,9675.714285714286,9597.107142857143,619.2901466310224,732.3482177816493,639.0560364513146
2023-01-08,9892,28701,9638,11534,68.53,70.9,10.2,40.0,0,Winter,80.0,0.0,0.0,20.0,6,8,1,1,1,9540.0,9668.0,9703.0,10614.0,8926.0,9651.57142857143,9631.57142857143,9625.25,562.5889136076836,719.5553877527443,617.446331450935
2023-01-09,9082,29181,7596,10819,67.93,69.71,10.5,40.0,0,Winter,0.0,0.0,40.0,60.0,0,9,1,2,0,9892.0,10665.0,9956.0,9813.0,9530.0,9683.57142857143,9645.07142857143,9659.75,570.0008354212654,722.7644008395303,603.7646478554329
2023-01-10,10231,31241,13574,12228,71.32,74.04,10.05,40.0,0,Winter,40.0,0.0,0.0,60.0,1,10,1,2,0,9082.0,10070.0,9304.0,8862.0,9537.0,9457.42857142857,9582.642857142857,9643.75,406.2240174841204,731.5346994391742,613.1928960594481
2023-01-11,10022,29771,11750,12621,70.81,73.0,10.7,50.0,0,Winter,40.0,0.0,20.0,40.0,2,11,1,2,0,10231.0,9331.0,11416.0,10048.0,10146.0,9480.42857142857,9648.857142857143,9668.535714285714,448.9940078081285,746.18020685284,622.6709185045642
2023-01-12,9235,32825,7249,10906,68.3,70.61,10.15,35.0,0,Winter,40.0,0.0,60.0,0.0,3,12,1,2,0,10022.0,8963.0,8737.0,9479.0,9422.0,9579.142857142857,9549.285714285714,9664.107142857143,485.1688464068945,562.6751253639559,619.5826157380972
2023-01-13,10113,30908,9190,11939,68.33,69.94,11.3,45.0,0,Winter,60.0,0.0,40.0,0.0,4,13,1,2,0,9235.0,9324.0,9192.0,8932.0,9297.0,9618.0,9584.857142857143,9657.42857142857,435.9980886808115,521.6169913972628,623.2857634000137
2023-01-14,9583,33883,9169,11555,71.77,72.13,7.65,25.0,0,Winter,60.0,0.0,0.0,40.0,5,14,1,2,1,10113.0,9540.0,8973.0,10158.0,9901.0,9730.714285714286,9650.642857142857,9686.57142857143,449.11457865659696,526.3155834731089,624.8838368239362
2023-01-15,9309,33579,8767,10984,68.32,70.06,10.6,50.0,0,Winter,0.0,0.0,80.0,20.0,6,15,1,2,1,9583.0,9892.0,9668.0,9703.0,10614.0,9736.857142857143,9694.214285714286,9675.214285714286,446.35689329331973,489.89028262564483,623.7310292308628
2023-01-16,9644,33842,9224,11400,71.38,73.99,6.2,15.0,0,Winter,60.0,0.0,20.0,20.0,0,16,1,3,0,9309.0,9082.0,10665.0,9956.0,9813.0,9653.57142857143,9668.57142857143,9628.607142857143,466.51968773847756,500.6456929707428,599.2607383599213
2023-01-17,9756,31807,9887,11588,73.01,74.82,6.35,15.0,0,Winter,20.0,0.0,0.0,80.0,1,17,1,3,0,9644.0,10231.0,10070.0,9304.0,8862.0,9733.857142857143,9595.642857142857,9622.57142857143,394.5716785627135,410.59742723596474,598.1848734773712
2023-01-18,10303,31224,12922,12118,69.92,70.84,11.6,45.0,0,Winter,80.0,0.0,20.0,0.0,2,18,1,3,0,9756.0,10022.0,9331.0,11416.0,10048.0,9666.0,9573.214285714286,9654.5,330.461293749592,390.7911459849956,579.657274219474
2023-01-19,10117,30759,11110,12119,71.82,74.21,9.55,35.0,0,Winter,20.0,0.0,20.0,60.0,3,19,1,3,0,10303.0,9235.0,8963.0,8737.0,9479.0,9706.142857142857,9642.642857142857,9663.607142857143,392.2118596589483,428.9311594655783,588.0116110774509
2023-01-20,10730,29990,11866,12550,70.64,72.0,11.1,50.0,0,Winter,40.0,0.0,20.0,40.0,4,20,1,3,0,10117.0,10113.0,9324.0,9192.0,8932.0,9832.142857142857,9725.07142857143,9686.392857142857,355.59266423413624,398.0474390525695,592.9338442446912
2023-01-21,9396,32072,5872,11429,71.04,72.87,7.9,20.0,0,Winter,40.0,0.0,20.0,40.0,5,21,1,3,1,10730.0,9583.0,9540.0,8973.0,10158.0,9920.285714285714,9825.5,9750.607142857143,488.46006806619,461.3995015169009,605.4369306411027
2023-01-22,10261,33389,9599,11543,69.37,70.8,10.25,45.0,0,Winter,20.0,0.0,20.0,60.0,6,22,1,3,1,9396.0,9309.0,9892.0,9668.0,9703.0,9893.57142857143,9815.214285714286,9723.392857142857,514.4054358003432,469.78246660993074,603.5694651043426
2023-01-23,10122,35591,13257,12039,68.91,70.21,12.4,55.0,0,Winter,40.0,0.0,40.0,20.0,0,23,1,4,0,10261.0,9644.0,9082.0,10665.0,9956.0,10029.57142857143,9841.57142857143,9743.32142857143,456.7066371106752,484.5414508403405,612.0239679143128
2023-01-24,9351,33875,9875,10760,68.38,70.26,9.65,40.0,0,Winter,20.0,0.0,60.0,20.0,1,24,1,4,0,10122.0,9756.0,10231.0,10070.0,9304.0,10097.857142857143,9915.857142857143,9749.25,424.01313995810665,436.47008129787724,614.9574285175204
2023-01-25,9655,31761,6687,11162,70.65,71.68,7.45,30.0,0,Winter,0.0,0.0,20.0,80.0,2,25,1,4,0,9351.0,10303.0,10022.0,9331.0,11416.0,10040.0,9853.0,9750.92857142857,499.3696025991065,450.72710488383933,613.7600525583222
2023-01-26,9345,32729,8350,11234,70.94,72.78,7.2,20.0,0,Winter,20.0,0.0,20.0,60.0,3,26,1,4,0,9655.0,10117.0,9235.0,8963.0,8737.0,9947.42857142857,9826.785714285714,9688.035714285714,502.54182484075335,450.8143364336483,519.8619105922745
2023-01-27,8473,33785,6184,10167,68.48,70.92,7.95,25.0,0,Winter,40.0,0.0,60.0,0.0,4,27,1,4,0,9345.0,10730.0,10113.0,9324.0,9192.0,9837.142857142857,9834.642857142857,9709.75,542.266056646056,440.54854043971267,490.53731877514116
2023-01-28,9170,35401,7381,10515,68.43,70.94,8.4,30.0,0,Winter,40.0,0.0,20.0,40.0,5,28,1,4,1,8473.0,9396.0,9583.0,9540.0,8973.0,9514.714285714286,9717.5,9684.07142857143,591.6481821391448,562.1082225392188,535.4108099858739
2023-01-29,5636,33956,2829,6296,61.79,63.79,5.25,0.0,1,Winter,40.0,0.0,20.0,40.0,6,29,1,4,1,9170.0,10261.0,9309.0,9892.0,9668.0,9482.42857142857,9688.0,9691.107142857143,605.2167262347172,580.2543209000027,526.9481905298085
2023-01-30,5981,32797,4005,6812,63.17,65.54,4.95,0.0,1,Winter,20.0,0.0,20.0,60.0,0,30,1,5,0,5636.0,10122.0,9644.0,9082.0,10665.0,8821.714285714286,9425.642857142857,9547.107142857143,1490.568092404776,1230.6490224607362,930.1525298766738
2023-01-31,5583,31091,3964,6631,62.83,64.12,5.35,0.0,1,Winter,20.0,0.0,60.0,20.0,1,31,1,5,0,5981.0,9351.0,9756.0,10231.0,10070.0,8230.142857142857,9164.0,9379.82142857143,1696.0727606809144,1532.919487072366,1122.8902869652266
2023-02-01,6110,30365,5546,7042,61.27,63.41,8.7,25.0,1,Winter,0.0,0.0,60.0,40.0,2,1,2,5,0,5583.0,9655.0,10303.0,10022.0,9331.0,7691.857142857143,8865.92857142857,9219.57142857143,1870.0606432743762,1792.6600975295848,1323.0757495901155
2023-02-02,6197,28453,5692,7255,60.83,61.76,10.85,45.0,1,Winter,60.0,0.0,0.0,40.0,3,2,2,5,0,6110.0,9345.0,10117.0,9235.0,8963.0,7185.428571428572,8566.42857142857,9104.535714285714,1724.1332950348062,1882.129674036879,1447.2295751268018
2023-02-03,6273,28025,5154,7150,58.97,62.02,11.4,50.0,1,Winter,40.0,0.0,40.0,20.0,4,3,2,5,0,6197.0,8473.0,10730.0,10113.0,9324.0,6735.714285714285,8286.42857142857,9005.75,1456.7861561539698,1924.8112280783082,1548.1323664577542
2023-02-04,6829,25898,7245,7686,59.66,61.04,11.75,55.0,1,Winter,80.0,0.0,20.0,0.0,5,4,2,5,1,6273.0,9170.0,9396.0,9583.0,9540.0,6421.428571428572,7968.071428571428,8896.785714285714,1240.8243035905214,1856.9539352343886,1630.1040947707527
2023-02-05,6373,24580,7047,7535,61.78,62.77,8.8,35.0,1,Winter,0.0,0.0,40.0,60.0,6,5,2,5,1,6829.0,5636.0,10261.0,9309.0,9892.0,6087.0,7784.714285714285,8799.964285714286,421.5926153685322,1831.6751235527072,1670.4955237813608
2023-02-06,6092,25111,4564,7173,60.2,62.34,9.7,35.0,1,Winter,40.0,0.0,20.0,40.0,0,6,2,6,0,6373.0,5981.0,10122.0,9644.0,9082.0,6192.285714285715,7507.0,8674.285714285714,380.1844790298326,1718.6003249514258,1717.0209312372695
2023-02-07,5750,23887,4488,6427,60.73,62.29,7.65,25.0,1,Winter,60.0,0.0,40.0,0.0,1,7,2,6,0,6092.0,5583.0,9351.0,9756.0,10231.0,6208.142857142857,7219.142857142857,8567.5,372.1327848010127,1578.7182657578378,1782.4558900573177
2023-02-08,5575,25030,5020,6548,59.89,60.8,9.7,40.0,1,Winter,0.0,0.0,60.0,40.0,2,8,2,6,0,5750.0,6110.0,9655.0,10303.0,10022.0,6232.0,6961.928571428572,8407.464285714286,328.12700793028444,1495.8379418746279,1828.1439379700212
2023-02-09,6736,24149,6922,7771,60.03,62.19,12.2,55.0,1,Winter,60.0,0.0,20.0,20.0,3,9,2,6,0,5575.0,6197.0,9345.0,10117.0,9235.0,6155.571428571428,6670.5,8248.642857142857,412.69030242329734,1317.6264645187107,1875.2464176699978
2023-02-10,6493,22953,5713,7327,63.15,64.02,7.85,25.0,1,Winter,20.0,0.0,20.0,60.0,4,10,2,6,0,6736.0,6273.0,8473.0,10730.0,10113.0,6232.571428571428,6484.142857142857,8159.392857142857,468.2516620873509,1071.8405347196995,1886.0008510914029
2023-02-11,5658,21296,5789,6371,60.41,61.82,8.0,30.0,1,Winter,0.0,0.0,60.0,40.0,5,11,2,6,1,6493.0,6829.0,9170.0,9396.0,9583.0,6264.0,6342.714285714285,8030.107142857143,478.6843079385563,907.2123344511474,1871.1379848812987
2023-02-12,6121,21140,9298,7535,61.72,62.62,10.9,45.0,1,Winter,40.0,0.0,40.0,20.0,6,12,2,6,1,5658.0,6373.0,5636.0,10261.0,9309.0,6096.714285714285,6091.857142857143,7889.928571428572,452.2078114781422,420.0479564458918,1897.3320826218257
2023-02-13,6193,21549,6013,7214,59.39,60.39,11.55,50.0,1,Winter,20.0,0.0,40.0,40.0,0,13,2,7,0,6121.0,6092.0,5981.0,10122.0,9644.0,6060.714285714285,6126.5,7776.071428571428,436.2979541114658,399.0339777320962,1904.661259444198
2023-02-14,6457,21968,6097,7327,61.33,62.4,10.15,40.0,1,Winter,60.0,0.0,0.0,40.0,1,14,2,7,0,6193.0,5750.0,5583.0,9351.0,9756.0,6075.142857142857,6141.642857142857,7652.821428571428,439.16565916567555,397.1056064039465,1890.9183944154424
2023-02-15,6522,22208,5223,7141,62.02,64.01,7.55,25.0,1,Winter,20.0,0.0,20.0,60.0,2,15,2,7,0,6457.0,5575.0,6110.0,9655.0,10303.0,6176.142857142857,6204.071428571428,7535.0,433.1837287538509,370.32344787231415,1857.501208812741
2023-02-16,5862,22217,6331,6821,59.44,60.95,8.7,30.0,1,Winter,100.0,0.0,0.0,0.0,3,16,2,7,0,6522.0,6736.0,6197.0,9345.0,10117.0,6311.428571428572,6233.5,7399.964285714285,354.9689456570824,378.55164265120845,1784.834933381249
2023-02-17,6158,23377,5044,6793,60.21,60.9,9.0,30.0,1,Winter,0.0,0.0,80.0,20.0,4,17,2,7,0,5862.0,6493.0,6273.0,8473.0,10730.0,6186.571428571428,6209.571428571428,7248.0,333.8207388917482,391.4058908967185,1725.0722797524838
2023-02-18,6283,24105,6250,6986,61.5,62.0,8.45,25.0,1,Winter,20.0,0.0,20.0,60.0,5,18,2,7,1,6158.0,5658.0,6829.0,9170.0,9396.0,6138.714285714285,6201.357142857143,7084.714285714285,305.3695653278465,391.1790082348478,1594.734875379412
2023-02-19,6724,22389,8114,7818,61.49,62.81,11.25,50.0,1,Winter,0.0,0.0,40.0,60.0,6,19,2,7,1,6283.0,6121.0,6373.0,5636.0,10261.0,6228.0,6162.357142857143,6973.535714285715,221.14550262956024,348.7019020361085,1535.028615540821
2023-02-20,5991,23598,5199,7130,60.63,62.74,9.35,25.0,1,Winter,20.0,0.0,20.0,60.0,0,20,2,8,0,6724.0,6193.0,6092.0,5981.0,10122.0,6314.142857142857,6187.428571428572,6847.214285714285,281.67796539741005,376.52065308278253,1393.4834410674468
2023-02-21,5550,22637,5439,6939,61.75,61.77,8.1,25.0,1,Winter,40.0,0.0,20.0,40.0,1,21,2,8,0,5991.0,6457.0,5750.0,5583.0,9351.0,6285.285714285715,6180.214285714285,6699.678571428572,305.4972527348151,379.44598856996924,1244.6612823061675
2023-02-22,6155,24250,5680,7207,62.18,65.16,7.3,25.0,1,Winter,20.0,0.0,20.0,60.0,2,22,2,8,0,5550.0,6522.0,5575.0,6110.0,9655.0,6155.714285714285,6165.928571428572,6563.928571428572,398.66640786734405,400.0921940457561,1148.3349597979934
2023-02-23,6046,22609,6299,6987,60.79,61.15,8.75,35.0,1,Winter,20.0,0.0,60.0,20.0,3,23,2,8,0,6155.0,5862.0,6736.0,6197.0,9345.0,6103.285714285715,6207.357142857143,6438.928571428572,365.19479472629996,362.4545822250103,977.1306417288188
2023-02-24,6675,21500,7691,7796,61.54,61.59,10.85,45.0,1,Winter,0.0,0.0,20.0,80.0,4,24,2,8,0,6046.0,6158.0,6493.0,6273.0,8473.0,6129.571428571428,6158.071428571428,6321.107142857143,351.2904103173027,330.54953411792593,795.8136921037283
2023-02-25,5774,21802,6176,6710,59.72,60.47,9.7,35.0,1,Winter,40.0,0.0,60.0,0.0,5,25,2,8,1,6675.0,6283.0,5658.0,6829.0,9170.0,6203.428571428572,6171.071428571428,6256.892857142857,408.0297608192724,347.86059636811075,679.835619526372
2023-02-26,6008,23830,3864,6926,62.35,63.2,6.9,15.0,1,Winter,60.0,0.0,20.0,20.0,6,26,2,8,1,5774.0,6724.0,6121.0,6373.0,5636.0,6130.714285714285,6179.357142857143,6135.607142857143,435.8890203884293,335.8746577435826,375.8383556488198
2023-02-27,6668,23169,9093,7805,61.6,63.66,9.75,45.0,1,Winter,40.0,0.0,0.0,60.0,0,27,2,9,0,6008.0,5991.0,6193.0,6092.0,5981.0,6028.428571428572,6171.285714285715,6148.892857142857,348.7668070706147,338.73053246859337,363.90905857115155
2023-02-28,5974,21655,4865,6839,60.01,61.81,8.9,35.0,1,Winter,20.0,0.0,60.0,20.0,1,28,2,9,0,6668.0,5550.0,6457.0,5750.0,5583.0,6125.142857142857,6205.214285714285,6173.428571428572,422.69075716228133,363.9247975088272,375.1559111516784
2023-03-01,9126,22314,17950,11351,66.34,69.09,13.25,60.0,0,Spring,40.0,60.0,0.0,0.0,2,1,3,9,0,5974.0,6155.0,6522.0,5575.0,6110.0,6185.714285714285,6170.714285714285,6187.392857142857,350.8032279809463,361.1026763362825,359.30687794665243
2023-03-02,9101,20693,9621,11277,70.02,71.75,8.4,30.0,0,Spring,0.0,20.0,0.0,80.0,3,2,3,9,0,9126.0,6046.0,5862.0,6736.0,6197.0,6610.142857142857,6356.714285714285,6295.107142857143,1163.4529683333833,869.177544806402,660.8158447615467
2023-03-03,9600,22902,13974,11564,68.32,70.36,10.2,40.0,0,Spring,40.0,20.0,0.0,40.0,4,3,3,9,0,9101.0,6675.0,6158.0,6493.0,6273.0,7046.571428571428,6588.071428571428,6398.821428571428,1453.4189413405804,1121.7466095531706,846.6167550280727
2023-03-04,9086,24079,10732,11797,69.77,72.51,10.45,50.0,0,Spring,80.0,20.0,0.0,0.0,5,4,3,9,1,9600.0,5774.0,6283.0,5658.0,6829.0,7464.428571428572,6833.928571428572,6517.642857142857,1724.0581831967206,1369.9694810910764,1039.7455605521536
2023-03-05,9325,26805,10108,11666,70.86,73.59,7.75,25.0,0,Spring,0.0,20.0,0.0,80.0,6,5,3,9,1,9086.0,6008.0,6724.0,6121.0,6373.0,7937.571428571428,7034.142857142857,6598.25,1634.9900975380804,1483.3879028527033,1146.7586728269307
2023-03-06,8852,29831,7310,10478,67.98,68.39,9.15,35.0,0,Spring,60.0,40.0,0.0,0.0,0,6,3,10,0,9325.0,6668.0,5991.0,6193.0,6092.0,8411.42857142857,7219.928571428572,6703.678571428572,1453.104935089314,1599.8635741975077,1255.7969301978158
2023-03-07,9782,34171,10204,11947,69.67,70.97,10.1,40.0,0,Spring,40.0,0.0,0.0,60.0,1,7,3,10,0,8852.0,5974.0,5550.0,6457.0,5750.0,8723.42857142857,7424.285714285715,6802.25,1234.384847760585,1613.4781078141934,1313.0227671434766
2023-03-08,9243,33752,6846,10711,68.81,70.34,8.2,25.0,0,Spring,60.0,20.0,0.0,20.0,2,8,3,10,0,9782.0,9126.0,6155.0,6522.0,5575.0,9267.42857142857,7726.571428571428,6946.25,324.525220973032,1631.6496472676456,1410.8028873790659
2023-03-09,10336,32795,12660,12058,69.31,70.54,10.35,40.0,0,Spring,20.0,0.0,0.0,80.0,3,9,3,10,0,9243.0,9101.0,6046.0,5862.0,6736.0,9284.142857142857,7947.142857142857,7077.25,318.99290931061864,1611.4551883859142,1448.5506837295693
2023-03-10,9537,30906,8835,11282,69.59,72.84,9.25,40.0,0,Spring,40.0,40.0,0.0,20.0,4,10,3,10,0,10336.0,9600.0,6675.0,6158.0,6493.0,9460.57142857143,8253.57142857143,7205.821428571428,494.21852695030583,1629.9116877580097,1571.673065936597
2023-03-11,8904,32223,8266,10604,69.53,68.85,7.65,15.0,0,Spring,20.0,60.0,0.0,20.0,5,11,3,10,1,9537.0,9086.0,5774.0,6283.0,5658.0,9451.57142857143,8458.0,7314.535714285715,491.82410715715235,1595.8162608714042,1624.9167609938654
2023-03-12,10536,34594,11938,11615,69.74,70.98,9.15,30.0,0,Spring,0.0,60.0,0.0,40.0,6,12,3,10,1,8904.0,9325.0,6008.0,6724.0,6121.0,9425.57142857143,8681.57142857143,7430.464285714285,518.4601743441148,1397.8407917645438,1618.1328170122888
2023-03-13,9512,31217,9450,11167,69.12,71.16,9.45,35.0,0,Spring,40.0,40.0,0.0,20.0,0,13,3,11,0,10536.0,8852.0,6668.0,5991.0,6193.0,9598.57142857143,9005.0,7588.142857142857,661.5939986484141,1247.3942686811188,1698.9000518698695
2023-03-14,9746,31433,7927,11044,67.82,68.17,10.25,45.0,0,Spring,20.0,40.0,0.0,40.0,1,14,3,11,0,9512.0,9782.0,5974.0,5550.0,6457.0,9692.857142857143,9208.142857142857,7706.678571428572,579.3871557002757,1054.13631122232,1713.6752804808946
2023-03-15,11036,30618,17332,13236,73.0,73.6,9.7,40.0,0,Spring,60.0,0.0,0.0,40.0,2,15,3,11,0,9746.0,9243.0,9126.0,6155.0,6522.0,9687.714285714286,9477.57142857143,7824.142857142857,578.6232839783446,500.68948066040616,1737.4015871790634
2023-03-16,10821,30975,7398,12502,70.44,73.61,10.25,45.0,0,Spring,80.0,0.0,0.0,20.0,3,16,3,11,0,11036.0,10336.0,9101.0,6046.0,5862.0,9943.857142857143,9614.0,7985.357142857143,726.8274505390698,638.717946659277,1819.5844502052173
2023-03-17,9595,32049,7799,11354,67.46,69.23,11.4,45.0,0,Spring,20.0,60.0,0.0,20.0,4,17,3,11,0,10821.0,9537.0,9600.0,6675.0,6158.0,10013.142857142857,9736.857142857143,8162.464285714285,790.7453084635562,695.3612074247693,1846.3970417313644
2023-03-18,9191,32664,8718,11187,66.67,70.15,10.95,45.0,0,Spring,40.0,40.0,0.0,20.0,5,18,3,11,1,9595.0,8904.0,9086.0,5774.0,6283.0,10021.42857142857,9736.5,8285.214285714286,785.2090713397723,695.4381850537067,1822.29306821243
2023-03-19,9821,33357,9992,11237,70.32,70.05,8.2,30.0,0,Spring,0.0,60.0,0.0,40.0,6,19,3,11,1,9191.0,10536.0,9325.0,6008.0,6724.0,10062.42857142857,9744.0,8389.07142857143,722.093912900255,688.4138960739508,1786.4704894074946
2023-03-20,9108,32961,7559,10586,68.59,71.29,8.4,30.0,0,Spring,20.0,60.0,0.0,20.0,0,20,3,12,0,9821.0,9512.0,8852.0,6668.0,5991.0,9960.285714285714,9779.42857142857,8499.67857142857,693.9624663927337,677.8741333458328,1775.4006340473418
2023-03-21,9093,31174,8303,11150,68.97,70.52,8.55,25.0,0,Spring,80.0,20.0,0.0,0.0,1,21,3,12,0,9108.0,9746.0,9782.0,5974.0,5550.0,9902.57142857143,9797.714285714286,8611.0,751.8441454501059,653.9633521338093,1708.7452403141717
2023-03-22,10388,33387,11147,12130,70.99,72.21,10.05,40.0,0,Spring,20.0,40.0,0.0,40.0,2,22,3,12,0,9093.0,11036.0,9243.0,9126.0,6155.0,9809.285714285714,9748.5,8737.535714285714,812.567271940331,680.6191468633152,1601.4942671037497
2023-03-23,9697,31857,10118,11838,69.01,70.82,11.05,45.0,0,Spring,80.0,20.0,0.0,0.0,3,23,3,12,0,10388.0,10821.0,10336.0,9101.0,6046.0,9716.714285714286,9830.285714285714,8888.714285714286,674.7455605104427,683.9892518916643,1547.5640083009157
2023-03-24,10432,30278,11824,11829,71.36,73.68,8.4,30.0,0,Spring,40.0,0.0,0.0,60.0,4,24,3,12,0,9697.0,9595.0,9537.0,9600.0,6675.0,9556.142857142857,9784.642857142857,9019.107142857143,471.19508648094825,668.7985332086196,1449.904271151265
2023-03-25,10234,28941,12210,12617,71.65,75.0,8.5,30.0,0,Spring,0.0,0.0,0.0,100.0,5,25,3,12,1,10432.0,9191.0,8904.0,9086.0,5774.0,9675.714285714286,9848.57142857143,9153.285714285714,577.0158040255204,685.863713114387,1397.846541069865
2023-03-26,8583,30090,4646,10121,67.9,69.32,8.8,25.0,0,Spring,0.0,80.0,0.0,20.0,6,26,3,12,1,10234.0,9821.0,10536.0,9325.0,6008.0,9824.714285714286,9943.57142857143,9312.57142857143,565.5397758736505,635.2048384680372,1244.1757774042205
2023-03-27,9253,30707,9301,10578,69.53,71.37,7.25,20.0,0,Spring,60.0,40.0,0.0,0.0,0,27,3,13,0,8583.0,9108.0,9512.0,8852.0,6668.0,9647.857142857143,9804.07142857143,9404.535714285714,735.0626795431274,705.6392044190922,1074.460329038387
2023-03-28,9280,31387,8688,11054,68.41,69.23,9.75,40.0,0,Spring,80.0,20.0,0.0,0.0,1,28,3,13,0,9253.0,9093.0,9746.0,9782.0,5974.0,9668.57142857143,9785.57142857143,9496.857142857143,719.185385729993,717.1862449114127,932.266045094429
2023-03-29,9227,33122,8514,10392,69.86,71.25,5.6,0.0,0,Spring,80.0,20.0,0.0,0.0,2,29,3,13,0,9280.0,10388.0,11036.0,9243.0,9126.0,9695.285714285714,9752.285714285714,9614.92857142857,697.3850477045552,729.8658916405423,629.8853469200393
2023-03-30,8625,30931,7061,10237,71.11,72.35,4.9,0.0,0,Spring,60.0,20.0,0.0,20.0,3,30,3,13,0,9227.0,9697.0,10821.0,10336.0,9101.0,9529.42857142857,9623.07142857143,9618.535714285714,640.9567996734237,639.6759352967955,627.265463452468
2023-03-31,9421,30788,7830,10624,70.92,73.69,4.7,0.0,0,Spring,60.0,20.0,0.0,20.0,4,31,3,13,0,8625.0,10432.0,9595.0,9537.0,9600.0,9376.285714285714,9466.214285714286,9601.535714285714,717.7157548513767,590.7013013973818,647.9212047511377
2023-04-01,9329,28979,11001,10782,69.26,71.22,7.8,20.0,0,Spring,40.0,40.0,0.0,20.0,5,1,4,13,1,9421.0,10234.0,9191.0,8904.0,9086.0,9231.857142857143,9453.785714285714,9595.142857142857,552.5915998189363,589.6126731979545,648.8193673346995
2023-04-02,9612,27791,9689,11156,69.58,70.79,8.2,30.0,0,Spring,60.0,20.0,0.0,20.0,6,2,4,13,1,9329.0,8583.0,9821.0,10536.0,9325.0,9102.57142857143,9463.642857142857,9603.82142857143,346.47936790078364,586.0241012558959,643.3590699268728
2023-04-03,8918,25556,10090,10259,68.77,68.97,6.75,20.0,0,Spring,20.0,60.0,0.0,20.0,0,3,4,14,0,9612.0,9253.0,9108.0,9512.0,8852.0,9249.57142857143,9448.714285714286,9614.07142857143,305.1195706291687,578.8384162164307,641.0344029926425
2023-04-04,8631,26544,9405,10550,67.98,71.2,9.45,35.0,0,Spring,40.0,40.0,0.0,20.0,1,4,4,14,0,8918.0,9280.0,9093.0,9746.0,9782.0,9201.714285714286,9435.142857142857,9616.42857142857,329.76846134100435,589.5691852326224,638.2436797250895
2023-04-05,9243,30025,8836,10921,68.22,70.52,9.85,45.0,0,Spring,100.0,0.0,0.0,0.0,2,5,4,14,0,8631.0,9227.0,10388.0,11036.0,9243.0,9109.0,9402.142857142857,9575.32142857143,389.8499711427131,622.2188406937875,663.7415301027179
2023-04-06,9243,30133,9478,10967,67.97,69.63,9.95,40.0,0,Spring,60.0,40.0,0.0,0.0,3,6,4,14,0,9243.0,8625.0,9697.0,10821.0,10336.0,9111.285714285714,9320.357142857143,9575.32142857143,390.7030902896457,554.2006866640809,663.7415301027179
2023-04-07,9577,28739,10230,11499,67.08,68.22,11.8,50.0,0,Spring,100.0,0.0,0.0,0.0,4,7,4,14,0,9243.0,9421.0,10432.0,9595.0,9537.0,9199.57142857143,9287.92857142857,9536.285714285714,327.1614571547121,543.6487078826328,649.3320132968129
2023-04-08,9558,29106,11702,11171,68.56,70.16,9.7,35.0,0,Spring,20.0,40.0,0.0,40.0,5,8,4,14,1,9577.0,9329.0,10234.0,9191.0,8904.0,9221.857142857143,9226.857142857143,9537.714285714286,349.32145108832356,444.1628005660021,649.3776426328146
2023-04-09,9419,29872,9110,11717,70.11,71.38,9.3,35.0,0,Spring,40.0,20.0,0.0,40.0,6,9,4,14,1,9558.0,9612.0,8583.0,9821.0,10536.0,9254.57142857143,9178.57142857143,9561.07142857143,371.07360327513913,353.80627343352967,637.3907417526443
2023-04-10,10251,29922,9942,11778,70.97,72.09,8.05,25.0,0,Spring,60.0,0.0,0.0,40.0,0,10,4,15,0,9419.0,8918.0,9253.0,9108.0,9512.0,9227.0,9238.285714285714,9521.17857142857,346.44239540406886,313.84769176531137,608.4085526447225
2023-04-11,9241,31843,9990,10841,67.35,68.6,10.35,45.0,0,Spring,20.0,80.0,0.0,0.0,1,11,4,15,0,10251.0,8631.0,9280.0,9093.0,9746.0,9417.42857142857,9309.57142857143,9547.57142857143,486.3790898544032,414.61153538554936,623.8291805942355
2023-04-12,5507,30951,2608,6464,60.35,60.42,7.6,25.0,1,Spring,20.0,60.0,0.0,20.0,2,12,4,15,0,9241.0,9243.0,9227.0,10388.0,11036.0,9504.57142857143,9306.785714285714,9529.535714285714,360.29795870584513,414.95637927779137,625.1785215940026
2023-04-13,6219,34154,2941,7000,62.61,63.86,7.3,20.0,1,Spring,60.0,0.0,0.0,40.0,3,13,4,15,0,5507.0,9243.0,8625.0,9697.0,10821.0,8970.857142857143,9041.07142857143,9332.07142857143,1565.0925881633268,1098.3204985715536,930.4017423223335
2023-04-14,5466,32418,3889,6414,58.97,60.98,9.0,30.0,1,Spring,20.0,60.0,0.0,20.0,4,14,4,15,0,6219.0,9577.0,9421.0,10432.0,9595.0,8538.857142857143,8869.214285714286,9167.714285714286,1865.8946405206736,1331.8433251915176,1055.6797654572154
2023-04-15,6159,35301,4373,6928,58.21,61.06,12.3,60.0,1,Spring,0.0,100.0,0.0,0.0,5,15,4,15,1,5466.0,9558.0,9329.0,10234.0,9191.0,7951.571428571428,8586.714285714286,9020.25,2115.015985530032,1598.5473900519262,1262.0038335623083
2023-04-16,6321,32224,6327,7318,60.1,61.62,9.9,40.0,1,Spring,0.0,20.0,0.0,80.0,6,16,4,15,1,6159.0,9419.0,9612.0,8583.0,9821.0,7466.0,8360.285714285714,8911.964285714286,2074.5279784407053,1706.2020093480646,1372.0884725319518
2023-04-17,6153,29413,4582,6950,59.73,61.09,10.45,40.0,1,Spring,20.0,40.0,0.0,40.0,0,17,4,16,0,6321.0,10251.0,8918.0,9253.0,9108.0,7023.428571428572,8125.214285714285,8786.964285714286,1912.5780033890271,1746.7091334001157,1443.7627403867787
2023-04-18,5466,28966,4659,6537,61.09,62.15,8.15,25.0,1,Spring,0.0,60.0,0.0,40.0,1,18,4,16,0,6153.0,9241.0,8631.0,9280.0,9093.0,6438.0,7927.714285714285,8681.42857142857,1283.8139792560532,1805.5031017834185,1525.135317094774
2023-04-19,5760,28065,4030,6641,59.67,60.86,10.0,45.0,1,Spring,20.0,60.0,0.0,20.0,2,19,4,16,0,5466.0,5507.0,9243.0,9227.0,10388.0,5898.714285714285,7701.642857142857,8551.892857142857,396.07268452708377,1906.019800007881,1638.6849139949209
2023-04-20,6360,27362,5558,7511,60.43,62.42,10.4,40.0,1,Spring,40.0,0.0,0.0,60.0,3,20,4,16,0,5760.0,6219.0,9243.0,8625.0,9697.0,5934.857142857143,7452.857142857143,8386.607142857143,364.6685383427845,1916.6381568193672,1679.5195154895046
2023-04-21,6143,26180,6254,6811,59.44,61.04,10.1,45.0,1,Spring,20.0,60.0,0.0,20.0,4,21,4,16,0,6360.0,5466.0,9577.0,9421.0,10432.0,5955.0,7246.928571428572,8267.42857142857,386.23567934607024,1863.6514391949243,1701.345054569779
2023-04-22,5527,24564,4281,6379,60.8,62.46,6.55,15.0,1,Spring,60.0,0.0,0.0,40.0,5,22,4,16,1,6143.0,6159.0,9558.0,9329.0,10234.0,6051.714285714285,7001.642857142857,8114.25,322.9590863073737,1756.2782155256061,1692.295933865537
2023-04-23,6931,23352,10112,8104,60.24,61.82,11.1,55.0,1,Spring,60.0,0.0,0.0,40.0,6,23,4,16,1,5527.0,6321.0,9419.0,9612.0,8583.0,5961.428571428572,6713.714285714285,7946.142857142857,372.50720670550754,1630.8950081083326,1707.6474116572597
2023-04-24,6240,21923,4862,6891,58.42,60.14,11.35,50.0,1,Spring,0.0,80.0,0.0,20.0,0,24,4,17,0,6931.0,6153.0,10251.0,8918.0,9253.0,6048.571428571428,6536.0,7887.142857142857,514.8122172671713,1437.5227088507847,1713.3578838337585
2023-04-25,6227,22137,4335,7164,60.52,61.77,9.2,40.0,1,Spring,40.0,40.0,0.0,20.0,1,25,4,17,0,6240.0,5466.0,9241.0,8631.0,9280.0,6061.0,6249.5,7779.535714285715,518.7883319170311,960.8237451431672,1719.0045026580906
2023-04-26,6135,22072,7752,7127,61.24,62.75,8.3,30.0,1,Spring,40.0,40.0,0.0,20.0,2,26,4,17,0,6227.0,5760.0,5507.0,9243.0,9227.0,6169.714285714285,6034.214285714285,7670.5,448.26469646310795,430.02078278445634,1717.1299590585324
2023-04-27,5399,22971,5097,6442,58.87,59.84,9.7,35.0,1,Spring,60.0,20.0,0.0,20.0,3,27,4,17,0,6135.0,6360.0,6219.0,9243.0,8625.0,6223.285714285715,6079.071428571428,7560.071428571428,412.0876582660093,402.67995772303993,1712.741746733977
2023-04-28,5768,23718,5398,6430,60.23,62.69,7.65,25.0,1,Spring,40.0,60.0,0.0,0.0,4,28,4,17,0,5399.0,6143.0,5466.0,9577.0,9421.0,6086.0,6020.5,7444.857142857143,507.8913925895863,438.77920678614197,1746.621621859513
2023-04-29,5917,22987,4189,6562,62.68,63.67,4.55,0.0,1,Spring,80.0,20.0,0.0,0.0,5,29,4,17,1,5768.0,5527.0,6159.0,9558.0,9329.0,6032.428571428572,6042.071428571428,7314.392857142857,520.4977928683983,416.2677511644678,1729.8969641611097
2023-04-30,5446,22235,5004,6510,62.15,63.72,4.85,0.0,1,Spring,40.0,20.0,0.0,40.0,6,30,4,17,1,5917.0,6931.0,6321.0,9419.0,9612.0,6088.142857142857,6024.785714285715,7192.535714285715,476.3830491565923,416.0632678539723,1702.6881031049393
2023-05-01,5932,22972,7632,6897,60.6,62.2,8.05,20.0,1,Spring,0.0,40.0,0.0,60.0,0,1,5,18,0,5446.0,6240.0,6153.0,10251.0,8918.0,5876.0,5962.285714285715,7043.75,353.2119288282677,433.49872301695325,1665.0403315102094
2023-05-02,6703,21708,8479,7779,60.43,62.76,10.85,45.0,1,Spring,20.0,0.0,0.0,80.0,1,2,5,18,0,5932.0,6227.0,5466.0,9241.0,8631.0,5832.0,5946.5,6937.107142857143,317.71056010135663,430.029650140763,1635.9213134044278
2023-05-03,5336,19297,5772,6196,58.76,60.25,8.7,35.0,1,Spring,0.0,80.0,0.0,20.0,2,3,5,18,0,6703.0,6135.0,5760.0,5507.0,9243.0,5900.0,6034.857142857143,6868.25,442.69779007044116,450.3114917039344,1602.2116340766113
2023-05-04,6385,21115,5219,7448,60.83,62.52,10.65,45.0,1,Spring,40.0,20.0,0.0,40.0,3,4,5,18,0,5336.0,5399.0,6360.0,6219.0,9243.0,5785.857142857143,6004.571428571428,6728.714285714285,473.91258989085713,483.2708611895711,1557.2340592679036
2023-05-05,5859,23614,6237,6834,59.96,61.16,8.8,30.0,1,Spring,80.0,20.0,0.0,0.0,4,5,5,18,0,6385.0,5768.0,6143.0,5466.0,9577.0,5926.714285714285,6006.357142857143,6626.642857142857,486.1391139325837,484.7292038851027,1477.9764748863697
2023-05-06,6329,25216,5649,7347,62.1,64.07,8.05,30.0,1,Spring,60.0,0.0,0.0,40.0,5,6,5,18,1,5859.0,5917.0,5527.0,6159.0,9558.0,5939.714285714285,5986.071428571428,6493.857142857143,482.38978509274483,484.5134695733313,1365.8556052495505
2023-05-07,6416,23700,6317,7352,59.36,60.19,11.6,55.0,1,Spring,0.0,60.0,0.0,40.0,6,7,5,18,1,6329.0,5446.0,6931.0,6321.0,9419.0,5998.571428571428,6043.357142857143,6378.535714285715,503.815064331685,473.3435257894377,1226.7994337010366
2023-05-08,6477,22585,7462,7460,60.52,62.11,9.85,45.0,1,Spring,60.0,0.0,0.0,40.0,0,8,5,19,0,6416.0,5932.0,6240.0,6153.0,10251.0,6137.142857142857,6006.571428571428,6271.285714285715,457.79814641069277,415.53593092570736,1072.7414467803026
2023-05-09,5585,21720,5812,6547,60.2,62.3,7.9,25.0,1,Spring,40.0,40.0,0.0,20.0,1,9,5,19,0,6477.0,6703.0,6227.0,5466.0,9241.0,6215.0,6023.5,6136.5,463.404430995854,430.3409649963965,739.5297554928717
2023-05-10,5965,23196,5358,6992,60.38,61.56,9.5,35.0,1,Spring,40.0,20.0,0.0,40.0,2,10,5,19,0,5585.0,5336.0,6135.0,5760.0,5507.0,6055.285714285715,5977.642857142857,6005.928571428572,459.8292126016207,441.0601924984604,428.4026254867013
2023-05-11,6256,23776,7186,7328,59.54,60.48,12.25,60.0,1,Spring,20.0,60.0,0.0,20.0,3,11,5,19,0,5965.0,6385.0,5399.0,6360.0,6219.0,6145.142857142857,5965.5,6022.285714285715,342.2759260066838,438.72871414527987,417.2454519774377
2023-05-12,6055,23376,6359,6926,60.21,61.42,9.0,35.0,1,Spring,40.0,40.0,0.0,20.0,4,12,5,19,0,6256.0,5859.0,5768.0,6143.0,5466.0,6126.714285714285,6026.714285714285,6023.607142857143,330.4788012795392,412.61686989126457,417.9495219642463
2023-05-13,8890,22446,15035,10898,68.27,70.92,8.85,30.0,0,Spring,60.0,20.0,0.0,20.0,5,13,5,19,1,6055.0,6329.0,5917.0,5527.0,6159.0,6154.714285714285,6047.214285714285,6044.642857142857,311.7909097913134,405.84843297668783,403.4149792741145
2023-05-14,8947,22144,11329,11043,68.27,71.18,9.6,40.0,0,Spring,40.0,40.0,0.0,20.0,6,14,5,19,1,8890.0,6416.0,5446.0,6931.0,6321.0,6520.571428571428,6259.571428571428,6142.178571428572,1087.637632232146,858.1915434650346,672.4936487968081
2023-05-15,9205,22182,10786,11234,70.69,72.05,7.55,10.0,0,Spring,20.0,0.0,0.0,80.0,0,15,5,20,0,8947.0,6477.0,5932.0,6240.0,6153.0,6882.142857142857,6509.642857142857,6235.964285714285,1417.6986549300286,1083.416221399408,856.3370088647391
2023-05-16,9957,27027,14626,12759,72.86,74.87,8.6,30.0,0,Spring,20.0,20.0,0.0,60.0,1,16,5,20,0,9205.0,5585.0,6703.0,6227.0,5466.0,7271.857142857143,6743.428571428572,6344.964285714285,1644.5668556969904,1283.7857905601338,1023.3401187666457
2023-05-17,10185,28507,11767,11778,68.95,72.03,10.95,45.0,0,Spring,40.0,0.0,0.0,60.0,2,17,5,20,0,9957.0,5965.0,5336.0,6135.0,5760.0,7896.428571428572,6975.857142857143,6505.357142857143,1725.3733757405207,1544.0820453063702,1214.556380353865
2023-05-18,10170,28988,9540,12062,70.06,70.47,10.5,45.0,0,Spring,40.0,20.0,0.0,40.0,3,18,5,20,0,10185.0,6256.0,6385.0,5399.0,6360.0,8499.285714285714,7322.214285714285,6663.392857142857,1674.542993803146,1685.3313382775343,1389.296127121953
2023-05-19,10065,30109,7478,11434,66.01,68.87,13.05,55.0,0,Spring,40.0,60.0,0.0,0.0,4,19,5,20,0,10170.0,6055.0,5859.0,5768.0,6143.0,9058.42857142857,7592.571428571428,6799.464285714285,1437.3027815023045,1821.5093789444322,1537.1895346195902
2023-05-20,8643,31537,6591,10410,68.47,70.54,7.65,30.0,0,Spring,80.0,20.0,0.0,0.0,5,20,5,20,1,10065.0,8890.0,6329.0,5917.0,5527.0,9631.285714285714,7893.0,6939.535714285715,590.2656786808442,1860.0389574084259,1649.7262731905257
2023-05-21,10317,34909,9851,11872,68.94,71.21,11.15,50.0,0,Spring,60.0,0.0,0.0,40.0,6,21,5,20,1,8643.0,8947.0,6416.0,5446.0,6931.0,9596.0,8058.285714285715,7050.821428571428,646.6542095019967,1812.5760855572819,1655.997854122165
2023-05-22,9431,33455,8932,11291,69.68,70.71,8.8,25.0,0,Spring,40.0,40.0,0.0,20.0,0,22,5,21,0,10317.0,9205.0,6477.0,5932.0,6240.0,9791.714285714286,8336.92857142857,7171.75,624.4305977677265,1840.324363729488,1766.8446582244767
2023-05-23,9014,32846,8211,10293,68.62,71.27,6.75,15.0,0,Spring,0.0,60.0,0.0,40.0,1,23,5,21,0,9431.0,9957.0,5585.0,6703.0,6227.0,9824.0,8547.92857142857,7285.714285714285,594.1472881365271,1778.9945935095852,1806.9759238623128
2023-05-24,9599,30702,12561,11554,71.82,74.97,6.35,15.0,0,Spring,40.0,20.0,0.0,40.0,2,24,5,21,0,9014.0,10185.0,5965.0,5336.0,6135.0,9689.285714285714,8792.857142857143,7385.25,661.997158676097,1562.5693760422653,1823.1846704578943
2023-05-25,9537,30415,11088,10898,69.71,71.27,8.7,35.0,0,Spring,0.0,60.0,0.0,40.0,3,25,5,21,0,9599.0,10170.0,6256.0,6385.0,5399.0,9605.57142857143,9052.42857142857,7508.964285714285,624.8738158334627,1343.099384276534,1852.496623321634
2023-05-26,10167,29157,12217,12405,70.34,72.39,9.5,35.0,0,Spring,40.0,0.0,0.0,60.0,4,26,5,21,0,9537.0,10065.0,6055.0,5859.0,5768.0,9515.142857142857,9286.785714285714,7656.75,573.248761758042,1077.6319607626629,1842.9698581767993
2023-05-27,9190,29839,6562,10634,68.03,69.71,9.6,35.0,0,Spring,0.0,80.0,0.0,20.0,5,27,5,21,1,10167.0,8643.0,8890.0,6329.0,5917.0,9529.714285714286,9580.5,7813.857142857143,590.5891731386183,569.7073135189237,1863.383893456095
2023-05-28,9434,32166,7547,11269,66.94,68.53,10.4,45.0,0,Spring,60.0,40.0,0.0,0.0,6,28,5,21,1,9190.0,10317.0,8947.0,6416.0,5446.0,9607.857142857143,9601.92857142857,7930.75,479.4394047813852,546.9239103717161,1842.5274433857664
2023-05-29,9153,32375,8341,10782,72.53,75.36,4.4,0.0,0,Spring,40.0,0.0,0.0,60.0,0,29,5,22,0,9434.0,9431.0,9205.0,6477.0,5932.0,9481.714285714286,9636.714285714286,8073.178571428572,364.0355817250421,516.7176626138945,1796.9137338590504
2023-05-30,8615,34189,6911,9633,68.73,70.82,4.8,0.0,0,Spring,40.0,20.0,0.0,40.0,1,30,5,22,0,9153.0,9014.0,9957.0,5585.0,6703.0,9442.0,9633.0,8188.214285714285,385.04804894971835,520.2345624812176,1757.4298438585565
2023-05-31,8743,32365,7673,9964,68.46,71.22,5.45,0.0,0,Spring,20.0,60.0,0.0,20.0,2,31,5,22,0,8615.0,9599.0,10185.0,5965.0,5336.0,9385.0,9537.142857142857,8256.5,477.41910309494756,576.5333878040159,1734.5811000332749
2023-06-01,8885,30361,10932,11157,68.5,70.51,8.15,30.0,0,Summer,20.0,60.0,0.0,20.0,3,1,6,22,0,8743.0,9537.0,10170.0,6256.0,6385.0,9262.714285714286,9434.142857142857,8378.17857142857,521.0990674480439,580.6824707774168,1638.988352241443
2023-06-02,9332,29696,11342,11231,70.69,72.56,7.5,20.0,0,Summer,0.0,40.0,0.0,60.0,4,2,6,22,0,8885.0,10167.0,10065.0,6055.0,5859.0,9169.57142857143,9342.357142857143,8467.464285714286,522.1704246516977,556.4741485657858,1593.860082203034
2023-06-03,9946,28721,12330,11726,69.42,70.27,9.25,35.0,0,Summer,20.0,60.0,0.0,20.0,5,3,6,22,1,9332.0,9190.0,8643.0,8890.0,6329.0,9050.285714285714,9290.0,8591.5,307.64899603588077,516.2842091478544,1516.612807346508
2023-06-04,10486,30348,12866,12271,71.08,73.01,9.7,35.0,0,Summer,0.0,40.0,0.0,60.0,6,4,6,22,1,9946.0,9434.0,10317.0,8947.0,6416.0,9158.285714285714,9383.07142857143,8720.67857142857,459.89553679274434,508.0579107339801,1470.0921375400892
2023-06-05,10307,30005,9772,12687,72.32,73.69,8.7,35.0,0,Summer,60.0,20.0,0.0,20.0,0,5,6,23,0,10486.0,9153.0,9431.0,9205.0,6477.0,9308.57142857143,9395.142857142857,8866.035714285714,682.8530484037316,533.3339056773821,1434.5579647518075
2023-06-06,10374,30639,8725,12371,69.08,70.62,11.7,50.0,0,Summer,20.0,40.0,0.0,40.0,1,6,6,23,0,10307.0,8615.0,9014.0,9957.0,5585.0,9473.42857142857,9457.714285714286,9002.82142857143,772.4573034895008,586.5919074911438,1379.8795452951142
2023-06-07,11159,32221,14020,13203,72.04,73.8,10.6,45.0,0,Summer,40.0,20.0,0.0,40.0,2,7,6,23,0,10374.0,8743.0,9599.0,10185.0,5965.0,9724.714285714286,9554.857142857143,9173.857142857143,731.694315563924,619.1653012965911,1229.1123178729958
2023-06-08,9359,34394,7466,11171,69.82,70.81,8.35,25.0,0,Summer,60.0,20.0,0.0,20.0,3,8,6,23,0,11159.0,8885.0,9537.0,10170.0,6256.0,10069.857142857143,9666.285714285714,9359.357142857143,760.6802719871649,753.5174367408827,1113.384936072449
2023-06-09,9995,34168,9892,12093,71.28,72.56,9.3,35.0,0,Summer,20.0,20.0,0.0,60.0,4,9,6,23,0,9359.0,9332.0,10167.0,10065.0,6055.0,10137.57142857143,9653.57142857143,9470.17857142857,650.7869229230182,757.3586402029973,932.8411024857375
2023-06-10,9650,34066,9290,11609,69.33,73.96,8.9,35.0,0,Summer,20.0,60.0,0.0,20.0,5,10,6,23,1,9995.0,9946.0,9190.0,8643.0,8890.0,10232.285714285714,9641.285714285714,9610.892857142857,555.2368006192468,749.7460522451364,654.1258424224645
2023-06-11,11679,35096,15774,13773,71.47,73.29,13.2,65.0,0,Summer,40.0,0.0,0.0,60.0,6,11,6,23,1,9650.0,10486.0,9434.0,10317.0,8947.0,10190.0,9674.142857142857,9638.035714285714,590.8056646083593,738.4417957525887,638.6905285581366
2023-06-12,9836,31807,7840,11224,70.59,71.38,6.65,25.0,0,Summer,40.0,40.0,0.0,20.0,0,12,6,24,0,11679.0,10307.0,9153.0,9431.0,9205.0,10360.42857142857,9834.5,9735.607142857143,818.585336040749,906.8386973861097,731.1946257241361
2023-06-13,9958,33450,8235,11918,71.39,73.04,7.35,20.0,0,Summer,40.0,20.0,0.0,40.0,1,13,6,24,0,9836.0,10374.0,8615.0,9014.0,9957.0,10293.142857142857,9883.285714285714,9758.142857142857,842.7109881351985,885.4756590991949,723.9230936381805
2023-06-14,10086,33397,8660,11247,70.49,72.24,7.4,25.0,0,Summer,0.0,40.0,0.0,60.0,2,14,6,24,0,9958.0,11159.0,8743.0,9599.0,10185.0,10233.714285714286,9979.214285714286,9758.17857142857,850.6890764326866,806.7539114416361,723.9332920757892
2023-06-15,9747,36550,8509,11784,70.89,72.12,7.3,20.0,0,Summer,80.0,0.0,0.0,20.0,3,15,6,24,0,10086.0,9359.0,8885.0,9537.0,10170.0,10080.42857142857,10075.142857142857,9754.642857142857,746.4607284027812,724.060118322405,722.0106808631377
2023-06-16,11032,36170,14976,12769,70.79,72.95,10.6,40.0,0,Summer,40.0,20.0,0.0,40.0,4,16,6,24,0,9747.0,9995.0,9332.0,10167.0,10065.0,10135.857142857143,10136.714285714286,9739.535714285714,696.7102287587967,647.6931168588795,717.4086847115107
2023-06-17,9533,31871,7238,11061,69.95,72.53,7.6,25.0,0,Summer,20.0,60.0,0.0,20.0,5,17,6,24,1,11032.0,9650.0,9946.0,9190.0,8643.0,10284.0,10258.142857142857,9774.07142857143,768.3356471404012,644.5705615300766,755.8995587094696
2023-06-18,9528,31388,9797,11366,68.74,71.5,9.05,30.0,0,Summer,40.0,60.0,0.0,0.0,6,18,6,24,1,9533.0,11679.0,10486.0,9434.0,10317.0,10267.285714285714,10228.642857142857,9805.857142857143,785.506994300643,668.9452785649039,724.6423237394603
2023-06-19,10897,30638,12797,12444,70.12,73.48,9.95,35.0,0,Summer,20.0,0.0,0.0,80.0,0,19,6,25,0,9528.0,9836.0,10307.0,9153.0,9431.0,9960.0,10160.214285714286,9777.67857142857,515.5518079365612,689.28359448515,719.3510477466533
2023-06-20,11468,34955,13476,13684,73.2,72.92,10.45,45.0,0,Summer,20.0,0.0,0.0,80.0,1,20,6,25,0,10897.0,9958.0,10374.0,8615.0,9014.0,10111.57142857143,10202.357142857143,9830.035714285714,618.6730038673719,716.4494299769373,746.0393933667667
2023-06-21,9767,31622,7118,11510,70.11,71.86,9.45,35.0,0,Summer,40.0,60.0,0.0,0.0,2,21,6,25,0,11468.0,10086.0,11159.0,8743.0,9599.0,10327.285714285714,10280.5,9917.67857142857,794.4729310022027,792.2606165999749,789.5018613996197
2023-06-22,9905,34820,9224,11918,70.15,73.1,10.1,40.0,0,Summer,60.0,0.0,0.0,40.0,3,22,6,25,0,9767.0,9747.0,9359.0,8885.0,9537.0,10281.714285714286,10181.07142857143,9923.67857142857,819.3785682425616,760.2284539517028,787.6264415163361
2023-06-23,10480,33744,10611,12324,70.46,72.88,10.05,45.0,0,Summer,40.0,60.0,0.0,0.0,4,23,6,25,0,9905.0,11032.0,9995.0,9332.0,10167.0,10304.285714285714,10220.07142857143,9936.82142857143,804.230007374692,728.1396172423212,783.9970735759706
2023-06-24,9435,36620,6786,10663,67.02,69.4,9.8,30.0,0,Summer,40.0,60.0,0.0,0.0,5,24,6,25,1,10480.0,9533.0,9650.0,9946.0,9190.0,10225.42857142857,10254.714285714286,9948.0,745.9327175071562,728.1451069006,789.611953453759
2023-06-25,10434,34173,14262,12401,69.01,70.26,11.4,50.0,0,Summer,20.0,60.0,0.0,20.0,6,25,6,25,1,9435.0,9528.0,11679.0,10486.0,9434.0,10211.42857142857,10239.357142857143,9956.75,761.8444410645418,743.9752484657408,782.2240668381183
2023-06-26,10336,32800,9346,12238,70.27,71.19,9.7,40.0,0,Summer,0.0,60.0,0.0,40.0,0,26,6,26,0,10434.0,10897.0,9836.0,10307.0,9153.0,10340.857142857143,10150.42857142857,9992.464285714286,700.9092733897891,623.2722228178148,780.2990159117387
2023-06-27,9743,32802,7196,11298,69.48,71.28,9.55,40.0,0,Summer,20.0,40.0,0.0,40.0,1,27,6,26,0,10336.0,11468.0,9958.0,10374.0,8615.0,10260.714285714286,10186.142857142857,10034.714285714286,657.4459963337141,618.1735948797775,765.040103385687
2023-06-28,10241,32126,8941,12495,70.6,71.28,10.65,45.0,0,Summer,20.0,40.0,0.0,40.0,2,28,6,26,0,9743.0,9767.0,10086.0,11159.0,8743.0,10014.285714285714,10170.785714285714,10075.0,403.90003477992946,626.8864672786754,715.6141625412758
2023-06-29,10422,35252,10337,11717,73.48,75.36,4.75,0.0,0,Summer,20.0,0.0,0.0,80.0,3,29,6,26,0,10241.0,9905.0,9747.0,9359.0,8885.0,10082.0,10181.857142857143,10128.5,395.1716926434095,626.642562469942,666.6663055554734
2023-06-30,8990,31861,7927,10998,72.62,74.79,4.7,0.0,0,Summer,20.0,60.0,0.0,20.0,4,30,6,26,0,10422.0,10480.0,11032.0,9995.0,9332.0,10155.857142857143,10230.07142857143,10183.392857142857,404.7737757362756,616.4959871708764,622.285711400942
2023-07-01,8967,32836,6087,10172,67.28,71.33,7.85,20.0,0,Summer,20.0,80.0,0.0,0.0,5,1,7,26,1,8990.0,9435.0,9533.0,9650.0,9946.0,9943.0,10084.214285714286,10171.17857142857,565.6924959728467,652.6703937341903,642.6394100704387
2023-07-02,10956,31831,18891,13127,72.15,75.03,9.45,30.0,0,Summer,40.0,0.0,0.0,60.0,6,2,7,26,1,8967.0,10434.0,9528.0,11679.0,10486.0,9876.142857142857,10043.785714285714,10136.214285714286,656.1593883022108,704.8824428525375,680.841437848846
2023-07-03,11012,29347,14560,13452,73.41,75.92,9.9,40.0,0,Summer,20.0,0.0,0.0,80.0,0,3,7,27,0,10956.0,10336.0,10897.0,9836.0,10307.0,9950.714285714286,10145.785714285714,10153.0,752.6875656130906,727.4620982536485,695.4222271930157
2023-07-04,10892,28555,11053,12867,70.74,73.26,11.05,50.0,0,Summer,100.0,0.0,0.0,0.0,1,4,7,27,0,11012.0,9743.0,11468.0,9958.0,10374.0,10047.285714285714,10154.0,10178.17857142857,847.7255283572396,737.181430543701,713.7262704661073
2023-07-05,9830,29540,6226,11835,72.68,73.51,8.15,35.0,0,Summer,80.0,20.0,0.0,0.0,2,5,7,27,0,10892.0,10241.0,9767.0,10086.0,11159.0,10211.42857142857,10112.857142857143,10196.67857142857,889.2116090752957,671.3375692363196,725.604527200733
2023-07-06,9522,36213,8263,11551,66.77,68.82,11.85,55.0,0,Summer,0.0,100.0,0.0,0.0,3,6,7,27,0,9830.0,10422.0,9905.0,9747.0,9359.0,10152.714285714286,10117.357142857143,10149.214285714286,900.4318805043287,669.0481881165033,703.4534577324838
2023-07-07,9705,37260,6955,11190,69.64,70.51,7.9,25.0,0,Summer,60.0,40.0,0.0,0.0,4,7,7,27,0,9522.0,8990.0,10480.0,11032.0,9995.0,10024.142857142857,10090.0,10155.035714285714,919.6228264115308,686.0145771045974,697.3195495845677
2023-07-08,11858,35557,19604,14093,72.39,75.72,11.95,55.0,0,Summer,20.0,0.0,0.0,80.0,5,8,7,27,1,9705.0,8967.0,9435.0,9533.0,9650.0,10126.285714285714,10034.642857142857,10144.67857142857,819.9192468948155,683.3869955700712,701.9230227697338
2023-07-09,10117,32413,10087,11975,71.15,71.9,8.6,30.0,0,Summer,40.0,20.0,0.0,40.0,6,9,7,27,1,11858.0,10956.0,10434.0,9528.0,11679.0,10539.285714285714,10207.714285714286,10223.535714285714,865.4972971815475,814.150754190797,765.4443629365503
2023-07-10,9972,29811,8798,12040,70.97,73.6,9.65,35.0,0,Summer,60.0,20.0,0.0,20.0,0,10,7,28,0,10117.0,11012.0,10336.0,10897.0,9836.0,10419.42857142857,10185.07142857143,10167.75,856.2152877913421,811.7779598165686,710.3800039415663
2023-07-11,9682,33142,7702,11555,70.57,72.7,8.4,35.0,0,Summer,20.0,60.0,0.0,20.0,1,11,7,28,0,9972.0,10892.0,9743.0,11468.0,9958.0,10270.857142857143,10159.07142857143,10172.607142857143,825.9504481850796,812.4010438471579,708.4901180358955
2023-07-12,10385,37606,7233,11699,70.71,72.97,7.4,20.0,0,Summer,40.0,20.0,0.0,40.0,2,12,7,28,0,9682.0,9830.0,10241.0,9767.0,10086.0,10098.0,10154.714285714286,10162.75,800.5146261416196,814.9637489409624,713.4888524655537
2023-07-13,10191,35752,10265,11933,70.86,72.53,9.8,35.0,0,Summer,40.0,40.0,0.0,20.0,3,13,7,28,0,10385.0,9522.0,10422.0,9905.0,9747.0,10177.285714285714,10165.0,10173.42857142857,797.0239884063898,817.0426031637585,714.5343694178642
2023-07-14,10101,33512,9155,11494,69.46,71.7,8.5,25.0,0,Summer,60.0,40.0,0.0,0.0,4,14,7,28,0,10191.0,9705.0,8990.0,10480.0,11032.0,10272.857142857143,10148.5,10189.285714285714,743.6772213291199,813.7792887320413,709.6303084023357
2023-07-15,9346,33021,9478,11275,68.78,69.92,8.9,35.0,0,Summer,0.0,80.0,0.0,20.0,5,15,7,28,1,10101.0,11858.0,8967.0,9435.0,9533.0,10329.42857142857,10227.857142857143,10156.035714285714,707.4609193311983,743.2281829075938,690.2281148498088
2023-07-16,9750,32171,11197,12025,70.7,73.06,9.75,35.0,0,Summer,20.0,60.0,0.0,20.0,6,16,7,28,1,9346.0,10117.0,10956.0,10434.0,9528.0,9970.57142857143,10254.92857142857,10149.357142857143,349.3226097954089,699.3786763742683,697.3477911336367
2023-07-17,11093,32629,14803,13144,72.8,75.36,9.2,40.0,0,Summer,40.0,20.0,0.0,40.0,0,17,7,29,0,9750.0,9972.0,11012.0,10336.0,10897.0,9918.142857142857,10168.785714285714,10157.285714285714,351.21855900630555,680.3992242761597,691.2569794513701
2023-07-18,9541,31447,5734,11005,68.04,70.36,8.7,30.0,0,Summer,20.0,60.0,0.0,20.0,1,18,7,29,0,11093.0,9682.0,10892.0,9743.0,11468.0,10078.285714285714,10174.57142857143,10164.285714285714,568.3302192345824,688.4181102393295,699.9626898598148
2023-07-19,10093,32879,11165,11813,68.16,70.05,11.15,45.0,0,Summer,20.0,60.0,0.0,20.0,2,19,7,29,0,9541.0,10385.0,9830.0,10241.0,9767.0,10058.142857142857,10078.07142857143,10095.464285714286,586.9112450139287,674.6674923803029,660.661424025793
2023-07-20,9463,30960,8903,11036,70.01,71.01,8.45,30.0,0,Summer,20.0,80.0,0.0,0.0,3,20,7,29,0,10093.0,10191.0,9522.0,10422.0,9905.0,10016.42857142857,10096.857142857143,10107.107142857143,569.9397211234499,670.8796587194429,657.5235998742218
2023-07-21,9884,35363,7512,11206,70.32,72.85,7.35,15.0,0,Summer,0.0,60.0,0.0,40.0,4,21,7,29,0,9463.0,10101.0,9705.0,8990.0,10480.0,9912.42857142857,10092.642857142857,10091.32142857143,598.481928756089,674.9415481407211,667.7811824781973
2023-07-22,10032,32051,12871,12101,68.67,70.16,12.35,60.0,0,Summer,40.0,40.0,0.0,20.0,5,22,7,29,1,9884.0,9346.0,11858.0,8967.0,9435.0,9881.42857142857,10105.42857142857,10070.035714285714,592.6783436634144,668.6999688587159,664.4234750765709
2023-07-23,10260,33558,12134,11588,69.88,71.01,8.9,40.0,0,Summer,60.0,20.0,0.0,20.0,6,23,7,29,1,10032.0,9750.0,10117.0,10956.0,10434.0,9979.42857142857,9975.0,10091.357142857143,544.11483381814,439.29996760581355,652.7670002487705
2023-07-24,9637,30457,9084,11439,69.26,71.33,8.6,25.0,0,Summer,0.0,80.0,0.0,20.0,0,24,7,30,0,10260.0,11093.0,9972.0,11012.0,10336.0,10052.285714285714,9985.214285714286,10085.142857142857,542.4161115741568,444.4874625854041,650.207471976275
2023-07-25,10405,31533,9977,11908,71.54,73.59,8.55,30.0,0,Summer,0.0,60.0,0.0,40.0,1,25,7,30,0,9637.0,9541.0,9682.0,10892.0,9743.0,9844.285714285714,9961.285714285714,10060.17857142857,303.2654031733486,454.1654101538644,653.6290744231316
2023-07-26,11188,33971,14277,13411,74.03,76.29,9.1,35.0,0,Summer,60.0,0.0,0.0,40.0,2,26,7,30,0,10405.0,10093.0,10385.0,9830.0,10241.0,9967.714285714286,10012.92857142857,10083.82142857143,333.56544299716427,461.01934954982704,653.7040928473012
2023-07-27,10109,32076,10604,12255,69.73,71.16,10.35,40.0,0,Summer,80.0,20.0,0.0,0.0,3,27,7,30,0,11188.0,9463.0,10191.0,9522.0,10422.0,10124.142857142857,10070.285714285714,10117.642857142857,572.9611471910349,551.8711427876617,685.8452592070172
2023-07-28,11134,32504,12810,13706,73.93,74.55,10.5,50.0,0,Summer,40.0,20.0,0.0,40.0,4,28,7,30,0,10109.0,9884.0,10101.0,9705.0,8990.0,10216.42857142857,10064.42857142857,10106.464285714286,495.51483568198375,550.9257543564183,683.2466873057688
2023-07-29,9281,35833,4750,11242,72.29,73.62,5.45,0.0,0,Summer,60.0,20.0,0.0,20.0,5,29,7,30,1,11134.0,10032.0,9346.0,11858.0,8967.0,10395.0,10138.214285714286,10183.035714285714,574.6627996776242,620.9282354881044,673.5607691874424
2023-07-30,10254,37426,6790,11419,72.93,74.48,4.2,0.0,0,Summer,20.0,20.0,0.0,60.0,6,30,7,30,1,9281.0,10260.0,9750.0,10117.0,10956.0,10287.714285714286,10133.57142857143,10194.25,708.2936571520999,627.5155792470811,654.9208391520111
2023-07-31,8735,38926,7460,10390,70.38,72.45,5.55,0.0,0,Summer,0.0,80.0,0.0,20.0,0,31,7,31,0,10254.0,9637.0,11093.0,9972.0,11012.0,10286.857142857143,10169.57142857143,10169.17857142857,708.3364145591188,618.2056807699674,637.8953271601212
2023-08-01,10910,36488,14416,12992,70.29,71.54,11.85,55.0,0,Summer,40.0,20.0,0.0,40.0,1,1,8,31,0,8735.0,10405.0,9541.0,9682.0,10892.0,10158.0,10001.142857142857,10087.857142857143,901.8647348688112,666.5893508280557,670.7633415128489
2023-08-02,10824,31792,11984,13062,72.0,74.06,10.15,40.0,0,Summer,80.0,0.0,0.0,20.0,2,2,8,31,0,10910.0,11188.0,10093.0,10385.0,9830.0,10230.142857142857,10098.92857142857,10088.5,944.1241847291421,693.7556058579565,671.5707127490333
2023-08-03,10446,30613,10170,12267,70.95,72.39,10.4,40.0,0,Summer,20.0,60.0,0.0,20.0,3,3,8,31,0,10824.0,10109.0,9463.0,10191.0,9522.0,10178.142857142857,10151.142857142857,10124.0,891.1108102758418,720.2768545863066,683.5648930152748
2023-08-04,9793,31483,9108,11857,69.66,72.09,9.8,30.0,0,Summer,40.0,20.0,0.0,40.0,4,4,8,31,0,10446.0,11134.0,9884.0,10101.0,9705.0,10226.285714285714,10221.357142857143,10157.0,895.8434971737879,695.5221178966978,675.6843992630194
2023-08-05,10339,32750,10708,12217,69.77,72.26,10.75,45.0,0,Summer,60.0,20.0,0.0,20.0,5,5,8,31,1,9793.0,9281.0,10032.0,9346.0,11858.0,10034.714285714286,10214.857142857143,10160.142857142857,808.507619895176,699.332193226873,673.7058768228376
2023-08-06,10220,34676,11432,12370,70.2,72.43,10.35,40.0,0,Summer,80.0,20.0,0.0,0.0,6,6,8,31,1,10339.0,10254.0,10260.0,9750.0,10117.0,10185.857142857143,10236.785714285714,10105.892857142857,740.124185203943,697.9692718133047,587.5755169297473
2023-08-07,9164,35773,6413,11004,69.97,72.75,6.5,10.0,0,Summer,80.0,0.0,0.0,20.0,0,7,8,32,0,10220.0,8735.0,9637.0,11093.0,9972.0,10181.0,10233.92857142857,10109.57142857143,739.7139086610833,697.9488039727725,587.9699178858098
2023-08-08,11164,33813,13746,13073,71.4,72.38,10.35,45.0,0,Summer,80.0,0.0,0.0,20.0,1,8,8,32,0,9164.0,10910.0,10405.0,9541.0,9682.0,10242.285714285714,10200.142857142857,10080.714285714286,605.5495339732571,739.2910176589471,614.2142138774736
2023-08-09,10456,33745,9288,12102,69.72,72.12,11.55,50.0,0,Summer,40.0,20.0,0.0,40.0,2,9,8,32,0,11164.0,10824.0,11188.0,10093.0,10385.0,10278.57142857143,10254.357142857143,10133.642857142857,657.6016669542003,782.0619301803099,641.8171664362803
2023-08-10,11856,32387,15476,13936,72.64,74.95,11.2,50.0,0,Summer,60.0,0.0,0.0,40.0,3,10,8,32,0,10456.0,10446.0,10109.0,9463.0,10191.0,10226.0,10202.07142857143,10136.17857142857,620.387244657177,738.0727986072571,642.9862076495374
2023-08-11,10770,31081,11115,12998,71.9,73.02,11.0,50.0,0,Summer,40.0,20.0,0.0,40.0,4,11,8,32,0,11856.0,9793.0,11134.0,9884.0,10101.0,10427.42857142857,10326.857142857143,10195.642857142857,878.8029466539177,858.916388618442,720.5557636058625
2023-08-12,9809,34158,8703,11614,70.91,73.04,8.25,30.0,0,Summer,0.0,60.0,0.0,40.0,5,12,8,32,1,10770.0,10339.0,9281.0,10032.0,9346.0,10567.0,10300.857142857143,10219.535714285714,837.8804608454927,837.8552157964695,728.3507743725676
2023-08-13,10003,33297,8272,11547,70.02,70.91,10.25,40.0,0,Summer,20.0,40.0,0.0,40.0,6,13,8,32,1,9809.0,10220.0,10254.0,10260.0,9750.0,10491.285714285714,10338.57142857143,10236.07142857143,884.5633036110117,799.4189923154869,712.8757581520531
2023-08-14,9925,37369,11119,11887,71.68,73.07,7.2,25.0,0,Summer,0.0,60.0,0.0,40.0,0,14,8,33,0,10003.0,9164.0,8735.0,9637.0,11093.0,10460.285714285714,10320.642857142857,10245.107142857143,899.3343305441126,804.2614966197496,708.0738264127627
2023-08-15,10561,35975,12064,12220,72.53,75.62,7.05,20.0,0,Summer,0.0,0.0,0.0,100.0,1,15,8,33,0,9925.0,11164.0,10910.0,10405.0,9541.0,10569.0,10405.642857142857,10203.392857142857,750.1395425741281,676.5293338506601,690.4581055376672
2023-08-16,10356,33517,10040,12474,72.46,73.53,8.2,25.0,0,Summer,40.0,40.0,0.0,20.0,2,16,8,33,0,10561.0,10456.0,10824.0,11188.0,10093.0,10482.857142857143,10380.714285714286,10239.82142857143,703.6039199652496,662.806089356376,681.0595260638719
2023-08-17,10352,35661,6830,12113,71.09,72.09,8.75,35.0,0,Summer,60.0,20.0,0.0,20.0,3,17,8,33,0,10356.0,11856.0,10446.0,10109.0,9463.0,10468.57142857143,10347.285714285714,10249.214285714286,705.253348601958,650.4151843921655,680.7731637844709
2023-08-18,10447,35160,10497,11682,69.19,69.95,10.7,45.0,0,Summer,60.0,20.0,0.0,20.0,4,18,8,33,0,10352.0,10770.0,9793.0,11134.0,9884.0,10253.714285714286,10340.57142857143,10280.964285714286,353.50139758596214,649.8026581243552,663.2527300075369
2023-08-19,9694,36997,9336,11596,70.55,72.4,7.75,25.0,0,Summer,60.0,20.0,0.0,20.0,5,19,8,33,1,10447.0,9809.0,10339.0,9281.0,10032.0,10207.57142857143,10387.285714285714,10301.07142857143,290.3112451277244,630.6350192246757,659.2947931984905
2023-08-20,9980,34623,11894,12130,71.03,71.59,8.5,25.0,0,Summer,60.0,40.0,0.0,0.0,6,20,8,33,1,9694.0,10003.0,10220.0,10254.0,10260.0,10191.142857142857,10341.214285714286,10289.0,318.50977408937865,657.4253018195378,667.4477646367055
2023-08-21,9783,33869,10170,11657,66.37,69.35,12.2,55.0,0,Summer,40.0,40.0,0.0,20.0,0,21,8,34,0,9980.0,9925.0,9164.0,8735.0,9637.0,10187.857142857143,10324.07142857143,10279.0,320.88389830352514,663.9261386497761,669.9910447162833
2023-08-22,10477,35979,9871,12319,69.64,73.24,10.5,45.0,0,Summer,60.0,20.0,0.0,20.0,1,22,8,34,0,9783.0,10561.0,11164.0,10910.0,10405.0,10167.57142857143,10368.285714285714,10284.214285714286,343.9316100345292,598.0736291912953,665.3616870568903
2023-08-23,10046,35210,10174,11849,70.19,71.96,10.4,40.0,0,Summer,20.0,60.0,0.0,20.0,2,23,8,34,0,10477.0,10356.0,10456.0,10824.0,11188.0,10155.57142857143,10319.214285714286,10286.785714285714,329.06071230237075,554.349400867127,665.984615390269
2023-08-24,10042,36552,8096,11440,70.81,71.05,7.75,20.0,0,Summer,80.0,0.0,0.0,20.0,3,24,8,34,0,10046.0,10352.0,11856.0,10446.0,10109.0,10111.285714285714,10289.92857142857,10246.0,318.2743650194956,557.3888939697899,643.3325273455075
2023-08-25,9899,34252,7501,10902,69.24,70.01,8.6,25.0,0,Summer,20.0,60.0,0.0,20.0,4,25,8,34,0,10042.0,10447.0,10770.0,9793.0,11134.0,10067.0,10160.357142857143,10243.607142857143,300.25544680042935,329.6521726684825,643.9852390352247
2023-08-26,9740,32767,9983,11727,69.87,70.57,9.0,30.0,0,Summer,20.0,40.0,0.0,40.0,5,26,8,34,1,9899.0,9694.0,9809.0,10339.0,9281.0,9988.714285714286,10098.142857142857,10199.5,252.27082952367732,284.89832387196594,622.6835888730892
2023-08-27,10778,32848,11560,13136,72.53,74.66,10.35,40.0,0,Summer,20.0,20.0,0.0,60.0,6,27,8,34,1,9740.0,9980.0,10003.0,10220.0,10254.0,9995.285714285714,10093.214285714286,10215.892857142857,243.77018841912863,290.82037241395244,603.3491305044214
2023-08-28,9533,33468,7794,11091,69.94,72.42,7.65,20.0,0,Summer,40.0,60.0,0.0,0.0,0,28,8,35,0,10778.0,9783.0,9925.0,9164.0,8735.0,10109.285714285714,10148.57142857143,10234.607142857143,382.53092000764667,341.64595130625077,612.6300520606611
2023-08-29,9122,33160,5771,10332,69.79,71.7,5.0,0.0,0,Summer,40.0,60.0,0.0,0.0,1,29,8,35,0,9533.0,10477.0,10561.0,11164.0,10910.0,10073.57142857143,10120.57142857143,10263.107142857143,427.14043636834987,375.740645880948,556.2509651617723
2023-08-30,10322,32513,12331,12047,73.5,74.44,5.2,0.0,0,Summer,40.0,0.0,0.0,60.0,2,30,8,35,0,9122.0,10046.0,10356.0,10456.0,10824.0,9880.0,10017.785714285714,10199.25,512.3699835080047,437.7048845216057,581.3040018721797
2023-08-31,9051,30556,9940,10703,70.76,74.41,4.75,0.0,0,Summer,40.0,40.0,0.0,20.0,3,31,8,35,0,10322.0,10042.0,10352.0,11856.0,10446.0,9919.42857142857,10015.357142857143,10181.32142857143,537.2869677502688,435.7740429207813,568.931490607885
2023-09-01,9532,29430,12148,11096,68.79,71.36,9.55,35.0,0,Autumn,60.0,0.0,0.0,40.0,4,1,9,35,0,9051.0,9899.0,10447.0,10770.0,9793.0,9777.857142857143,9922.42857142857,10131.5,623.2857634000128,493.3748324293993,604.8419750768254
2023-09-02,8417,26388,7266,9745,65.74,67.34,9.95,35.0,0,Autumn,0.0,60.0,20.0,20.0,5,2,9,35,1,9532.0,9740.0,9694.0,9809.0,10339.0,9725.42857142857,9857.07142857143,10122.17857142857,626.8226376317414,478.9331837589783,612.2181318821843
2023-09-03,9007,30614,8633,11039,69.0,71.71,9.25,35.0,0,Autumn,40.0,20.0,40.0,0.0,6,3,9,35,1,8417.0,10778.0,9980.0,10003.0,10220.0,9536.42857142857,9765.857142857143,10053.535714285714,797.8268101835231,614.731568327936,689.835969882651
2023-09-04,9009,32857,8418,10748,69.61,70.57,8.45,30.0,0,Autumn,40.0,40.0,0.0,20.0,0,4,9,36,0,9007.0,9533.0,9783.0,9925.0,9164.0,9283.42857142857,9696.357142857143,10010.214285714286,593.0005219623488,643.0107795654675,716.5650241690963
2023-09-05,10209,34956,13238,12272,69.7,72.86,10.85,45.0,0,Autumn,20.0,0.0,0.0,80.0,1,5,9,36,0,9009.0,9122.0,10477.0,10561.0,11164.0,9208.57142857143,9641.07142857143,10004.67857142857,589.3071799842186,667.7850257825282,723.9055623681428
2023-09-06,9316,31270,8705,10843,68.55,69.74,8.1,30.0,0,Autumn,20.0,0.0,40.0,40.0,2,6,9,36,0,10209.0,10322.0,10046.0,10356.0,10456.0,9363.857142857143,9621.92857142857,9970.57142857143,696.2117562378618,645.4464721041404,688.9124240731567
2023-09-07,9192,35208,7461,10580,66.13,69.33,11.3,50.0,0,Autumn,20.0,80.0,0.0,0.0,3,7,9,36,0,9316.0,9051.0,10042.0,10352.0,11856.0,9220.142857142857,9569.785714285714,9929.857142857143,554.9685962801342,637.9960427381087,692.8368261899
2023-09-08,8960,32922,6012,9754,66.92,68.83,8.1,25.0,0,Autumn,0.0,60.0,20.0,20.0,4,8,9,36,0,9192.0,9532.0,9899.0,10447.0,10770.0,9240.285714285714,9509.07142857143,9834.714285714286,550.3458652779822,629.9960273728199,594.4671973097231
2023-09-09,9126,33472,8541,10666,68.32,69.57,9.8,45.0,0,Autumn,20.0,60.0,0.0,20.0,5,9,9,36,1,8960.0,8417.0,9740.0,9694.0,9809.0,9158.57142857143,9442.0,9770.07142857143,542.2185466958433,635.2522212597366,587.3646686414534
2023-09-10,9407,33150,10335,10707,67.64,69.31,10.75,45.0,0,Autumn,40.0,40.0,20.0,0.0,6,10,9,36,1,9126.0,9007.0,10778.0,9980.0,10003.0,9259.857142857143,9398.142857142857,9745.67857142857,436.5254588113683,634.2902583740188,599.7400087057384
2023-09-11,10243,30073,12698,11462,70.6,71.4,8.4,30.0,0,Autumn,20.0,20.0,0.0,60.0,0,11,9,37,0,9407.0,9009.0,9533.0,9783.0,9925.0,9317.0,9300.214285714286,9724.392857142857,423.9072225538655,495.52042239552867,600.8444883714761
2023-09-12,8738,28394,7270,10163,69.05,69.6,7.3,15.0,0,Autumn,60.0,40.0,0.0,0.0,1,12,9,37,0,10243.0,10209.0,9122.0,10477.0,10561.0,9493.285714285714,9350.92857142857,9735.75,520.1377107028835,554.0532415802162,607.7426127345068
2023-09-13,8985,29533,9022,11136,67.68,70.89,10.1,40.0,0,Autumn,0.0,40.0,40.0,20.0,2,13,9,37,0,8738.0,9316.0,10322.0,10046.0,10356.0,9283.142857142857,9323.5,9670.642857142857,478.2518264720049,575.3537707693538,613.6791425061824
2023-09-14,9470,32426,7135,10798,68.8,71.1,9.75,35.0,0,Autumn,20.0,20.0,0.0,60.0,3,14,9,37,0,8985.0,9192.0,9051.0,10042.0,10352.0,9235.857142857143,9228.0,9621.67857142857,490.6639816179114,503.3206654884646,611.6619166374387
2023-09-15,9386,30628,9474,10891,67.2,68.68,11.05,50.0,0,Autumn,80.0,20.0,0.0,0.0,4,15,9,37,0,9470.0,8960.0,9532.0,9899.0,10447.0,9275.57142857143,9257.92857142857,9590.17857142857,497.72243173039556,504.44233706998483,595.146172743514
2023-09-16,8957,30193,9161,10179,67.94,68.81,8.9,35.0,0,Autumn,0.0,60.0,20.0,20.0,5,16,9,37,1,9386.0,9126.0,8417.0,9740.0,9694.0,9336.42857142857,9247.5,9552.285714285714,478.3739322408968,499.82854752718384,571.894632689893
2023-09-17,9660,29524,9359,10944,69.51,72.2,8.8,35.0,0,Autumn,100.0,0.0,0.0,0.0,6,17,9,37,1,8957.0,9407.0,9007.0,10778.0,9980.0,9312.285714285714,9286.07142857143,9525.964285714286,494.7483246681124,449.0676605327071,582.0015579808191
2023-09-18,9173,28912,12366,10400,67.09,69.04,10.2,40.0,0,Autumn,20.0,80.0,0.0,0.0,0,18,9,38,0,9660.0,10243.0,9009.0,9533.0,9783.0,9348.42857142857,9332.714285714286,9514.535714285714,511.76910716417626,451.75613376650074,575.8651129447902
2023-09-19,9438,27571,8327,10923,69.64,71.69,8.2,35.0,0,Autumn,40.0,20.0,20.0,20.0,1,19,9,38,0,9173.0,8738.0,10209.0,9122.0,10477.0,9195.57142857143,9344.42857142857,9492.75,326.19158845830424,444.7889238877675,576.8702675260649
2023-09-20,8596,26525,7951,10327,69.9,70.79,6.55,15.0,0,Autumn,0.0,40.0,20.0,40.0,2,20,9,38,0,9438.0,8985.0,9316.0,10322.0,10046.0,9295.57142857143,9289.357142857143,9455.642857142857,263.8830909972917,371.14119377177775,543.6752989495384
2023-09-21,8888,30562,8606,10494,68.97,71.01,7.85,20.0,0,Autumn,20.0,40.0,0.0,40.0,3,21,9,38,0,8596.0,9470.0,9192.0,9051.0,10042.0,9240.0,9237.92857142857,9403.857142857143,362.66007959704154,414.5155586364712,554.3134368238125
2023-09-22,9732,33014,10577,11195,66.9,69.05,12.35,60.0,0,Autumn,20.0,20.0,40.0,20.0,4,22,9,38,0,8888.0,9386.0,8960.0,9532.0,9899.0,9156.857142857143,9216.214285714286,9362.642857142857,367.81989640376355,424.9380368534851,547.9737905523554
2023-09-23,10911,29502,12656,11964,71.2,73.51,10.0,45.0,0,Autumn,40.0,0.0,0.0,60.0,5,23,9,38,1,9732.0,8957.0,9126.0,8417.0,9740.0,9206.285714285714,9271.357142857143,9356.67857142857,422.8729968070442,438.99003092644693,542.8041767881543
2023-09-24,8479,28729,8307,10261,67.14,68.4,8.9,35.0,0,Autumn,0.0,40.0,40.0,20.0,6,24,9,38,1,10911.0,9660.0,9407.0,9007.0,10778.0,9485.42857142857,9398.857142857143,9398.5,749.5989721495198,616.7515217334189,613.888305681003
2023-09-25,9386,29296,6101,10739,69.3,71.79,8.3,30.0,0,Autumn,20.0,0.0,40.0,40.0,0,25,9,39,0,8479.0,9173.0,10243.0,9009.0,9533.0,9316.714285714286,9332.57142857143,9316.392857142857,832.1221293147037,663.8772725188633,575.0647203052234
2023-09-26,8860,31527,5163,10070,67.84,69.95,7.85,20.0,0,Autumn,60.0,20.0,20.0,0.0,1,26,9,39,0,9386.0,9438.0,8738.0,10209.0,9122.0,9347.142857142857,9271.357142857143,9311.142857142857,829.8824070456053,610.8659184548815,573.6833372415605
2023-09-27,9144,31800,13395,10686,68.14,69.08,9.0,35.0,0,Autumn,40.0,20.0,40.0,0.0,2,27,9,39,0,8860.0,8596.0,8985.0,9316.0,10322.0,9264.57142857143,9280.07142857143,9301.785714285714,847.8950125935115,603.4978126639442,578.9947455236171
2023-09-28,9341,29170,8855,10866,68.17,70.0,10.9,50.0,0,Autumn,40.0,20.0,20.0,20.0,3,28,9,39,0,9144.0,8888.0,9470.0,9192.0,9051.0,9342.857142857143,9291.42857142857,9259.714285714286,799.8129840930364,598.9970738706066,543.8491659862677
2023-09-29,8721,27686,7939,10336,70.38,71.13,4.9,0.0,0,Autumn,40.0,20.0,0.0,40.0,4,29,9,39,0,9341.0,9732.0,9386.0,8960.0,9532.0,9407.57142857143,9282.214285714286,9270.07142857143,774.81155927164,597.0277894024166,542.4868613238832
2023-09-30,7723,28705,6896,9041,68.17,71.95,4.4,0.0,0,Autumn,0.0,20.0,60.0,20.0,5,30,9,39,1,8721.0,10911.0,8957.0,9126.0,8417.0,9263.142857142857,9234.714285714286,9241.107142857143,798.1339546240398,614.3383468380123,549.587949304939
2023-10-01,9429,29992,10553,10647,69.58,70.32,7.95,25.0,0,Autumn,0.0,60.0,0.0,40.0,6,1,10,39,1,7723.0,8479.0,9660.0,9407.0,9007.0,8807.714285714286,9146.57142857143,9216.32142857143,581.2067085772862,734.1000470786943,601.3430064245415
2023-10-02,10394,28339,14983,12369,69.09,71.95,12.15,55.0,0,Autumn,20.0,20.0,0.0,60.0,0,2,10,40,0,9429.0,9386.0,9173.0,10243.0,9009.0,8943.42857142857,9130.07142857143,9231.392857142857,602.1934509615289,724.2015724799834,601.1907529466964
2023-10-03,8685,26487,6045,9897,67.5,69.56,7.9,30.0,0,Autumn,40.0,40.0,20.0,0.0,1,3,10,40,0,10394.0,8860.0,9438.0,8738.0,10209.0,9087.42857142857,9217.285714285714,9280.857142857143,810.2425268899145,799.3875952706458,638.0615153373071
2023-10-04,9141,28220,7713,10547,68.69,71.08,8.35,30.0,0,Autumn,60.0,40.0,0.0,0.0,2,4,10,40,0,8685.0,9144.0,8596.0,8985.0,9316.0,9062.42857142857,9163.5,9226.42857142857,821.0570132747304,808.6731535242346,620.7210519538296
2023-10-05,9259,31574,8337,10346,68.69,71.48,7.15,25.0,0,Autumn,0.0,0.0,60.0,40.0,3,5,10,40,0,9141.0,9341.0,8888.0,9470.0,9192.0,9062.0,9202.42857142857,9220.17857142857,821.0081201384886,792.203034803394,620.666789209442
2023-10-06,9354,30431,10812,10798,69.49,71.11,8.25,25.0,0,Autumn,60.0,20.0,0.0,20.0,4,6,10,40,0,9259.0,8721.0,9732.0,9386.0,8960.0,9050.285714285714,9228.92857142857,9222.57142857143,816.9387399076546,787.064503688923,620.6832811102455
2023-10-07,5501,29252,2672,6534,58.92,60.63,9.95,40.0,1,Autumn,0.0,80.0,20.0,0.0,5,7,10,40,1,9354.0,7723.0,10911.0,8957.0,9126.0,9140.714285714286,9201.92857142857,9236.642857142857,809.413926716056,774.868372374014,618.9738948774228
2023-10-08,6050,30890,4437,7036,59.38,60.8,10.0,45.0,1,Autumn,40.0,40.0,0.0,20.0,6,8,10,40,1,5501.0,9429.0,8479.0,9660.0,9407.0,8823.285714285714,8815.5,9107.17857142857,1552.588453120115,1126.2887148643763,939.226476595859
2023-10-09,6131,30900,4589,6819,59.34,60.34,9.75,35.0,1,Autumn,60.0,20.0,0.0,20.0,0,9,10,41,0,6050.0,10394.0,9386.0,9173.0,10243.0,8340.57142857143,8642.0,8987.285714285714,1832.86286604162,1347.481068798118,1100.0323179475913
2023-10-10,5614,32197,4847,6423,58.87,62.71,9.5,35.0,1,Autumn,40.0,40.0,20.0,0.0,1,10,10,41,0,6131.0,8685.0,8860.0,9438.0,8738.0,7731.571428571428,8409.5,8840.42857142857,1742.8801696371193,1483.2128718012875,1196.4390507319858
2023-10-11,5770,30109,3551,6792,60.44,62.14,7.8,25.0,1,Autumn,0.0,40.0,20.0,40.0,2,11,10,41,0,5614.0,9141.0,9144.0,8596.0,8985.0,7292.857142857143,8177.642857142857,8728.857142857143,1846.3287382055898,1651.5313922419248,1343.025790940863
2023-10-12,6613,29204,6697,7446,60.23,62.39,11.15,55.0,1,Autumn,20.0,60.0,0.0,20.0,3,12,10,41,0,5770.0,9259.0,9341.0,8888.0,9470.0,6811.285714285715,7936.642857142857,8614.035714285714,1719.1889283696012,1743.2946530213621,1453.227174566843
2023-10-13,5858,27556,5877,6855,60.03,60.35,9.3,35.0,1,Autumn,20.0,20.0,40.0,20.0,4,13,10,41,0,6613.0,9354.0,8721.0,9732.0,9386.0,6433.285714285715,7741.785714285715,8512.0,1340.4904219831728,1726.629271979737,1490.7172273278097
2023-10-14,5805,25492,4956,6704,59.57,61.68,10.4,40.0,1,Autumn,0.0,80.0,0.0,20.0,5,14,10,41,1,5858.0,5501.0,7723.0,10911.0,8957.0,5933.857142857143,7537.285714285715,8386.0,373.2440794670512,1770.7133907236532,1561.525061764486
2023-10-15,5847,23809,6139,6942,61.77,63.92,6.6,15.0,1,Autumn,40.0,40.0,0.0,20.0,6,15,10,41,1,5805.0,6050.0,9429.0,8479.0,9660.0,5977.285714285715,7400.285714285715,8273.42857142857,329.6218612723285,1828.4944386265067,1630.9100942264727
2023-10-16,5509,25601,3706,6348,61.11,63.35,6.9,20.0,1,Autumn,40.0,40.0,20.0,0.0,0,16,10,42,0,5847.0,6131.0,10394.0,9386.0,9173.0,5948.285714285715,7144.428571428572,8137.25,331.08494090686366,1772.5390183092547,1669.576961832413
2023-10-17,6904,24172,8119,7726,61.41,61.96,11.3,45.0,1,Autumn,40.0,0.0,20.0,40.0,1,17,10,42,0,5509.0,5614.0,8685.0,8860.0,9438.0,5859.428571428572,6795.5,8006.392857142857,356.3756712342807,1550.558844665179,1727.9576327815164
2023-10-18,5991,23317,4901,6990,58.42,60.14,12.4,60.0,1,Autumn,40.0,40.0,20.0,0.0,2,18,10,42,0,6904.0,5770.0,9141.0,9144.0,8596.0,6043.714285714285,6668.285714285715,7915.892857142857,509.11482473206985,1453.643138334359,1716.5216624688837
2023-10-19,6461,23967,6531,7256,59.95,60.32,11.25,55.0,1,Autumn,0.0,20.0,40.0,40.0,3,19,10,42,0,5991.0,6613.0,9259.0,9341.0,8888.0,6075.285714285715,6443.285714285715,7822.857142857143,495.99553569425626,1274.1714912095597,1748.5906221929818
2023-10-20,5932,24009,4835,6584,59.32,62.04,8.65,30.0,1,Autumn,0.0,0.0,60.0,40.0,4,20,10,42,0,6461.0,5858.0,9354.0,8721.0,9732.0,6053.571428571428,6243.428571428572,7736.178571428572,471.240864506691,985.2190474350292,1753.980912383418
2023-10-21,6096,23448,7003,7074,60.51,61.75,9.35,40.0,1,Autumn,40.0,0.0,20.0,40.0,5,21,10,42,1,5932.0,5805.0,5501.0,7723.0,10911.0,6064.142857142857,5999.0,7600.464285714285,466.93269628202717,411.69761121137446,1740.797677569936
2023-10-22,5854,22751,3982,6491,58.84,60.45,9.95,30.0,1,Autumn,40.0,0.0,40.0,20.0,6,22,10,42,1,6096.0,5847.0,6050.0,9429.0,8479.0,6105.714285714285,6041.5,7428.5,452.7544272877202,386.25932898895246,1636.3455783702702
2023-10-23,6466,23154,8827,7341,60.47,62.06,11.75,55.0,1,Autumn,40.0,0.0,40.0,20.0,0,23,10,43,0,5854.0,5509.0,6131.0,10394.0,9386.0,6106.714285714285,6027.5,7334.75,452.0950174044886,389.466252117804,1649.0775339452805
2023-10-24,5117,21901,3682,5859,60.73,60.63,6.75,15.0,1,Autumn,0.0,0.0,80.0,20.0,1,24,10,43,0,6466.0,6904.0,5614.0,8685.0,8860.0,6243.428571428572,6051.428571428572,7230.464285714285,380.20339168355196,406.24409378659243,1606.3291135068048
2023-10-25,9648,22738,19452,11583,69.88,71.69,9.75,40.0,0,Autumn,60.0,0.0,20.0,20.0,2,25,10,43,0,5117.0,5991.0,5770.0,9141.0,9144.0,5988.142857142857,6015.928571428572,7096.785714285715,455.26894197152495,464.89162745198297,1621.3723349919778
2023-10-26,8793,19547,13334,11402,67.86,69.24,11.1,40.0,0,Autumn,60.0,0.0,0.0,40.0,3,26,10,43,0,9648.0,6461.0,6613.0,9259.0,9341.0,6510.571428571428,6292.928571428572,7114.785714285715,1456.4593891973113,1069.3949018225999,1647.5283251011713
2023-10-27,8842,21380,9748,10899,71.01,71.58,7.05,15.0,0,Autumn,20.0,0.0,0.0,80.0,4,27,10,43,0,8793.0,5932.0,5858.0,9354.0,8721.0,6843.714285714285,6448.642857142857,7095.214285714285,1691.0439294792484,1261.1144404328797,1623.1780294668863
2023-10-28,9825,25404,11191,12170,69.77,72.33,10.35,40.0,0,Autumn,0.0,0.0,40.0,60.0,5,28,10,43,1,8842.0,6096.0,5805.0,5501.0,7723.0,7259.428571428572,6661.785714285715,7099.535714285715,1784.6555089748617,1398.3123442522074,1627.8211404647636
2023-10-29,8376,30536,5620,9843,69.06,70.24,5.0,0.0,0,Autumn,40.0,0.0,20.0,40.0,6,29,10,43,1,9825.0,5854.0,5847.0,6050.0,9429.0,7792.142857142857,6948.928571428572,7174.607142857143,1930.1153185385504,1606.1452882019616,1704.3114464832547
2023-10-30,8096,32691,4527,9452,68.73,70.34,4.6,0.0,0,Autumn,40.0,40.0,20.0,0.0,0,30,10,44,0,8376.0,6466.0,5509.0,6131.0,10394.0,8152.428571428572,7129.571428571428,7137.0,1733.393671110991,1614.872593892676,1663.8615282484518
2023-10-31,7913,34235,7167,9417,69.17,72.47,4.55,0.0,0,Autumn,0.0,60.0,0.0,40.0,1,31,10,44,0,8096.0,5117.0,6904.0,5614.0,8685.0,8385.285714285714,7314.357142857143,7054.928571428572,1570.960822160094,1562.3273372732629,1550.0392092668624
2023-11-01,9548,32324,11625,11037,69.32,70.42,10.0,40.0,0,Autumn,20.0,80.0,0.0,0.0,2,1,11,44,0,7913.0,9648.0,5991.0,5770.0,9141.0,8784.714285714286,7386.428571428572,7027.357142857143,733.9467996809515,1565.2113995479576,1526.6600003320475
2023-11-02,10028,29479,12570,11849,69.97,71.65,10.15,40.0,0,Autumn,20.0,0.0,0.0,80.0,3,2,11,44,0,9548.0,8793.0,6461.0,6613.0,9259.0,8770.42857142857,7640.5,7041.892857142857,715.0736225832218,1609.3468694330575,1549.2995870126445
2023-11-03,9426,28204,8412,10628,65.77,68.68,11.45,50.0,0,Autumn,40.0,60.0,0.0,0.0,4,3,11,44,0,10028.0,8842.0,5932.0,5858.0,9354.0,8946.857142857143,7895.285714285715,7069.357142857143,859.3669042908728,1688.6517347632116,1596.1648530447374
2023-11-04,9049,26164,9400,10763,67.25,67.78,10.5,40.0,0,Autumn,20.0,0.0,60.0,20.0,5,4,11,44,1,9426.0,9825.0,6096.0,5805.0,5501.0,9030.285714285714,8144.857142857143,7071.928571428572,875.6834881557211,1633.4643155973067,1600.0350442591039
2023-11-05,9015,30084,8933,10618,68.1,69.59,10.15,40.0,0,Autumn,40.0,0.0,60.0,0.0,6,5,11,44,1,9049.0,8376.0,5854.0,5847.0,6050.0,8919.42857142857,8355.785714285714,7198.642857142857,804.5375187321108,1536.3157817710446,1611.4686242630394
2023-11-06,8009,29832,5279,9587,68.7,69.09,6.05,10.0,0,Autumn,0.0,20.0,80.0,0.0,0,6,11,45,0,9015.0,8096.0,6466.0,5509.0,6131.0,9010.714285714286,8581.57142857143,7304.535714285715,768.0246771829045,1362.8415853697995,1630.499139258214
2023-11-07,9219,31962,10047,10765,69.18,72.19,8.2,25.0,0,Autumn,20.0,0.0,40.0,40.0,1,7,11,45,0,8009.0,7913.0,5117.0,6904.0,5614.0,8998.285714285714,8691.785714285714,7371.607142857143,785.792532900323,1234.987335878508,1619.0230785371966
2023-11-08,9449,30969,10317,11283,67.04,69.1,11.75,50.0,0,Autumn,20.0,0.0,40.0,40.0,2,8,11,45,0,9219.0,9548.0,9648.0,5991.0,5770.0,9184.857142857143,8984.785714285714,7500.357142857143,623.4349547925086,686.3781396209438,1617.415616077808
2023-11-09,9277,28926,9557,10701,68.31,68.44,9.45,35.0,0,Autumn,20.0,60.0,20.0,0.0,3,9,11,45,0,9449.0,10028.0,8793.0,6461.0,6613.0,9170.714285714286,8970.57142857143,7631.75,614.888259302913,673.5273067716639,1621.071630583164
2023-11-10,9052,27872,9291,10396,67.29,69.4,9.35,35.0,0,Autumn,20.0,60.0,0.0,20.0,4,10,11,45,0,9277.0,9426.0,8842.0,5932.0,5858.0,9063.42857142857,9005.142857142857,7726.892857142857,494.0161458707099,676.1282146438047,1637.1623223055171
2023-11-11,9641,29046,9246,11353,69.93,71.92,8.4,30.0,0,Autumn,0.0,40.0,20.0,40.0,5,11,11,45,1,9052.0,9049.0,9825.0,6096.0,5805.0,9010.0,9020.142857142857,7840.964285714285,467.79660822484226,674.5580726717668,1613.2198877043168
2023-11-12,9460,30293,10086,11309,67.82,69.67,11.45,45.0,0,Autumn,20.0,40.0,0.0,40.0,6,12,11,45,1,9641.0,9015.0,8376.0,5854.0,5847.0,9094.57142857143,9007.0,7977.964285714285,525.9239036029353,659.2899443866004,1596.7137891943078
2023-11-13,9078,30490,7996,10543,67.46,68.82,9.6,35.0,0,Autumn,40.0,0.0,40.0,20.0,0,13,11,46,0,9460.0,8009.0,8096.0,6466.0,5509.0,9158.142857142857,9084.42857142857,8107.0,541.3706150661837,642.9342249269897,1563.7748488122722
2023-11-14,9093,30224,10238,10239,67.01,70.0,9.45,35.0,0,Autumn,20.0,40.0,40.0,0.0,1,14,11,46,0,9078.0,9219.0,7913.0,5117.0,6904.0,9310.857142857143,9154.57142857143,8234.464285714286,216.46202790281808,576.9886966345213,1487.7760554834542
2023-11-15,9512,29319,9990,11353,68.41,70.56,11.1,50.0,0,Autumn,0.0,20.0,40.0,40.0,2,15,11,46,0,9093.0,9449.0,9548.0,9648.0,5991.0,9292.857142857143,9238.857142857143,8312.642857142857,230.17777808424697,454.95069168886283,1472.7111610975276
2023-11-16,8987,29890,7672,10298,70.55,71.93,6.05,15.0,0,Autumn,80.0,0.0,20.0,0.0,3,16,11,46,0,9512.0,9277.0,10028.0,8793.0,6461.0,9301.857142857143,9236.285714285714,8438.392857142857,238.3858417016426,453.16721800299104,1416.3774433989597
2023-11-17,8605,29759,6832,9934,68.3,68.86,7.95,30.0,0,Autumn,20.0,0.0,60.0,20.0,4,17,11,46,0,8987.0,9052.0,9426.0,8842.0,5932.0,9260.42857142857,9161.92857142857,8528.607142857143,266.9175010765395,394.93065881844694,1365.289043858656
2023-11-18,9714,30887,12788,11587,68.09,69.9,12.85,60.0,0,Autumn,0.0,0.0,40.0,60.0,5,18,11,46,1,8605.0,9641.0,9049.0,9825.0,6096.0,9196.57142857143,9103.285714285714,8624.07142857143,361.7249678705438,413.233297595691,1266.9104130557348
2023-11-19,9362,29107,10594,11272,69.69,71.17,8.95,35.0,0,Autumn,40.0,0.0,0.0,60.0,6,19,11,46,1,9714.0,9460.0,9015.0,8376.0,5854.0,9207.0,9150.785714285714,8753.285714285714,377.3866275673532,443.6162892500229,1181.1164792543507
2023-11-20,8715,29147,5381,9817,68.44,67.23,9.05,30.0,0,Autumn,20.0,80.0,0.0,0.0,0,20,11,47,0,9362.0,9078.0,8009.0,8096.0,6466.0,9193.0,9175.57142857143,8878.57142857143,368.1412772292639,445.13726738303234,1039.7853919803424
2023-11-21,9086,29676,10738,10578,67.23,68.44,10.3,40.0,0,Autumn,20.0,20.0,20.0,40.0,1,21,11,47,0,8715.0,9093.0,9219.0,7913.0,5117.0,9141.142857142857,9226.0,8958.892857142857,410.2037821097432,327.1729723650736,927.2971611799138
2023-11-22,9483,30292,8859,11307,69.99,70.9,9.95,35.0,0,Autumn,40.0,0.0,20.0,40.0,2,22,11,47,0,9086.0,9512.0,9449.0,9548.0,9648.0,9140.142857142857,9216.5,9100.642857142857,410.3492124891566,329.31578251797845,541.2663624615188
2023-11-23,9376,30066,8447,11080,67.69,70.14,11.2,50.0,0,Autumn,40.0,60.0,0.0,0.0,3,23,11,47,0,9483.0,8987.0,9277.0,10028.0,8793.0,9136.0,9218.92857142857,9094.75,406.0935852731423,331.2817681221737,535.9586513211399
2023-11-24,8838,30621,8628,10316,68.02,69.16,7.7,20.0,0,Autumn,80.0,0.0,20.0,0.0,4,24,11,47,0,9376.0,8605.0,9052.0,9426.0,8842.0,9191.57142857143,9226.0,9115.57142857143,408.91191274031894,333.6647326976545,535.1256293184695
2023-11-25,8591,28894,9097,10158,66.97,69.73,9.7,35.0,0,Autumn,0.0,40.0,60.0,0.0,5,25,11,47,1,8838.0,9714.0,9641.0,9049.0,9825.0,9224.857142857143,9210.714285714286,9115.42857142857,359.73250644120185,346.88890453278594,535.2018953470902
2023-11-26,9044,30436,9155,10354,67.45,67.7,9.6,40.0,0,Autumn,0.0,20.0,40.0,40.0,6,26,11,47,1,8591.0,9362.0,9460.0,9015.0,8376.0,9064.42857142857,9135.714285714286,9071.357142857143,355.6209860431214,359.96419235844576,525.3238305885017
2023-11-27,9540,29712,11240,11318,70.57,72.36,8.35,25.0,0,Autumn,20.0,20.0,0.0,60.0,0,27,11,48,0,9044.0,8715.0,9078.0,8009.0,8096.0,9019.0,9106.0,9095.214285714286,330.7113545072154,348.110725090634,507.4390572526381
2023-11-28,8404,28924,6675,9905,67.18,70.28,8.15,25.0,0,Autumn,20.0,60.0,20.0,0.0,1,28,11,48,0,9540.0,9086.0,9093.0,9219.0,7913.0,9136.857142857143,9139.0,9146.785714285714,350.71661331784304,366.6564101130256,474.43083694851384
2023-11-29,9197,30768,8798,10610,72.22,74.25,4.8,0.0,0,Autumn,0.0,20.0,0.0,80.0,2,29,11,48,0,8404.0,9483.0,9512.0,9449.0,9548.0,9039.42857142857,9089.785714285714,9164.32142857143,448.34133467811023,416.1989499435539,434.5358574107658
2023-11-30,8776,29654,6623,9890,70.35,72.18,4.85,0.0,0,Autumn,60.0,40.0,0.0,0.0,3,30,11,48,0,9197.0,9376.0,8987.0,9277.0,10028.0,8998.57142857143,9067.285714285714,9151.785714285714,412.8049810515253,399.8098449112582,428.07219511766067
2023-12-01,9466,29728,14895,11626,70.12,70.72,10.5,40.0,0,Winter,40.0,0.0,20.0,40.0,4,1,12,48,0,8776.0,8838.0,8605.0,9052.0,9426.0,8912.857142857143,9052.214285714286,9107.07142857143,382.5582433091847,406.9817948247003,397.4510385473629
2023-12-02,10362,28343,11352,11816,70.0,71.88,10.3,45.0,0,Winter,80.0,0.0,20.0,0.0,5,2,12,48,1,9466.0,8591.0,9714.0,9641.0,9049.0,9002.57142857143,9113.714285714286,9108.5,432.4595769714011,399.1829017017619,398.7097245421708
2023-12-03,9483,27230,7488,11143,68.96,71.04,9.05,35.0,0,Winter,40.0,0.0,40.0,20.0,6,3,12,48,1,10362.0,9044.0,9362.0,9460.0,9015.0,9255.57142857143,9160.0,9155.392857142857,626.1948198292148,499.1833330551477,463.414328594982
2023-12-04,9687,30119,9224,11150,68.95,70.99,10.5,40.0,0,Winter,40.0,0.0,20.0,40.0,0,4,12,49,0,9483.0,9540.0,8715.0,9078.0,8009.0,9318.285714285714,9168.642857142857,9172.107142857143,623.4513384607977,503.9742983591916,466.5920844597247
2023-12-05,9129,32381,11034,10942,69.55,71.62,8.9,35.0,0,Winter,40.0,0.0,20.0,40.0,1,5,12,49,0,9687.0,8404.0,9086.0,9093.0,9219.0,9339.285714285714,9238.07142857143,9232.035714285714,634.5412291006468,503.62447308500776,416.77140747021264
2023-12-06,11327,32452,14588,12701,71.17,72.14,11.55,55.0,0,Winter,0.0,0.0,0.0,100.0,2,6,12,49,0,9129.0,9197.0,9483.0,9512.0,9449.0,9442.857142857143,9241.142857142857,9228.82142857143,501.7015808131975,502.7560743837035,417.22247849425924
2023-12-07,9915,29068,8240,11461,71.69,72.62,7.05,20.0,0,Winter,60.0,0.0,0.0,40.0,3,7,12,49,0,11327.0,8776.0,9376.0,8987.0,9277.0,9747.142857142857,9372.857142857143,9295.892857142857,851.6304810130115,751.1709686721512,575.0339338963564
2023-12-08,9430,30436,7334,10967,69.95,72.02,8.9,30.0,0,Winter,60.0,0.0,40.0,0.0,4,8,12,49,0,9915.0,9466.0,8838.0,8605.0,9052.0,9909.857142857143,9411.357142857143,9318.67857142857,736.135501243113,765.0293716978917,586.7780231166994
2023-12-09,8769,32403,4197,10302,66.96,69.19,9.95,35.0,0,Winter,0.0,0.0,60.0,40.0,5,9,12,49,1,9430.0,10362.0,8591.0,9714.0,9641.0,9904.714285714286,9453.642857142857,9332.17857142857,739.8695187408912,747.0498497570339,584.7601631547258
2023-12-10,9624,33344,10920,10770,67.93,69.61,9.75,35.0,0,Winter,20.0,0.0,80.0,0.0,6,10,12,49,1,8769.0,9483.0,9044.0,9362.0,9460.0,9677.142857142857,9466.357142857143,9301.035714285714,816.7677002614975,732.6141399277018,590.8920740048364
2023-12-11,8767,32475,7972,9679,65.11,67.9,11.0,40.0,0,Winter,0.0,0.0,100.0,0.0,0,11,12,50,0,9624.0,9687.0,9540.0,8715.0,9078.0,9697.285714285714,9507.785714285714,9306.892857142857,812.9113757119427,723.2321872699821,593.3339163097203
2023-12-12,9584,29698,14299,11853,69.15,71.1,11.85,55.0,0,Winter,0.0,0.0,60.0,40.0,1,12,12,50,0,8767.0,9129.0,8404.0,9086.0,9093.0,9565.857142857143,9452.57142857143,9295.785714285714,885.9421404304336,749.6095100667056,600.6433808005504
2023-12-13,10508,28180,9898,11992,71.76,73.26,8.55,25.0,0,Winter,20.0,0.0,0.0,80.0,2,13,12,50,0,9584.0,11327.0,9197.0,9483.0,9512.0,9630.857142857143,9536.857142857143,9313.32142857143,864.9923754136738,686.3057019168212,601.6702710616578
2023-12-14,9745,28734,9436,11385,70.73,73.22,7.3,20.0,0,Winter,40.0,0.0,0.0,60.0,3,14,12,50,0,10508.0,9915.0,8776.0,9376.0,8987.0,9513.857142857143,9630.5,9348.892857142857,617.2420996041933,724.7307988275714,641.9457309061368
2023-12-15,9090,30080,8825,10994,68.03,70.65,10.3,40.0,0,Winter,0.0,0.0,80.0,20.0,4,15,12,50,0,9745.0,9430.0,9466.0,8838.0,8605.0,9489.57142857143,9699.714285714286,9375.964285714286,601.9841795105053,681.8483283378775,642.1019004248022
2023-12-16,9161,31737,10576,10445,66.44,69.03,10.45,40.0,0,Winter,40.0,0.0,40.0,20.0,5,16,12,50,1,9090.0,8769.0,10362.0,8591.0,9714.0,9441.0,9672.857142857143,9393.285714285714,621.0077830966791,698.9527173557005,626.8956353063716
2023-12-17,9184,31709,7194,11106,68.3,69.97,10.95,50.0,0,Winter,80.0,0.0,20.0,0.0,6,17,12,50,1,9161.0,9624.0,9483.0,9044.0,9362.0,9497.0,9587.07142857143,9373.535714285714,565.5039050852349,681.3451022438408,625.1259714319765
2023-12-18,10282,30024,11993,11890,71.16,73.67,9.35,35.0,0,Winter,40.0,0.0,20.0,40.0,0,18,12,51,0,9184.0,8767.0,9687.0,9540.0,8715.0,9434.142857142857,9565.714285714286,9367.17857142857,573.4327710003402,689.495627092908,626.1518602674948
2023-12-19,9249,29564,10314,11331,71.06,72.1,7.9,30.0,0,Winter,20.0,0.0,20.0,60.0,1,19,12,51,0,10282.0,9584.0,9129.0,8404.0,9086.0,9650.57142857143,9608.214285714286,9423.142857142857,565.5150623230692,715.3978106428253,635.6580558926356
2023-12-20,8916,32620,8567,10632,70.11,71.67,8.0,25.0,0,Winter,0.0,0.0,80.0,20.0,2,20,12,51,0,9249.0,10508.0,11327.0,9197.0,9483.0,9602.714285714286,9616.785714285714,9428.964285714286,585.895244984305,709.9123649677372,633.1977329773536
2023-12-21,10693,34590,10543,12396,71.81,74.95,9.35,30.0,0,Winter,20.0,0.0,0.0,80.0,3,21,12,51,0,8916.0,9745.0,9915.0,8776.0,9376.0,9375.285714285714,9444.57142857143,9408.714285714286,474.27267624074534,533.6911688760586,640.4308073848887
2023-12-22,9783,31825,9949,11691,68.72,70.25,10.75,50.0,0,Winter,20.0,0.0,40.0,40.0,4,22,12,51,0,10693.0,9090.0,9430.0,9466.0,8838.0,9510.714285714286,9500.142857142857,9455.75,685.6752667469896,619.9738030623091,684.7672556748641
2023-12-23,9588,32807,6393,11032,67.77,68.39,9.6,40.0,0,Winter,20.0,0.0,80.0,0.0,5,23,12,51,1,9783.0,9161.0,8769.0,10362.0,8591.0,9609.714285714286,9525.357142857143,9489.5,664.5092711381479,624.0663928120048,676.4299257458116
2023-12-24,10491,31829,12181,11920,70.09,72.76,9.25,35.0,0,Winter,40.0,0.0,20.0,40.0,6,24,12,51,1,9588.0,9184.0,9624.0,9483.0,9044.0,9670.714285714286,9583.857142857143,9525.107142857143,635.4152747837834,584.8669614855877,653.2242164710109
2023-12-25,8639,32483,7908,9871,67.47,71.27,8.1,25.0,0,Winter,20.0,0.0,80.0,0.0,0,25,12,52,0,10491.0,10282.0,8767.0,9687.0,9540.0,9857.42857142857,9645.785714285714,9576.785714285714,660.1082883746627,633.3370932026572,670.7557019066255
2023-12-26,9687,31478,9252,11544,70.89,72.4,8.0,25.0,0,Winter,20.0,0.0,40.0,40.0,1,26,12,52,0,8639.0,9249.0,9584.0,9129.0,8404.0,9622.714285714286,9636.642857142857,9544.607142857143,767.3688192530927,647.7588116127764,693.8019964784615
2023-12-27,6136,27754,4281,7180,60.79,61.74,10.4,40.0,1,Winter,20.0,0.0,60.0,20.0,2,27,12,52,0,9687.0,8916.0,10508.0,11327.0,9197.0,9685.285714285714,9644.0,9590.42857142857,749.4657462231908,647.6998355126352,657.0769969297494
2023-12-28,6029,35655,3604,7006,61.31,64.26,7.6,25.0,1,Winter,20.0,0.0,40.0,40.0,3,28,12,52,0,6136.0,10693.0,9745.0,9915.0,8776.0,9288.142857142857,9331.714285714286,9481.107142857143,1542.279960380237,1097.1273980138146,924.9807341051209
2023-12-29,6267,33798,4955,6941,64.13,65.35,4.1,0.0,1,Winter,0.0,0.0,40.0,60.0,4,29,12,52,0,6029.0,9783.0,9090.0,9430.0,9466.0,8621.857142857143,9066.285714285714,9383.0,1817.1679823809584,1397.7656581719577,1126.306319757626
2023-12-30,5316,31835,4052,6223,61.89,62.96,4.95,0.0,1,Winter,40.0,0.0,40.0,20.0,5,30,12,52,1,6267.0,9588.0,9161.0,8769.0,10362.0,8119.571428571428,8864.642857142857,9268.75,1925.42894417001,1585.1458368793349,1270.5840192604517
2023-12-31,5783,31590,3292,6400,62.28,64.03,4.8,0.0,1,Winter,40.0,0.0,20.0,40.0,6,31,12,52,1,5316.0,10491.0,9184.0,9624.0,9483.0,7509.285714285715,8590.0,9088.535714285714,2055.0851332151524,1842.1135854063234,1454.3426281859365
2024-01-01,6030,30622,4612,6934,60.4,61.86,8.95,35.0,1,Winter,80.0,0.0,0.0,20.0,0,1,1,1,0,5783.0,8639.0,10282.0,8767.0,9687.0,6836.714285714285,8347.07142857143,8956.392857142857,1646.3710309127239,1977.0643530355933,1579.8508213514708
2024-01-02,6106,27866,5073,7175,61.93,63.87,7.5,25.0,1,Winter,40.0,0.0,20.0,40.0,1,2,1,1,0,6030.0,9687.0,9249.0,9584.0,9129.0,6464.0,8043.357142857143,8825.785714285714,1454.496934796838,1983.5411848177598,1666.026885140403
2024-01-03,6268,28366,5994,7110,60.26,62.04,10.3,40.0,1,Winter,60.0,0.0,40.0,0.0,2,3,1,1,0,6106.0,6136.0,8916.0,10508.0,11327.0,5952.428571428572,7818.857142857143,8717.82142857143,316.719043287628,2014.2155891464456,1741.873726204739
2024-01-04,5661,25711,5880,6430,59.55,63.04,9.0,35.0,1,Winter,20.0,0.0,60.0,20.0,3,4,1,1,0,6268.0,6029.0,10693.0,9745.0,9915.0,5971.285714285715,7629.714285714285,8537.142857142857,332.9823390141218,2027.5491620169755,1723.4881665731032
2024-01-05,6598,23559,8468,7707,59.79,61.81,12.25,55.0,1,Winter,20.0,0.0,0.0,80.0,4,5,1,1,0,5661.0,6267.0,9783.0,9090.0,9430.0,5918.714285714285,7270.285714285715,8385.214285714286,350.9186583269456,1883.6522391996657,1783.9667900318568
2024-01-06,6655,23330,5825,7302,61.09,62.83,9.0,25.0,1,Winter,80.0,0.0,0.0,20.0,5,6,1,1,1,6598.0,5316.0,9588.0,9161.0,8769.0,5966.0,7042.785714285715,8284.07142857143,420.9786217850945,1743.9906130028132,1802.7205146578642
2024-01-07,6003,22634,6362,6946,60.97,62.06,8.45,35.0,1,Winter,20.0,0.0,60.0,20.0,6,7,1,1,1,6655.0,5783.0,10491.0,9184.0,9624.0,6157.285714285715,6833.285714285715,8208.57142857143,378.4678384776937,1583.5048968165336,1825.7798420801164
2024-01-08,5620,23578,6349,7143,61.2,62.41,9.6,40.0,1,Winter,40.0,0.0,20.0,40.0,0,8,1,2,0,6003.0,6030.0,8639.0,10282.0,8767.0,6188.714285714285,6512.714285714285,8079.25,350.29212298971777,1191.9317500190598,1849.8906799532353
2024-01-09,8533,25413,11487,10083,66.17,69.09,9.5,40.0,0,Winter,20.0,0.0,80.0,0.0,1,9,1,2,0,5620.0,6106.0,9687.0,9249.0,9584.0,6130.142857142857,6297.071428571428,7966.857142857143,410.3776425731342,1041.2248308371552,1901.4398971673415
2024-01-10,8277,24166,13423,10060,67.37,69.23,8.2,30.0,0,Winter,40.0,0.0,60.0,0.0,2,10,1,2,0,8533.0,6268.0,6136.0,8916.0,10508.0,6476.857142857143,6214.642857142857,7929.321428571428,995.1652171995737,759.8875025184553,1878.570241464628
2024-01-11,9323,24308,12258,11324,68.2,70.67,11.05,40.0,0,Winter,0.0,0.0,60.0,40.0,3,11,1,2,0,8277.0,5661.0,6029.0,10693.0,9745.0,6763.857142857143,6367.571428571428,7849.642857142857,1194.6012484746536,937.5208481199502,1811.2533048669932
2024-01-12,8508,23753,8417,10648,68.96,69.2,8.8,25.0,0,Winter,60.0,0.0,20.0,20.0,4,12,1,2,0,9323.0,6598.0,6267.0,9783.0,9090.0,7287.0,6602.857142857143,7834.571428571428,1413.0110874771576,1217.5380491381356,1796.594338444627
2024-01-13,9926,28303,8805,11844,69.85,71.47,10.75,40.0,0,Winter,60.0,0.0,0.0,40.0,5,13,1,2,1,8508.0,6655.0,5316.0,9588.0,9161.0,7559.857142857143,6762.928571428572,7813.785714285715,1441.9064265260706,1313.516563936843,1784.8601015235488
2024-01-14,8990,29311,8806,10186,69.22,71.73,6.55,15.0,0,Winter,60.0,0.0,40.0,0.0,6,14,1,2,1,9926.0,6003.0,5783.0,10491.0,9184.0,8027.142857142857,7092.214285714285,7841.107142857143,1618.9471299347108,1489.001894846783,1811.896414733728
2024-01-15,8671,31230,8628,10523,68.29,70.79,7.6,15.0,0,Winter,80.0,0.0,0.0,20.0,0,15,1,3,0,8990.0,5620.0,6030.0,8639.0,10282.0,8453.857142857143,7321.285714285715,7834.178571428572,1371.2088861744685,1518.490213163286,1806.9352209908393
2024-01-16,9078,30333,8477,10437,65.97,67.25,12.3,55.0,0,Winter,20.0,0.0,80.0,0.0,1,16,1,3,0,8671.0,8533.0,6106.0,9687.0,9249.0,8889.714285714286,7509.928571428572,7776.642857142857,572.6964624434521,1509.7546140037584,1750.8849871123202
2024-01-17,8736,30081,8462,10122,66.81,67.95,10.1,35.0,0,Winter,60.0,0.0,40.0,0.0,2,17,1,3,0,9078.0,8277.0,6268.0,6136.0,8916.0,8967.57142857143,7722.214285714285,7770.535714285715,552.8203014672038,1506.105174515853,1745.8501374347754
2024-01-18,9429,31662,10559,11301,69.76,71.47,8.75,30.0,0,Winter,20.0,0.0,20.0,60.0,3,18,1,3,0,8736.0,9323.0,5661.0,6029.0,10693.0,9033.142857142857,7898.5,7764.107142857143,479.6354270246785,1466.7215010146208,1741.802798279791
2024-01-19,7990,32637,5923,9017,66.18,67.82,7.5,25.0,0,Winter,0.0,0.0,80.0,20.0,4,19,1,3,0,9429.0,8508.0,6598.0,6267.0,9783.0,9048.285714285714,8167.642857142857,7718.964285714285,491.8301584509708,1366.8726015219243,1678.3046225535843
2024-01-20,10914,31192,14459,12846,73.18,74.82,10.25,45.0,0,Winter,0.0,0.0,0.0,100.0,5,20,1,3,1,7990.0,9926.0,6655.0,5316.0,9588.0,8974.285714285714,8267.07142857143,7654.928571428572,611.1613846564936,1292.5170115997792,1630.1496620356656
2024-01-21,8563,29075,7302,10348,66.69,68.81,11.3,45.0,0,Winter,40.0,0.0,60.0,0.0,6,21,1,3,1,10914.0,8990.0,6003.0,5783.0,10491.0,9115.42857142857,8571.285714285714,7702.285714285715,909.0646946436868,1382.0166663011512,1705.888057139781
2024-01-22,9639,29818,13735,11927,70.53,72.17,9.8,40.0,0,Winter,20.0,0.0,20.0,60.0,0,22,1,4,0,8563.0,8671.0,5620.0,6030.0,8639.0,9054.42857142857,8754.142857142857,7633.428571428572,932.8977895323195,1169.0059457072798,1626.2044522860574
2024-01-23,8370,31512,4821,9479,66.25,68.71,8.3,25.0,0,Winter,40.0,0.0,60.0,0.0,1,23,1,4,0,9639.0,9078.0,8533.0,6106.0,9687.0,9192.714285714286,9041.214285714286,7669.142857142857,938.3172374496999,763.184338914845,1659.7415397693865
2024-01-24,10051,31866,9095,11386,67.1,68.78,12.85,55.0,0,Winter,40.0,0.0,40.0,20.0,2,24,1,4,0,8370.0,8736.0,8277.0,6268.0,6136.0,9091.57142857143,9029.57142857143,7622.107142857143,989.5054079594278,772.7176531105175,1618.590386709116
2024-01-25,10028,31476,8124,11794,71.14,72.89,8.25,30.0,0,Winter,20.0,0.0,0.0,80.0,3,25,1,4,0,10051.0,9429.0,9323.0,5661.0,6029.0,9279.42857142857,9156.285714285714,7761.928571428572,1034.550281868543,785.1685197431514,1654.1658506255453
2024-01-26,9184,32925,10185,11182,70.84,72.66,8.85,30.0,0,Winter,40.0,0.0,20.0,40.0,4,26,1,4,0,10028.0,7990.0,8508.0,6598.0,6267.0,9365.0,9206.642857142857,7904.75,1073.0405397747065,818.5801598023386,1671.5488631361993
2024-01-27,9598,32092,10240,11540,67.48,70.91,11.65,55.0,0,Winter,20.0,0.0,60.0,20.0,5,27,1,4,1,9184.0,10914.0,9926.0,6655.0,5316.0,9535.57142857143,9254.92857142857,8008.928571428572,898.7926822767718,793.7605203940954,1656.5292571802786
2024-01-28,9942,29358,11343,11440,69.9,72.16,9.25,35.0,0,Winter,80.0,0.0,0.0,20.0,6,28,1,4,1,9598.0,8563.0,8990.0,6003.0,5783.0,9347.57142857143,9231.5,8161.857142857143,671.2418484031022,777.0952570062317,1595.2342383275056
2024-01-29,8802,29578,6091,10268,71.06,70.19,5.1,0.0,0,Winter,40.0,0.0,40.0,20.0,0,29,1,5,0,9942.0,9639.0,8671.0,5620.0,6030.0,9544.57142857143,9299.5,8310.392857142857,601.3212832706603,795.7654031956378,1558.7392659474538
2024-01-30,8425,29049,5170,9657,70.14,70.39,4.85,0.0,0,Winter,0.0,0.0,80.0,20.0,1,30,1,5,0,8802.0,8370.0,9078.0,8533.0,6106.0,9425.0,9308.857142857143,8409.392857142857,659.7901181436348,788.5440192720434,1495.2777108416142
