Date,Units Sold,Inventory Level,Units Ordered,Demand,Price,Competitor Pricing,Discount,Promotion,Epidemic,Seasonality,Weather_Cloudy,Weather_Rainy,Weather_Snowy,Weather_Sunny,DayOfWeek,DayOfMonth,WeekOfYear,Month,IsWeekend,UnitsSold_Lag_1,UnitsSold_Lag_7,UnitsSold_Lag_14,UnitsSold_Lag_21,UnitsSold_Lag_28,UnitsSold_RollingMean_7,UnitsSold_RollingMean_14,UnitsSold_RollingMean_28,UnitsSold_RollingStd_7,UnitsSold_RollingStd_14,UnitsSold_RollingStd_28
2022-01-29,494,1328,1089,662,54.51,52.13,3.0,0.0,0,Winter,20.0,0.0,0.0,80.0,5,29,4,1,1,339.0,494.0,544.0,378.0,509.0,444.85714285714283,474.7857142857143,440.67857142857144,78.94181099904863,79.69381654560408,105.33264893287804
2022-01-30,422,1472,683,504,45.13,47.62,4.0,0.0,0,Winter,40.0,0.0,60.0,0.0,6,30,4,1,1,494.0,429.0,471.0,493.0,258.0,444.85714285714283,471.2142857142857,440.14285714285717,78.94181099904864,77.44196692852167,105.00995165740221
2022-01-31,455,1510,441,548,49.39,45.19,5.0,0.0,0,Winter,60.0,0.0,0.0,40.0,0,31,5,1,0,422.0,397.0,609.0,267.0,208.0,443.85714285714283,467.7142857142857,446.0,79.22000709296557,78.55172580137007,98.86841236190133
2022-02-01,494,1828,141,527,43.02,45.15,4.0,0.0,0,Winter,0.0,0.0,100.0,0.0,1,1,5,2,0,455.0,577.0,545.0,280.0,375.0,452.14285714285717,456.7142857142857,454.82142857142856,76.48840559507163,67.20854864516131,87.17417795188724
2022-02-02,743,2006,341,752,47.09,47.82,17.0,100.0,0,Winter,40.0,0.0,0.0,60.0,2,2,5,2,0,494.0,482.0,392.0,487.0,431.0,440.2857142857143,453.07142857142856,459.07142857142856,58.13981506023293,63.3251247813333,86.03183242542376
2022-02-03,649,1730,1233,769,45.31,48.76,22.0,100.0,0,Winter,80.0,0.0,0.0,20.0,3,3,5,2,0,743.0,396.0,441.0,465.0,465.0,477.57142857142856,478.14285714285717,470.2142857142857,129.3868323321673,97.53094746943512,101.13993135396977
2022-02-04,571,1439,728,665,51.57,50.15,6.0,0.0,0,Winter,20.0,0.0,40.0,40.0,4,4,5,2,0,649.0,339.0,531.0,636.0,440.0,513.7142857142857,493.0,476.7857142857143,137.86190467966398,106.83632341109458,106.61782115743968
2022-02-05,509,976,155,592,46.04,47.98,7.0,0.0,0,Winter,40.0,0.0,0.0,60.0,5,5,5,2,1,571.0,494.0,494.0,544.0,378.0,546.8571428571429,495.85714285714283,481.4642857142857,114.82077130819809,108.45336264096132,107.81138610343983
2022-02-06,636,1987,735,710,49.47,52.45,5.0,0.0,0,Winter,40.0,0.0,20.0,40.0,6,6,5,2,1,509.0,422.0,429.0,471.0,493.0,549.0,496.92857142857144,486.14285714285717,113.80538944473003,108.50768443947912,105.98207894828758
2022-02-07,562,1905,960,601,42.78,43.24,17.0,100.0,0,Winter,0.0,0.0,60.0,40.0,0,7,6,2,0,636.0,455.0,397.0,609.0,267.0,579.5714285714286,511.7142857142857,491.25,102.14998310141347,112.56685437239815,109.70486501248436
2022-02-08,459,1488,0,482,42.08,43.49,5.0,0.0,0,Winter,0.0,0.0,60.0,40.0,1,8,6,2,0,562.0,494.0,577.0,545.0,280.0,594.8571428571429,523.5,501.7857142857143,87.33351508523445,108.18484893210105,101.20728898609701
2022-02-09,634,1853,959,707,51.54,52.65,6.0,0.0,0,Winter,20.0,0.0,0.0,80.0,2,9,6,2,0,459.0,743.0,482.0,392.0,487.0,589.8571428571429,515.0714285714286,508.17857142857144,94.75658037207515,108.29266917849144,91.9049644294175
2022-02-10,516,1881,125,589,51.11,52.43,3.0,0.0,0,Winter,40.0,0.0,20.0,40.0,3,10,6,2,0,634.0,649.0,396.0,441.0,465.0,574.2857142857143,525.9285714285714,513.4285714285714,71.49758570682488,112.26854089514686,94.80327724114491
2022-02-11,485,1779,820,613,38.2,42.26,19.0,100.0,0,Winter,20.0,0.0,20.0,60.0,4,11,6,2,0,516.0,571.0,339.0,531.0,636.0,555.2857142857143,534.5,515.25,65.77667845499214,105.99110993199086,94.32710030448229
2022-02-12,524,2080,416,552,43.86,44.1,8.0,0.0,0,Winter,20.0,0.0,40.0,40.0,5,12,6,2,1,485.0,509.0,494.0,494.0,544.0,543.0,544.9285714285714,509.85714285714283,70.23294573536455,91.46286702239345,91.44021089932032
2022-02-13,239,1721,0,293,38.16,39.89,7.0,0.0,0,Winter,40.0,0.0,60.0,0.0,6,13,6,2,1,524.0,636.0,422.0,429.0,471.0,545.1428571428571,547.0714285714286,509.14285714285717,69.24456313537922,90.5245094611774,91.24152493802306
2022-02-14,420,2310,382,479,36.11,35.96,20.0,100.0,0,Winter,40.0,0.0,40.0,20.0,0,14,7,2,0,239.0,562.0,455.0,397.0,609.0,488.42857142857144,534.0,500.85714285714283,123.64041564533966,118.77710217040989,104.416443392761
2022-02-15,275,1984,0,367,40.79,41.89,6.0,0.0,0,Winter,20.0,0.0,80.0,0.0,1,15,7,2,0,420.0,459.0,494.0,577.0,545.0,468.14285714285717,531.5,494.10714285714283,121.18227121630795,120.91685000604592,103.26927738099876
2022-02-16,300,1709,77,327,40.98,40.77,6.0,0.0,0,Winter,40.0,0.0,20.0,40.0,2,16,7,2,0,275.0,634.0,743.0,482.0,392.0,441.85714285714283,515.8571428571429,484.4642857142857,141.71265360043236,138.9609005012988,110.68088333812642
2022-02-17,398,1774,94,398,41.24,40.58,4.0,0.0,0,Winter,40.0,0.0,20.0,40.0,3,17,7,2,0,300.0,516.0,649.0,396.0,441.0,394.14285714285717,484.2142857142857,481.17857142857144,120.94272552387257,133.59363099249248,114.81581178095921
2022-02-18,330,1470,440,360,43.91,44.09,4.0,0.0,0,Winter,0.0,0.0,0.0,100.0,4,18,7,2,0,398.0,485.0,571.0,339.0,531.0,377.2857142857143,466.2857142857143,479.64285714285717,108.73471430614055,126.42810579165514,115.65760908683248
2022-02-19,300,1221,50,318,40.16,45.42,6.0,0.0,0,Winter,40.0,0.0,0.0,60.0,5,19,7,2,1,330.0,524.0,509.0,494.0,494.0,355.14285714285717,449.07142857142856,472.4642857142857,98.4385232373117,127.47637143692666,118.55346727605492
2022-02-20,513,1157,893,535,41.11,41.19,16.0,100.0,0,Winter,40.0,0.0,20.0,40.0,6,20,7,2,1,300.0,239.0,636.0,422.0,429.0,323.14285714285717,434.14285714285717,465.5357142857143,65.19311970708824,132.07332295873627,122.83969745095146
2022-02-21,398,988,209,407,42.92,41.08,15.0,100.0,0,Winter,40.0,0.0,40.0,20.0,0,21,8,2,0,513.0,420.0,562.0,455.0,397.0,362.2857142857143,425.35714285714283,468.5357142857143,85.38289111548052,121.26107063995134,122.9400583069162
2022-02-22,235,590,268,375,42.95,46.77,6.0,0.0,0,Winter,20.0,0.0,20.0,60.0,1,22,8,2,0,398.0,275.0,459.0,494.0,577.0,359.14285714285717,413.64285714285717,468.57142857142856,83.28350891468708,114.79453695313961,122.9186507776372
2022-02-23,753,1286,1689,849,54.35,49.68,16.0,100.0,0,Winter,0.0,0.0,40.0,60.0,2,23,8,2,0,235.0,300.0,634.0,743.0,482.0,353.42857142857144,397.64285714285717,456.35714285714283,91.03086865244639,123.28304340503934,128.6056891448559
2022-02-24,465,658,137,571,43.85,46.67,12.0,100.0,0,Winter,20.0,0.0,80.0,0.0,3,24,8,2,0,753.0,398.0,516.0,649.0,396.0,418.14285714285717,406.14285714285717,466.0357142857143,171.85597513754396,143.30862722586753,140.27498975698686
2022-02-25,350,1046,532,475,42.54,44.8,6.0,0.0,0,Winter,40.0,0.0,60.0,0.0,4,25,8,2,0,465.0,330.0,485.0,571.0,339.0,427.7142857142857,402.5,468.5,172.4120203521341,140.92974245237352,139.6035391677022
2022-02-26,622,1909,581,626,48.59,48.77,5.0,0.0,0,Winter,80.0,0.0,20.0,0.0,5,26,8,2,1,350.0,300.0,524.0,509.0,494.0,430.57142857142856,392.85714285714283,468.89285714285717,170.6798730009458,139.46152330846135,139.24062287350296
2022-02-27,581,1397,1682,858,49.75,53.68,14.0,100.0,0,Winter,0.0,0.0,40.0,60.0,6,27,8,2,1,622.0,513.0,239.0,636.0,422.0,476.57142857142856,399.85714285714283,473.4642857142857,172.99986237263988,148.70355494320663,142.16591302206322
2022-02-28,437,1474,0,498,46.02,48.03,7.0,0.0,0,Winter,40.0,0.0,60.0,0.0,0,28,9,2,0,581.0,398.0,420.0,562.0,455.0,486.2857142857143,424.2857142857143,479.14285714285717,177.2434430246661,148.33663823128208,143.20581259817905
2022-03-01,460,1856,0,496,44.35,48.51,6.0,0.0,0,Spring,0.0,20.0,0.0,80.0,1,1,9,3,0,437.0,235.0,275.0,459.0,494.0,491.85714285714283,425.5,478.5,174.59899634250334,148.36843433726838,143.35852491800648
2022-03-02,361,2507,108,446,43.55,41.61,5.0,0.0,0,Spring,80.0,20.0,0.0,0.0,2,2,9,3,0,460.0,753.0,300.0,634.0,743.0,524.0,438.7142857142857,477.2857142857143,135.84059285304468,142.03652215671022,143.3663675480249
2022-03-03,607,2254,1253,716,48.69,54.52,5.0,0.0,0,Spring,0.0,40.0,0.0,60.0,3,3,9,3,0,361.0,465.0,398.0,516.0,649.0,468.0,443.07142857142856,463.64285714285717,102.38163897887141,138.34153071611982,135.08055601661044
2022-03-04,579,1774,120,615,48.12,48.02,3.0,0.0,0,Spring,60.0,0.0,0.0,40.0,4,4,9,3,0,607.0,350.0,330.0,485.0,571.0,488.2857142857143,458.0,462.14285714285717,114.98074372942366,144.25404940323432,133.16564852502302
2022-03-05,674,1315,742,750,43.82,46.55,15.0,100.0,0,Spring,20.0,20.0,0.0,60.0,5,5,9,3,1,579.0,622.0,300.0,524.0,509.0,521.0,475.7857142857143,462.42857142857144,100.77863530199903,142.59904982498657,133.4162044051757
2022-03-06,488,1925,115,608,48.46,52.84,3.0,0.0,0,Spring,20.0,60.0,0.0,20.0,6,6,9,3,1,674.0,581.0,513.0,239.0,636.0,528.4285714285714,502.5,468.32142857142856,110.87509059426156,142.16607298400092,139.07340283340088
2022-03-07,572,1437,379,707,43.51,44.83,15.0,100.0,0,Spring,40.0,20.0,0.0,40.0,0,7,10,3,0,488.0,437.0,398.0,420.0,562.0,515.1428571428571,500.7142857142857,463.0357142857143,109.0831923677651,142.18104848906736,135.2236781103559
2022-03-08,587,1735,900,582,47.33,46.76,7.0,0.0,0,Spring,80.0,0.0,0.0,20.0,1,8,10,3,0,572.0,460.0,235.0,275.0,459.0,534.4285714285714,513.1428571428571,463.39285714285717,104.81548413419513,140.101533041004,135.5076434322856
2022-03-09,387,1356,139,539,45.14,42.73,4.0,0.0,0,Spring,0.0,40.0,0.0,60.0,2,9,10,3,0,587.0,361.0,753.0,300.0,634.0,552.5714285714286,538.2857142857143,467.9642857142857,100.6956754166685,115.82840662039574,137.49841268925076
2022-03-10,501,1108,145,560,45.18,45.91,5.0,0.0,0,Spring,0.0,100.0,0.0,0.0,3,10,10,3,0,387.0,607.0,465.0,398.0,516.0,556.2857142857143,512.1428571428571,459.14285714285717,92.6061810134981,104.37643201623403,134.33863079869374
2022-03-11,688,1652,1696,706,47.78,46.02,17.0,100.0,0,Spring,20.0,80.0,0.0,0.0,4,11,10,3,0,501.0,579.0,350.0,330.0,485.0,541.1428571428571,514.7142857142857,458.60714285714283,91.59226417740128,103.56597939435542,134.13325029976298
2022-03-12,562,1070,930,854,41.37,45.19,21.0,100.0,0,Spring,40.0,0.0,0.0,60.0,5,12,10,3,1,688.0,674.0,622.0,300.0,524.0,556.7142857142857,538.8571428571429,465.85714285714283,107.06028564273858,101.59259296353696,140.9267512090917
2022-03-13,695,1033,228,849,42.01,46.02,22.0,100.0,0,Spring,0.0,20.0,0.0,80.0,6,13,10,3,1,562.0,488.0,581.0,513.0,239.0,540.7142857142857,534.5714285714286,467.2142857142857,94.20848207692396,99.04910537064548,141.68832700890368
2022-03-14,453,1866,598,512,44.55,46.92,6.0,0.0,0,Spring,80.0,20.0,0.0,0.0,0,14,11,3,0,695.0,572.0,437.0,398.0,420.0,570.2857142857143,542.7142857142857,483.5,106.57972647383795,107.48626285854698,140.68865020425886
2022-03-15,496,2108,130,647,48.43,50.1,8.0,0.0,0,Spring,0.0,40.0,0.0,60.0,1,15,11,3,0,453.0,587.0,460.0,235.0,275.0,553.2857142857143,543.8571428571429,484.67857142857144,115.38733940618489,106.35489004913026,140.27461256840792
2022-03-16,842,1915,1656,937,51.09,48.55,14.0,100.0,0,Spring,40.0,40.0,0.0,20.0,2,16,11,3,0,496.0,387.0,361.0,753.0,300.0,540.2857142857143,546.4285714285714,492.57142857142856,116.08002165993697,104.5920384421991,134.12222965180865
2022-03-17,440,1686,227,592,50.12,50.48,3.0,0.0,0,Spring,60.0,20.0,0.0,20.0,3,17,11,3,0,842.0,501.0,607.0,465.0,398.0,605.2857142857143,580.7857142857143,511.92857142857144,140.7168721057931,117.2329558360868,144.0449848899908
2022-03-18,538,1434,174,630,47.21,43.29,15.0,100.0,0,Spring,0.0,80.0,0.0,20.0,4,18,11,3,0,440.0,688.0,579.0,350.0,330.0,596.5714285714286,568.8571428571429,513.4285714285714,149.84420480714545,122.72787730638795,143.02976343234727
2022-03-19,598,2577,522,615,46.9,51.04,6.0,0.0,0,Spring,40.0,60.0,0.0,0.0,5,19,11,3,1,538.0,562.0,674.0,622.0,300.0,575.1428571428571,565.9285714285714,520.8571428571429,145.24511302327141,122.95619250255443,138.47923076944554
2022-03-20,452,1979,323,520,48.04,47.09,5.0,0.0,0,Spring,0.0,40.0,0.0,60.0,6,20,11,3,1,598.0,695.0,488.0,581.0,513.0,580.2857142857143,560.5,531.5,145.33950401928396,119.44535280910787,132.18491537180725
2022-03-21,311,1589,85,371,40.26,42.65,5.0,0.0,0,Spring,0.0,0.0,0.0,100.0,0,21,12,3,0,452.0,453.0,572.0,437.0,398.0,545.5714285714286,557.9285714285714,529.3214285714286,142.36321756087747,121.49609951682459,133.00126804503518
2022-03-22,514,2146,128,519,37.96,35.74,19.0,100.0,0,Spring,20.0,80.0,0.0,0.0,1,22,12,3,0,311.0,496.0,587.0,460.0,235.0,525.2857142857143,539.2857142857143,526.2142857142857,165.92037677323253,138.06544076656505,137.1347963900934
2022-03-23,594,1760,790,721,42.63,46.66,16.0,100.0,0,Spring,0.0,40.0,0.0,60.0,2,23,12,3,0,514.0,842.0,387.0,361.0,753.0,527.8571428571429,534.0714285714286,536.1785714285714,165.52988508768703,137.5021478353724,124.77002654407633
2022-03-24,469,1367,724,581,47.46,53.2,4.0,0.0,0,Spring,0.0,20.0,0.0,80.0,3,24,12,3,0,594.0,440.0,501.0,607.0,465.0,492.42857142857144,548.8571428571429,530.5,101.08059019557476,131.46795874213657,117.96939339412476
2022-03-25,354,1051,301,495,47.34,51.57,4.0,0.0,0,Spring,80.0,0.0,0.0,20.0,4,25,12,3,0,469.0,538.0,688.0,579.0,350.0,496.57142857142856,546.5714285714286,530.6428571428571,99.14947830230403,132.63699117731588,117.88953218560921
2022-03-26,607,1544,179,633,48.24,48.92,3.0,0.0,0,Spring,60.0,0.0,0.0,40.0,5,26,12,3,1,354.0,598.0,562.0,674.0,622.0,470.2857142857143,522.7142857142857,530.7857142857143,110.1191994850948,135.2538516849126,117.6647331106029
2022-03-27,647,1429,1342,714,46.31,49.35,17.0,100.0,0,Spring,0.0,20.0,0.0,80.0,6,27,12,3,1,607.0,452.0,695.0,488.0,581.0,471.57142857142856,525.9285714285714,530.25,111.89706153850685,136.7853255094464,117.26753995000458
2022-03-28,551,1202,431,577,49.32,46.16,3.0,0.0,0,Spring,0.0,100.0,0.0,0.0,0,28,13,3,0,647.0,311.0,453.0,572.0,437.0,499.42857142857144,522.5,532.6071428571429,129.15476135610484,132.7639605870854,118.97629371269075
2022-03-29,542,1155,102,609,49.39,45.1,7.0,0.0,0,Spring,40.0,20.0,0.0,40.0,1,29,13,3,0,551.0,514.0,496.0,587.0,460.0,533.7142857142857,529.5,536.6785714285714,99.17276891989106,131.39415160852104,117.52511270533674
2022-03-30,596,1569,974,586,47.9,53.04,6.0,0.0,0,Spring,80.0,20.0,0.0,0.0,2,30,13,3,0,542.0,594.0,842.0,387.0,361.0,537.7142857142857,532.7857142857143,539.6071428571429,98.80909925324747,131.06673495204248,116.56132999753234
2022-03-31,498,1394,521,525,48.4,48.73,6.0,0.0,0,Spring,20.0,60.0,0.0,20.0,3,31,13,3,0,596.0,469.0,440.0,501.0,607.0,538.0,515.2142857142857,548.0,99.00168348736979,98.98731742495573,111.57857221607449
2022-04-01,712,1202,1856,931,59.0,54.27,12.0,100.0,0,Spring,40.0,20.0,0.0,40.0,4,1,13,4,0,498.0,354.0,538.0,688.0,579.0,542.1428571428571,519.3571428571429,544.1071428571429,96.2001881000043,96.78652730691294,111.34508896210382
2022-04-02,302,1284,115,455,41.15,45.86,7.0,0.0,0,Spring,0.0,60.0,0.0,40.0,5,2,13,4,1,712.0,607.0,598.0,562.0,674.0,593.2857142857143,531.7857142857143,548.8571428571429,71.49758570682509,109.6779751899085,115.64271743278114
2022-04-03,472,2012,438,506,49.12,50.75,4.0,0.0,0,Spring,80.0,0.0,0.0,20.0,6,3,13,4,1,302.0,647.0,452.0,695.0,488.0,549.7142857142857,510.64285714285717,535.5714285714286,130.4105239691367,123.58093401794302,121.93089377652753
2022-04-04,507,2751,102,568,40.85,41.54,21.0,100.0,0,Spring,40.0,60.0,0.0,0.0,0,4,14,4,0,472.0,551.0,311.0,453.0,572.0,524.7142857142857,512.0714285714286,535.0,125.32719083225624,122.96495078224142,122.1992907780837
2022-04-05,535,2346,161,613,41.54,42.34,20.0,100.0,0,Spring,60.0,40.0,0.0,0.0,1,5,14,4,0,507.0,542.0,514.0,496.0,587.0,518.4285714285714,526.0714285714286,532.6785714285714,124.89176266252466,108.63379859786794,122.08772000353419
2022-04-06,733,2410,1031,798,47.84,53.76,15.0,100.0,0,Spring,80.0,0.0,0.0,20.0,2,6,14,4,0,535.0,596.0,594.0,842.0,387.0,517.4285714285714,527.5714285714286,530.8214285714286,124.69944819826745,108.59927346811365,121.6254278882286
2022-04-07,339,1854,0,348,42.84,45.97,5.0,0.0,0,Spring,20.0,20.0,0.0,60.0,3,7,14,4,0,733.0,498.0,469.0,440.0,501.0,537.0,537.5,543.1785714285714,147.71368702098445,120.8073800598416,124.0251030657752
2022-04-08,935,1870,669,940,45.61,50.97,20.0,100.0,0,Spring,0.0,40.0,0.0,60.0,4,8,14,4,0,339.0,712.0,354.0,538.0,688.0,514.2857142857143,528.2142857142857,537.3928571428571,165.8249220168813,131.04032178709676,129.71374160783714
2022-04-09,526,1659,0,510,43.68,49.96,7.0,0.0,0,Spring,40.0,40.0,0.0,20.0,5,9,14,4,1,935.0,302.0,607.0,598.0,562.0,546.1428571428571,569.7142857142857,546.2142857142857,222.03335227800696,160.3464655394342,147.51305206353942
2022-04-10,524,1133,1197,614,48.79,53.04,5.0,0.0,0,Spring,60.0,40.0,0.0,0.0,6,10,14,4,1,526.0,472.0,647.0,452.0,695.0,578.1428571428571,563.9285714285714,544.9285714285714,195.5440517900665,160.35895517711023,147.52725512694585
2022-04-11,733,1135,897,811,48.11,49.49,18.0,100.0,0,Spring,40.0,20.0,0.0,40.0,0,11,15,4,0,524.0,507.0,551.0,311.0,453.0,585.5714285714286,555.1428571428571,538.8214285714286,191.79142937303638,158.81961569551248,144.5949780315957
2022-04-12,481,730,135,682,49.98,48.94,6.0,0.0,0,Spring,40.0,0.0,0.0,60.0,1,12,15,4,0,733.0,535.0,542.0,514.0,496.0,617.8571428571429,568.1428571428571,548.8214285714286,195.34962551916047,165.75183356352437,148.08007182587951
2022-04-13,570,1619,650,714,54.01,54.94,5.0,0.0,0,Spring,40.0,0.0,0.0,60.0,2,13,15,4,0,481.0,733.0,596.0,594.0,842.0,610.1428571428571,563.7857142857143,548.2857142857143,200.17361512066523,167.2865706005615,148.30520510903798
2022-04-14,400,1498,411,438,49.42,51.76,2.0,0.0,0,Spring,20.0,40.0,0.0,40.0,3,14,15,4,0,570.0,339.0,498.0,469.0,440.0,586.8571428571429,561.9285714285714,538.5714285714286,192.84659583153018,167.04557843512416,136.81710651420974
2022-04-15,415,1166,553,508,43.44,47.35,7.0,0.0,0,Spring,0.0,20.0,0.0,80.0,4,15,15,4,0,400.0,935.0,712.0,354.0,538.0,595.5714285714286,554.9285714285714,537.1428571428571,180.7805826067033,171.912976323986,138.08738893949354
2022-04-16,449,1892,396,484,44.3,45.32,6.0,0.0,0,Spring,20.0,60.0,0.0,20.0,5,16,15,4,1,415.0,526.0,302.0,607.0,598.0,521.2857142857143,533.7142857142857,532.75,111.6955897155513,169.34508626398988,140.00228172743783
2022-04-17,604,1517,1589,672,47.63,44.29,22.0,100.0,0,Spring,60.0,0.0,0.0,40.0,6,17,15,4,1,449.0,524.0,472.0,647.0,452.0,510.2857142857143,544.2142857142857,527.4285714285714,114.89954204392969,158.053631876811,140.26177340731533
2022-04-18,772,1318,779,814,48.51,49.22,14.0,100.0,0,Spring,80.0,0.0,0.0,20.0,0,18,16,4,0,604.0,733.0,507.0,551.0,311.0,521.7142857142857,553.6428571428571,532.8571428571429,120.3407859451847,157.34998088184324,140.17574003813243
2022-04-19,490,1459,137,513,44.81,41.88,7.0,0.0,0,Spring,40.0,20.0,0.0,40.0,1,19,16,4,0,772.0,481.0,535.0,542.0,514.0,527.2857142857143,572.5714285714286,549.3214285714286,132.0829465218912,166.95356990940462,140.2257580743038
2022-04-20,463,2298,81,500,49.0,53.97,5.0,0.0,0,Spring,20.0,20.0,0.0,60.0,2,20,16,4,0,490.0,570.0,733.0,596.0,594.0,528.5714285714286,569.3571428571429,548.4642857142857,131.60022434486598,168.16137265361272,140.5226967677402
2022-04-21,502,2501,156,525,40.59,40.06,14.0,100.0,0,Spring,0.0,100.0,0.0,0.0,3,21,16,4,0,463.0,400.0,339.0,498.0,469.0,513.2857142857143,550.0714285714286,543.7857142857143,132.19898421913624,163.36437060270373,141.12992625469641
2022-04-22,320,2155,102,418,41.9,41.17,5.0,0.0,0,Spring,0.0,80.0,0.0,20.0,4,22,16,4,0,502.0,415.0,935.0,712.0,354.0,527.8571428571429,561.7142857142857,544.9642857142857,122.92738855577656,152.6194002041722,140.6191289191815
2022-04-23,433,1835,509,414,41.12,40.61,7.0,0.0,1,Spring,20.0,0.0,0.0,80.0,5,23,16,4,1,320.0,449.0,526.0,302.0,607.0,514.2857142857143,517.7857142857143,543.75,141.33024480003598,122.43439597874966,142.4639330575363
2022-04-24,357,1596,88,428,39.74,43.99,8.0,0.0,1,Spring,0.0,60.0,0.0,40.0,6,24,16,4,1,433.0,604.0,524.0,472.0,647.0,512.0,511.14285714285717,537.5357142857143,142.68496767354299,124.46059440818814,143.3946850977598
2022-04-25,425,1474,95,471,44.48,49.97,4.0,0.0,1,Spring,0.0,20.0,0.0,80.0,0,25,17,4,0,357.0,772.0,733.0,507.0,551.0,476.7142857142857,499.2142857142857,527.1785714285714,146.62845822658286,130.9663365857092,145.65078824504218
2022-04-26,370,1414,454,372,41.32,40.68,5.0,0.0,1,Spring,20.0,80.0,0.0,0.0,1,26,17,4,0,425.0,490.0,481.0,535.0,542.0,427.14285714285717,477.2142857142857,522.6785714285714,67.42756254289614,113.35931882661926,146.829216381035
2022-04-27,308,1104,431,346,39.57,41.82,5.0,0.0,1,Spring,20.0,40.0,0.0,40.0,2,27,17,4,0,370.0,463.0,570.0,733.0,596.0,410.0,469.2857142857143,516.5357142857143,63.94789545663962,116.90063405199389,149.56343436639492
2022-04-28,331,867,236,335,36.13,36.54,18.0,100.0,1,Spring,60.0,20.0,0.0,20.0,3,28,17,4,0,308.0,502.0,400.0,339.0,498.0,387.85714285714283,450.57142857142856,506.25,69.16026935418076,120.45472452062896,153.74091361286546
2022-04-29,331,1080,147,334,40.72,40.23,4.0,0.0,1,Spring,0.0,40.0,0.0,60.0,4,29,17,4,0,331.0,320.0,415.0,935.0,712.0,363.42857142857144,445.64285714285717,500.2857142857143,49.540748019036705,124.04131268552105,157.27161151447467
2022-04-30,277,1095,333,338,41.6,37.98,3.0,0.0,1,Spring,0.0,40.0,0.0,60.0,5,30,17,4,1,331.0,433.0,449.0,526.0,302.0,365.0,439.64285714285717,486.67857142857144,48.086727205470204,127.61758206746906,154.73730512673302
2022-05-01,327,1115,581,371,38.72,45.19,6.0,0.0,1,Spring,40.0,20.0,0.0,40.0,6,1,17,5,1,277.0,357.0,604.0,524.0,472.0,342.7142857142857,427.35714285714283,485.7857142857143,47.46477390554741,134.72856309738356,155.91007786847027
2022-05-02,338,900,324,328,40.47,43.52,3.0,0.0,1,Spring,0.0,60.0,0.0,40.0,0,2,18,5,0,327.0,425.0,772.0,733.0,507.0,338.42857142857144,407.57142857142856,480.60714285714283,47.31404704333608,126.90439422937735,158.76685429006935
2022-05-03,259,1046,78,339,40.46,41.12,5.0,0.0,1,Spring,20.0,20.0,0.0,60.0,1,3,18,5,0,338.0,370.0,490.0,481.0,535.0,326.0,376.57142857142856,474.57142857142856,28.448784391135312,72.291838336771,160.92405123085354
2022-05-04,332,1183,913,488,35.43,34.23,20.0,100.0,1,Spring,60.0,20.0,0.0,20.0,2,4,18,5,0,259.0,308.0,463.0,570.0,733.0,310.14285714285717,360.07142857142856,464.7142857142857,30.683484001595385,70.75685809186913,165.47414638454325
2022-05-05,360,1244,607,422,34.92,37.46,20.0,100.0,1,Spring,40.0,40.0,0.0,20.0,3,5,18,5,0,332.0,331.0,502.0,400.0,339.0,313.57142857142856,350.7142857142857,450.39285714285717,31.727260323245964,64.48187410359617,158.60487575656924
2022-05-06,366,884,83,420,38.1,37.48,14.0,100.0,1,Spring,0.0,40.0,0.0,60.0,4,6,18,5,0,360.0,331.0,320.0,415.0,935.0,317.7142857142857,340.57142857142856,451.14285714285717,35.98941643369709,47.88723016824788,158.10749139740022
2022-05-07,277,1529,216,308,34.19,35.37,18.0,100.0,1,Spring,20.0,40.0,0.0,40.0,5,7,18,5,1,366.0,277.0,433.0,449.0,526.0,322.7142857142857,343.85714285714283,430.82142857142856,40.31424184129062,47.94525266120922,127.15026210527189
2022-05-08,360,1806,71,379,38.92,40.0,8.0,0.0,1,Spring,40.0,40.0,0.0,20.0,6,8,18,5,1,277.0,327.0,357.0,604.0,524.0,322.7142857142857,332.7142857142857,421.92857142857144,40.31424184129062,43.56150130108388,128.9418268406141
2022-05-09,307,1652,327,394,41.16,39.36,4.0,0.0,1,Spring,80.0,0.0,0.0,20.0,0,9,19,5,0,360.0,338.0,425.0,772.0,733.0,327.42857142857144,332.92857142857144,416.07142857142856,42.75455976796339,43.697323075401094,127.8537731222177
2022-05-10,351,1433,98,405,41.05,37.58,4.0,0.0,1,Spring,0.0,40.0,0.0,60.0,1,10,19,5,0,307.0,259.0,370.0,490.0,481.0,323.0,324.5,400.85714285714283,43.08131845707571,35.10807489847401,113.25641647613666
2022-05-11,319,1180,220,404,41.72,43.03,4.0,0.0,1,Spring,80.0,0.0,0.0,20.0,2,11,19,5,0,351.0,332.0,308.0,463.0,570.0,336.14285714285717,323.14285714285717,396.2142857142857,33.203556894949735,33.54642510555446,112.51151616541982
2022-05-12,462,1180,691,466,38.53,34.48,16.0,100.0,1,Spring,40.0,60.0,0.0,0.0,3,12,19,5,0,319.0,360.0,331.0,502.0,400.0,334.2857142857143,323.92857142857144,387.25,33.831515315921074,33.29232825861024,108.06363865796986
2022-05-13,372,1003,296,391,36.77,39.33,16.0,100.0,1,Spring,0.0,40.0,0.0,60.0,4,13,19,5,0,462.0,366.0,331.0,320.0,415.0,348.85714285714283,333.2857142857143,389.4642857142857,59.20424695191073,49.76626687507568,108.96600969954595
2022-05-14,427,631,742,555,38.18,38.89,21.0,100.0,1,Spring,40.0,60.0,0.0,0.0,5,14,19,5,1,372.0,277.0,277.0,433.0,449.0,349.7142857142857,336.2142857142857,387.92857142857144,59.53630345067959,50.81668195420772,108.89578047514642
2022-05-15,328,873,746,397,37.01,39.47,19.0,100.0,1,Spring,60.0,0.0,0.0,40.0,6,15,19,5,1,427.0,360.0,327.0,357.0,604.0,371.14285714285717,346.92857142857144,387.14285714285717,55.885086178182014,53.131859608849005,108.5175235160349
2022-05-16,485,1112,85,525,40.86,42.93,18.0,100.0,1,Spring,20.0,40.0,0.0,40.0,0,16,20,5,0,328.0,307.0,338.0,425.0,772.0,366.57142857142856,347.0,377.2857142857143,58.20898310643888,53.103672189406396,100.31500650002884
2022-05-17,397,1124,201,444,43.39,41.04,7.0,0.0,1,Spring,20.0,20.0,0.0,60.0,1,17,20,5,0,485.0,351.0,259.0,370.0,490.0,392.0,357.5,367.0357142857143,66.18156843109699,64.49776382527901,67.92287682193327
2022-05-18,302,1494,84,293,39.13,40.55,6.0,0.0,1,Spring,80.0,20.0,0.0,0.0,2,18,20,5,0,397.0,319.0,332.0,308.0,463.0,398.57142857142856,367.35714285714283,363.7142857142857,63.66803788102019,58.55780463368151,63.838254607430194
2022-05-19,246,1392,60,291,38.52,40.6,5.0,0.0,1,Spring,60.0,40.0,0.0,0.0,3,19,20,5,0,302.0,462.0,360.0,331.0,502.0,396.14285714285717,365.2142857142857,357.9642857142857,67.42261878486698,60.46890945757944,61.781863659564536
2022-05-20,310,1206,456,367,38.53,37.32,6.0,0.0,1,Spring,60.0,20.0,0.0,20.0,4,20,20,5,0,246.0,372.0,366.0,331.0,320.0,365.2857142857143,357.07142857142856,348.82142857142856,80.43157399453318,68.38293116505906,58.53397466836294
2022-05-21,387,1017,783,443,43.17,41.39,4.0,0.0,1,Spring,40.0,40.0,0.0,20.0,5,21,20,5,1,310.0,427.0,277.0,277.0,433.0,356.42857142857144,353.07142857142856,348.4642857142857,82.94346898713015,69.44999782434935,58.746462237288725
2022-05-22,380,706,213,388,43.54,43.91,7.0,0.0,1,Spring,40.0,0.0,0.0,60.0,6,22,20,5,1,387.0,328.0,360.0,327.0,357.0,350.7142857142857,360.92857142857144,346.82142857142856,78.53176488044863,66.33419385750614,56.90931940307319
2022-05-23,239,812,576,386,39.19,41.81,5.0,0.0,1,Spring,40.0,60.0,0.0,0.0,0,23,21,5,0,380.0,485.0,307.0,338.0,425.0,358.14285714285717,362.35714285714283,347.64285714285717,78.48445402631972,66.52773527213661,57.226783606150086
2022-05-24,318,1441,346,370,41.99,42.91,5.0,0.0,1,Spring,40.0,60.0,0.0,0.0,1,24,21,5,0,239.0,397.0,351.0,259.0,370.0,323.0,357.5,341.0,66.35259351876635,73.04345387401997,58.69128271444617
2022-05-25,423,1123,388,467,37.71,40.31,16.0,100.0,1,Spring,60.0,0.0,0.0,40.0,2,25,21,5,0,318.0,302.0,319.0,332.0,308.0,311.7142857142857,355.14285714285717,339.14285714285717,57.84091483172958,73.79791235618931,58.56222666134525
2022-05-26,466,1270,329,498,47.6,47.04,8.0,0.0,0,Spring,0.0,60.0,0.0,40.0,3,26,21,5,0,423.0,246.0,462.0,360.0,331.0,329.0,362.57142857142856,343.25,71.03050987662486,75.10271354896248,60.303936976081346
2022-05-27,497,1231,1329,684,51.22,51.49,6.0,0.0,0,Spring,80.0,0.0,0.0,20.0,4,27,21,5,0,466.0,310.0,372.0,366.0,331.0,360.42857142857144,362.85714285714283,348.07142857142856,76.63519022585089,75.5165362867444,64.53648326301983
2022-05-28,529,1419,752,599,46.55,51.31,5.0,0.0,0,Spring,40.0,20.0,0.0,40.0,5,28,21,5,1,497.0,387.0,427.0,277.0,277.0,387.14285714285717,371.7857142857143,354.0,87.89279183836882,83.63398147369755,70.27933682943757
2022-05-29,485,1232,83,510,44.85,45.94,3.0,0.0,0,Spring,60.0,0.0,0.0,40.0,6,29,21,5,1,529.0,380.0,328.0,360.0,327.0,407.42857142857144,379.07142857142856,363.0,102.95121359630669,92.75896331204441,75.95954088758164
2022-05-30,501,1815,606,505,48.11,49.52,2.0,0.0,0,Spring,60.0,20.0,0.0,20.0,0,30,22,5,0,485.0,239.0,485.0,307.0,338.0,422.42857142857144,390.2857142857143,368.64285714285717,105.8959507297251,95.55781864032177,78.99423996146977
2022-05-31,462,2011,77,510,45.03,48.91,3.0,0.0,0,Spring,80.0,20.0,0.0,0.0,1,31,22,5,0,501.0,318.0,397.0,351.0,259.0,459.85714285714283,391.42857142857144,374.4642857142857,70.7164020847322,96.86446858742991,82.57722856362392
2022-06-01,530,1626,414,656,43.16,46.65,17.0,100.0,0,Summer,40.0,60.0,0.0,0.0,2,1,22,6,0,462.0,423.0,302.0,319.0,332.0,480.42857142857144,396.07142857142856,381.7142857142857,33.96987460901758,98.69257963355297,80.959915615743
2022-06-02,659,1784,1528,859,53.04,54.64,14.0,100.0,0,Summer,40.0,20.0,0.0,40.0,3,2,22,6,0,530.0,466.0,246.0,462.0,360.0,495.7142857142857,412.35714285714283,388.7857142857143,27.225688149945725,100.76523144483808,85.00298780930123
2022-06-03,539,1612,0,621,49.16,50.56,3.0,0.0,0,Summer,20.0,20.0,0.0,60.0,4,3,22,6,0,659.0,497.0,310.0,372.0,366.0,523.2857142857143,441.85714285714283,399.4642857142857,64.4275155652053,108.47605701284894,98.89818263800798
2022-06-04,520,1459,509,552,47.7,52.6,5.0,0.0,0,Summer,40.0,40.0,0.0,20.0,5,4,22,6,1,539.0,529.0,387.0,427.0,277.0,529.2857142857143,458.2142857142857,405.64285714285717,63.520900197531624,104.24688047088983,102.082832846199
2022-06-05,456,1983,394,626,47.09,51.97,6.0,0.0,0,Summer,60.0,40.0,0.0,0.0,6,5,22,6,1,520.0,485.0,380.0,328.0,360.0,528.0,467.7142857142857,414.32142857142856,63.618655544842696,103.3138821347748,101.0654549808015
2022-06-06,566,1527,929,651,47.26,48.56,8.0,0.0,0,Summer,20.0,80.0,0.0,0.0,0,6,23,6,0,456.0,501.0,239.0,485.0,307.0,523.8571428571429,473.14285714285717,417.75,67.69891326412018,100.30327638091963,100.78235626007933
2022-06-07,495,1443,420,523,43.09,43.37,6.0,0.0,0,Summer,0.0,100.0,0.0,0.0,1,7,23,6,0,566.0,462.0,318.0,397.0,351.0,533.1428571428571,496.5,427.0,68.49435152241536,76.93728714898934,102.11794197923435
2022-06-08,802,1468,1676,956,53.29,52.24,16.0,100.0,0,Summer,20.0,40.0,0.0,40.0,2,8,23,6,0,495.0,530.0,423.0,302.0,319.0,537.8571428571429,509.14285714285717,432.14285714285717,63.75324454862046,57.41462845337799,101.77415603176979
2022-06-09,569,1670,231,734,42.45,43.06,21.0,100.0,0,Summer,80.0,20.0,0.0,0.0,3,9,23,6,0,802.0,659.0,466.0,246.0,462.0,576.7142857142857,536.2142857142857,449.39285714285717,117.98829643332482,92.3781347517888,121.00301168144118
2022-06-10,763,1933,580,834,48.69,44.96,19.0,100.0,0,Summer,40.0,40.0,0.0,20.0,4,10,23,6,0,569.0,539.0,497.0,310.0,372.0,563.8571428571429,543.5714285714286,453.2142857142857,112.2934081939343,90.43715564345769,123.0875500347014
2022-06-11,766,2560,240,797,42.92,43.62,19.0,100.0,0,Summer,0.0,20.0,0.0,80.0,5,11,23,6,1,763.0,520.0,529.0,387.0,427.0,595.8571428571429,562.5714285714286,467.17857142857144,133.87236280804777,106.4285345526886,135.1235521240633
2022-06-12,541,2403,1111,606,49.06,49.97,3.0,0.0,0,Summer,40.0,20.0,0.0,40.0,6,12,23,6,1,766.0,456.0,485.0,380.0,328.0,631.0,579.5,479.2857142857143,142.64174237111217,118.80672734125085,146.12928247195114
2022-06-13,542,1862,114,643,46.95,49.94,5.0,0.0,0,Summer,20.0,60.0,0.0,20.0,0,13,24,6,0,541.0,566.0,501.0,239.0,485.0,643.1428571428571,583.5,486.89285714285717,128.1424059024813,116.29653741786329,143.48218092636563
2022-06-14,544,1434,199,634,48.95,48.77,3.0,0.0,0,Summer,0.0,40.0,0.0,60.0,1,14,24,6,0,542.0,495.0,462.0,318.0,397.0,639.7142857142857,586.4285714285714,488.92857142857144,130.8430539306724,114.56252191956708,143.85819369844725
2022-06-15,768,2001,898,856,46.19,48.61,20.0,100.0,0,Summer,20.0,60.0,0.0,20.0,2,15,24,6,0,544.0,802.0,530.0,423.0,302.0,646.7142857142857,592.2857142857143,494.17857142857144,122.87895708882861,109.70479869697002,143.0591831871689
2022-06-16,486,1633,111,517,45.44,44.88,4.0,0.0,0,Summer,20.0,80.0,0.0,0.0,3,16,24,6,0,768.0,569.0,659.0,466.0,246.0,641.8571428571429,609.2857142857143,510.82142857142856,116.20876124663008,117.47564629542296,146.92781134295768
2022-06-17,665,1258,1047,723,53.1,52.73,7.0,0.0,0,Summer,20.0,40.0,0.0,40.0,4,17,24,6,0,486.0,763.0,539.0,497.0,310.0,630.0,596.9285714285714,519.3928571428571,128.46919215645985,120.89312780984785,137.6117294973001
2022-06-18,477,1436,867,763,41.98,45.8,14.0,100.0,0,Summer,60.0,40.0,0.0,0.0,5,18,24,6,1,665.0,766.0,520.0,529.0,387.0,616.0,605.9285714285714,532.0714285714286,116.32569220368616,120.93893200588934,133.90901515067728
2022-06-19,589,1666,511,766,50.9,52.09,3.0,0.0,0,Summer,60.0,40.0,0.0,0.0,6,19,24,6,1,477.0,541.0,456.0,485.0,380.0,574.7142857142857,602.8571428571429,535.2857142857143,104.94397598356049,123.80124091763824,131.3535960519055
2022-06-20,690,1630,1311,1096,52.4,50.43,19.0,100.0,0,Summer,100.0,0.0,0.0,0.0,0,20,25,6,0,589.0,542.0,566.0,501.0,239.0,581.5714285714286,612.3571428571429,542.75,103.9372521329692,116.55609883581391,128.10054644692175
2022-06-21,731,1791,402,925,60.18,61.4,5.0,0.0,0,Summer,60.0,0.0,0.0,40.0,1,21,25,6,0,690.0,544.0,495.0,462.0,318.0,602.7142857142857,621.2142857142857,558.8571428571429,109.45275127608629,117.47024406954333,116.30378939901895
2022-06-22,663,1887,191,781,54.47,50.41,5.0,0.0,0,Summer,40.0,20.0,0.0,40.0,2,22,25,6,0,731.0,768.0,802.0,530.0,423.0,629.4285714285714,638.0714285714286,573.6071428571429,115.39332323674154,114.86946724649823,110.6791623754304
2022-06-23,533,2067,205,624,47.92,47.83,6.0,0.0,0,Summer,20.0,60.0,0.0,20.0,3,23,25,6,0,663.0,486.0,569.0,659.0,466.0,614.4285714285714,628.1428571428571,582.1785714285714,100.20288941751681,105.21176970052502,107.84043547672373
2022-06-24,698,2141,2264,855,55.12,60.33,3.0,0.0,0,Summer,0.0,40.0,0.0,60.0,4,24,25,6,0,533.0,665.0,763.0,539.0,497.0,621.1428571428571,625.5714285714286,584.5714285714286,91.34627993050903,107.18977727212696,105.89282792187056
2022-06-25,714,1443,155,723,49.67,47.48,8.0,0.0,0,Summer,60.0,40.0,0.0,0.0,5,25,25,6,1,698.0,477.0,766.0,520.0,529.0,625.8571428571429,620.9285714285714,591.75,94.77416766789841,102.06443235352945,106.54737252786887
2022-06-26,722,1042,500,755,55.31,55.82,6.0,0.0,0,Summer,20.0,20.0,0.0,60.0,6,26,25,6,1,714.0,589.0,541.0,456.0,485.0,659.7142857142857,617.2142857142857,598.3571428571429,72.4332204763223,97.20966917040516,108.23472924046364
2022-06-27,820,2590,1542,944,46.27,44.91,22.0,100.0,0,Summer,20.0,40.0,0.0,40.0,0,27,26,6,0,722.0,690.0,542.0,566.0,501.0,678.7142857142857,630.1428571428571,606.8214285714286,68.10705858111572,98.32352965346755,108.30856249158954
2022-06-28,518,2295,164,623,46.05,47.72,6.0,0.0,0,Summer,60.0,0.0,0.0,40.0,1,28,26,6,0,820.0,731.0,544.0,495.0,462.0,697.2857142857143,650.0,618.2142857142857,86.84414063081559,106.85504199615387,113.42197747149716
2022-06-29,196,1941,0,239,36.5,36.46,7.0,0.0,1,Summer,40.0,40.0,0.0,20.0,2,29,26,6,0,518.0,663.0,768.0,802.0,530.0,666.8571428571429,648.1428571428571,620.2142857142857,107.84004910271638,109.04258670026827,111.03398116587913
2022-06-30,349,3098,0,439,41.73,45.49,6.0,0.0,1,Summer,0.0,80.0,0.0,20.0,3,30,26,6,0,196.0,533.0,486.0,569.0,659.0,600.1428571428571,607.2857142857143,608.2857142857143,208.29180538484042,157.20414389303707,136.17876517525016
2022-07-01,441,2749,529,464,40.34,40.69,14.0,100.0,1,Summer,40.0,40.0,0.0,20.0,4,1,26,7,0,349.0,698.0,665.0,763.0,539.0,573.8571428571429,597.5,597.2142857142857,228.77968191503126,169.1452493705195,144.2645094167257
2022-07-02,364,2403,203,444,37.54,40.05,16.0,100.0,1,Summer,20.0,80.0,0.0,0.0,5,2,26,7,1,441.0,714.0,477.0,766.0,520.0,537.1428571428571,581.5,593.7142857142857,226.1433384466797,172.82349822423282,146.8939796922976
2022-07-03,451,2039,131,524,44.48,43.98,6.0,0.0,1,Summer,20.0,20.0,0.0,60.0,6,3,26,7,1,364.0,722.0,589.0,541.0,456.0,487.14285714285717,573.4285714285714,588.1428571428571,219.10608433011654,180.54563211200968,152.63942364537917
2022-07-04,536,2356,150,638,48.96,48.44,4.0,0.0,1,Summer,20.0,20.0,0.0,60.0,0,4,27,7,0,451.0,820.0,690.0,542.0,566.0,448.42857142857144,563.5714285714286,587.9642857142857,193.08966582295122,183.37507350350933,152.80257951644072
2022-07-05,293,1970,111,330,41.62,42.79,6.0,0.0,1,Summer,20.0,60.0,0.0,20.0,1,5,27,7,0,536.0,518.0,731.0,544.0,495.0,407.85714285714283,552.5714285714286,586.8928571428571,116.74963036547943,179.79163764489394,153.06724237350906
2022-07-06,418,1677,615,437,42.26,43.7,8.0,0.0,1,Summer,0.0,80.0,0.0,20.0,2,6,27,7,0,293.0,196.0,663.0,768.0,802.0,375.7142857142857,521.2857142857143,579.6785714285714,112.25820576645886,184.40399986126945,162.05510118507752
2022-07-07,448,1444,528,507,39.85,44.04,9.0,0.0,1,Summer,40.0,20.0,0.0,40.0,3,7,27,7,0,418.0,349.0,533.0,486.0,569.0,407.42857142857144,503.7857142857143,565.9642857142857,79.6468395331474,181.523543110244,158.75872262833914
2022-07-08,412,1137,186,409,43.49,39.74,5.0,0.0,1,Summer,40.0,0.0,0.0,60.0,4,8,27,7,0,448.0,441.0,698.0,665.0,763.0,421.57142857142856,497.7142857142857,561.6428571428571,76.26020618657508,181.8923724756898,160.31224492538237
2022-07-09,288,1347,216,321,36.18,36.47,18.0,100.0,1,Summer,40.0,60.0,0.0,0.0,5,9,27,7,1,412.0,364.0,714.0,477.0,766.0,417.42857142857144,477.2857142857143,549.1071428571429,75.81525163812539,173.5362646965616,157.68565525442006
2022-07-10,436,1551,536,453,35.08,37.98,18.0,100.0,1,Summer,80.0,0.0,0.0,20.0,6,10,27,7,1,288.0,451.0,722.0,589.0,541.0,406.57142857142856,446.85714285714283,532.0357142857143,89.03156208681803,166.02263846691642,159.20205706442655
2022-07-11,359,1197,154,440,39.09,36.79,9.0,0.0,1,Summer,60.0,20.0,0.0,20.0,0,11,28,7,0,436.0,536.0,820.0,690.0,542.0,404.42857142857144,426.42857142857144,528.2857142857143,87.95805277300613,145.94451753252727,160.21648713950358
2022-07-12,390,1208,251,440,41.41,39.68,8.0,0.0,1,Summer,40.0,20.0,0.0,40.0,1,12,28,7,0,359.0,293.0,518.0,731.0,544.0,379.14285714285717,393.5,521.75,66.70439408671704,92.5558043726967,163.33846363824927
2022-07-13,421,1415,442,375,41.38,41.73,4.0,0.0,1,Summer,0.0,20.0,0.0,80.0,2,13,28,7,0,390.0,418.0,196.0,663.0,768.0,393.0,384.35714285714283,516.25,54.84827557301329,85.35320925231993,165.14429717337765
2022-07-14,413,1174,532,418,41.75,44.37,4.0,0.0,1,Summer,60.0,20.0,0.0,20.0,3,14,28,7,0,421.0,448.0,349.0,533.0,486.0,393.42857142857144,400.42857142857144,503.85714285714283,55.08737648153995,66.19053416604814,158.43627397175467
2022-07-15,314,912,410,400,39.85,45.92,6.0,0.0,1,Summer,20.0,60.0,0.0,20.0,4,15,28,7,0,413.0,412.0,441.0,698.0,665.0,388.42857142857144,405.0,501.25,50.72427802297683,64.5552834041071,159.33905731234006
2022-07-16,386,1161,359,448,42.87,43.98,16.0,100.0,1,Summer,40.0,20.0,0.0,40.0,5,16,28,7,1,314.0,288.0,364.0,714.0,477.0,374.42857142857144,395.92857142857144,488.7142857142857,56.346715795618806,67.9416766688268,159.78570305090165
2022-07-17,450,1049,764,560,37.88,41.7,22.0,100.0,1,Summer,60.0,20.0,0.0,20.0,6,17,28,7,1,386.0,436.0,451.0,722.0,589.0,388.42857142857144,397.5,485.4642857142857,41.51649127297387,67.39864184890448,160.95398057343562
2022-07-18,398,1418,946,451,44.68,43.26,4.0,0.0,1,Summer,40.0,40.0,0.0,20.0,0,18,29,7,0,450.0,359.0,536.0,820.0,690.0,390.42857142857144,397.42857142857144,480.5,44.42543244155219,67.33808419028237,159.7816797545489
2022-07-19,329,1020,106,394,41.6,39.0,6.0,0.0,1,Summer,40.0,60.0,0.0,0.0,1,19,29,7,0,398.0,390.0,293.0,518.0,731.0,396.0,387.57142857142856,470.07142857142856,42.21768981520908,54.33898485181017,155.0610222941945
2022-07-20,433,1425,60,439,41.01,42.36,7.0,0.0,1,Summer,0.0,80.0,0.0,20.0,2,20,29,7,0,329.0,421.0,418.0,196.0,663.0,387.2857142857143,390.14285714285717,455.7142857142857,49.354885896987234,50.21470385769951,148.477671882405
2022-07-21,276,1998,64,303,37.29,39.44,4.0,0.0,1,Summer,40.0,60.0,0.0,0.0,3,21,29,7,0,433.0,413.0,448.0,349.0,533.0,389.0,391.2142857142857,447.5,50.90514053937187,51.00856424536574,142.8403667398346
2022-07-22,389,1786,51,437,38.4,38.42,17.0,100.0,1,Summer,40.0,20.0,0.0,40.0,4,22,29,7,0,276.0,314.0,412.0,441.0,698.0,369.42857142857144,378.92857142857144,438.32142857142856,64.6267672688252,56.67785388385049,145.37742796200052
2022-07-23,598,1448,1480,596,43.22,46.35,16.0,100.0,1,Summer,20.0,0.0,0.0,80.0,5,23,29,7,1,389.0,386.0,288.0,364.0,714.0,380.14285714285717,377.2857142857143,427.2857142857143,59.953950582726826,55.974483982818846,136.38503696109194
2022-07-24,538,951,62,562,38.85,41.82,20.0,100.0,1,Summer,20.0,80.0,0.0,0.0,6,24,29,7,1,598.0,450.0,436.0,451.0,722.0,410.42857142857144,399.42857142857144,423.14285714285717,102.12224234197106,75.75742084566228,128.9101651842507
2022-07-25,487,671,1441,662,48.07,47.14,7.0,0.0,0,Summer,20.0,60.0,0.0,20.0,0,25,30,7,0,538.0,398.0,359.0,536.0,820.0,423.0,406.7142857142857,416.57142857142856,112.67652816802574,84.00130820540683,117.27600511469299
2022-07-26,550,1478,188,769,48.08,48.24,7.0,0.0,0,Summer,0.0,20.0,0.0,80.0,1,26,30,7,0,487.0,329.0,390.0,293.0,518.0,435.7142857142857,415.85714285714283,404.67857142857144,114.39363951682222,85.36334751461578,88.10643965678585
2022-07-27,648,1293,1404,783,52.81,55.03,14.0,100.0,0,Summer,40.0,60.0,0.0,0.0,2,27,30,7,0,550.0,433.0,421.0,418.0,196.0,467.2857142857143,427.2857142857143,405.82142857142856,110.46223228735103,92.08142598259957,89.82165604229323
2022-07-28,594,1798,170,677,49.88,51.63,4.0,0.0,0,Summer,0.0,20.0,0.0,80.0,3,28,30,7,0,648.0,276.0,413.0,448.0,349.0,498.0,443.5,421.9642857142857,127.8606011769587,109.27083501381018,91.32014590230986
2022-07-29,447,1633,137,492,47.16,47.05,6.0,0.0,0,Summer,20.0,80.0,0.0,0.0,4,29,30,7,0,594.0,389.0,314.0,412.0,441.0,543.4285714285714,456.42857142857144,430.7142857142857,85.22100121225427,115.89166976482413,95.70241575296039
2022-07-30,690,2468,1307,830,55.73,51.11,4.0,0.0,0,Summer,20.0,40.0,0.0,40.0,5,30,30,7,1,447.0,598.0,386.0,288.0,364.0,551.7142857142857,465.92857142857144,430.92857142857144,68.97515080499232,108.53603746485014,95.73301167209578
2022-07-31,535,1964,176,611,46.59,46.21,6.0,0.0,0,Summer,20.0,20.0,0.0,60.0,6,31,30,7,1,690.0,538.0,450.0,436.0,451.0,564.8571428571429,487.64285714285717,442.57142857142856,85.94267192229292,121.00833228962539,106.5090601506744
2022-08-01,632,1791,657,785,52.53,55.12,5.0,0.0,0,Summer,0.0,60.0,0.0,40.0,0,1,31,8,0,535.0,487.0,398.0,359.0,536.0,564.4285714285714,493.7142857142857,445.57142857142856,86.10624666239804,121.10670982581877,107.92879290821527
2022-08-02,627,2094,123,659,51.77,48.62,3.0,0.0,0,Summer,40.0,40.0,0.0,20.0,1,2,31,8,0,632.0,550.0,329.0,390.0,293.0,585.1428571428571,510.42857142857144,449.0,81.70358737825549,123.01326650513606,112.34239989787868
2022-08-03,546,1786,960,667,50.8,51.91,5.0,0.0,0,Summer,40.0,20.0,0.0,40.0,2,3,31,8,0,627.0,648.0,433.0,421.0,418.0,596.1428571428571,531.7142857142857,460.92857142857144,81.36630869393206,114.70660136018446,112.89553629972346
2022-08-04,466,1801,0,574,48.83,47.22,5.0,0.0,0,Summer,20.0,40.0,0.0,40.0,3,4,31,8,0,546.0,594.0,276.0,413.0,448.0,581.5714285714286,539.7857142857143,465.5,79.64683953314835,111.14659659236446,113.68165427419927
2022-08-05,645,1577,1154,744,48.68,49.93,5.0,0.0,0,Summer,80.0,20.0,0.0,0.0,4,5,31,8,0,466.0,447.0,389.0,314.0,412.0,563.2857142857143,553.3571428571429,466.14285714285717,90.29897431258439,84.97927995680995,113.62991073549544
2022-08-06,657,1722,533,803,50.66,51.95,18.0,100.0,0,Summer,20.0,20.0,0.0,60.0,5,6,31,8,1,645.0,690.0,598.0,386.0,288.0,591.5714285714286,571.6428571428571,474.4642857142857,77.97191191460612,73.68499183672249,117.96687612390988
2022-08-07,615,1264,820,928,45.7,52.81,20.0,100.0,0,Summer,60.0,40.0,0.0,0.0,6,7,31,8,1,657.0,535.0,538.0,450.0,436.0,586.8571428571429,575.8571428571429,487.64285714285717,71.78075083527779,76.92439559309173,116.97173266813766
2022-08-08,562,2141,1266,713,39.1,39.98,24.0,100.0,0,Summer,20.0,80.0,0.0,0.0,0,8,32,8,0,615.0,632.0,487.0,398.0,359.0,598.2857142857143,581.3571428571429,494.0357142857143,68.43905874502381,76.76197690849894,118.91997998743378
2022-08-09,949,1579,401,977,50.36,47.86,18.0,100.0,0,Summer,0.0,40.0,0.0,60.0,1,9,32,8,0,562.0,627.0,550.0,329.0,390.0,588.2857142857143,586.7142857142857,501.2857142857143,67.80293574203213,72.14880837165897,116.54687727766284
2022-08-10,590,1442,895,762,48.6,48.68,17.0,100.0,0,Summer,20.0,60.0,0.0,20.0,2,10,32,8,0,949.0,546.0,648.0,433.0,421.0,634.2857142857143,615.2142857142857,521.25,153.5075614703443,119.67981551522391,141.89840523207928
2022-08-11,643,2541,417,716,47.89,53.85,8.0,0.0,0,Summer,80.0,20.0,0.0,0.0,3,11,32,8,0,590.0,466.0,594.0,276.0,413.0,640.5714285714286,611.0714285714286,527.2857142857143,150.15420644885657,119.46126780464996,141.06810993350555
2022-08-12,569,2126,670,626,50.26,51.69,4.0,0.0,0,Summer,60.0,20.0,0.0,20.0,4,12,32,8,0,643.0,645.0,447.0,389.0,314.0,665.8571428571429,614.5714285714286,535.5,129.3141247395002,119.64030340066003,140.8630803560939
2022-08-13,623,2451,446,673,48.5,50.65,6.0,0.0,0,Summer,60.0,40.0,0.0,0.0,5,13,32,8,1,569.0,657.0,690.0,598.0,386.0,655.0,623.2857142857143,544.6071428571429,134.4457759346377,110.59727954049329,134.0926543368051
2022-08-14,469,2039,0,479,41.99,42.98,7.0,0.0,0,Summer,20.0,20.0,0.0,60.0,6,14,32,8,1,623.0,615.0,535.0,538.0,450.0,650.1428571428571,618.5,553.0714285714286,134.97460078526993,108.92534493510016,131.15806934168822
2022-08-15,517,2475,484,722,48.23,45.29,8.0,0.0,0,Summer,60.0,40.0,0.0,0.0,0,15,33,8,0,469.0,562.0,632.0,487.0,398.0,629.2857142857143,613.7857142857143,553.75,151.57035141666566,114.12151322261532,130.6532376886178
2022-08-16,571,2194,378,700,50.39,55.74,5.0,0.0,0,Summer,40.0,40.0,0.0,20.0,1,16,33,8,0,517.0,949.0,627.0,550.0,329.0,622.8571428571429,605.5714285714286,558.0,155.79519523124887,116.81656513572757,127.29144162555096
2022-08-17,698,1871,1750,936,60.24,61.58,4.0,0.0,0,Summer,80.0,0.0,0.0,20.0,2,17,33,8,0,571.0,590.0,546.0,648.0,433.0,568.8571428571429,601.5714285714286,566.6428571428571,59.91780083700404,116.98501829505477,119.12029844927955
2022-08-18,636,1322,1027,868,51.13,50.17,12.0,100.0,0,Summer,0.0,20.0,0.0,80.0,3,18,33,8,0,698.0,643.0,466.0,594.0,276.0,584.2857142857143,612.4285714285714,576.1071428571429,77.57300708733337,118.47473881069973,118.63524530497396
2022-08-19,696,1752,0,631,48.29,49.07,6.0,0.0,0,Summer,40.0,60.0,0.0,0.0,4,19,33,8,0,636.0,569.0,645.0,447.0,389.0,583.2857142857143,624.5714285714286,588.9642857142857,76.73051171842575,110.77400020256964,103.4409769592574
2022-08-20,622,2265,776,768,45.02,43.48,17.0,100.0,0,Summer,40.0,40.0,0.0,20.0,5,20,33,8,1,696.0,623.0,657.0,690.0,598.0,601.4285714285714,628.2142857142857,599.9285714285714,87.10311349746601,112.32519997511834,97.56400693767833
2022-08-21,769,2523,1244,994,47.31,49.06,20.0,100.0,0,Summer,40.0,20.0,0.0,40.0,6,21,33,8,1,622.0,469.0,615.0,535.0,538.0,601.2857142857143,625.7142857142857,600.7857142857143,87.0626484889176,112.02433016738073,97.65182183081994
2022-08-22,490,2083,0,654,49.43,51.35,7.0,0.0,0,Summer,0.0,60.0,0.0,40.0,0,22,34,8,0,769.0,517.0,562.0,632.0,487.0,644.1428571428571,636.7142857142857,609.0357142857143,84.9027454825597,118.27765805765756,101.81991442514996
2022-08-23,916,2531,0,913,51.39,50.15,19.0,100.0,0,Summer,60.0,0.0,0.0,40.0,1,23,34,8,0,490.0,571.0,949.0,627.0,550.0,640.2857142857143,631.5714285714286,609.1428571428571,91.96143083872104,123.23755314632906,101.68823606739004
2022-08-24,475,2219,337,674,50.56,48.44,7.0,0.0,0,Summer,40.0,40.0,0.0,20.0,2,24,34,8,0,916.0,698.0,590.0,546.0,648.0,689.5714285714286,629.2142857142857,622.2142857142857,132.25966523327978,116.84913256083486,116.28074492456399
2022-08-25,683,1870,1024,757,47.83,44.84,18.0,100.0,0,Summer,20.0,20.0,0.0,60.0,3,25,34,8,0,475.0,636.0,643.0,466.0,594.0,657.7142857142857,621.0,616.0357142857143,154.82324791593228,123.66144850418674,119.41384067148675
2022-08-26,518,1531,770,606,45.35,46.27,7.0,0.0,0,Summer,40.0,60.0,0.0,0.0,4,26,34,8,0,683.0,696.0,569.0,645.0,447.0,664.4285714285714,623.8571428571429,619.2142857142857,154.7437205434172,124.66685275494828,119.98868994320085
2022-08-27,407,1438,453,527,41.68,40.2,6.0,0.0,0,Summer,40.0,20.0,0.0,40.0,5,27,34,8,1,518.0,622.0,623.0,657.0,690.0,639.0,620.2142857142857,621.75,163.09097665618035,127.11423001586901,116.9256253002383
2022-08-28,640,1811,162,717,51.16,55.56,3.0,0.0,0,Summer,40.0,20.0,0.0,40.0,6,28,34,8,1,407.0,769.0,469.0,615.0,535.0,608.2857142857143,604.7857142857143,611.6428571428571,185.52781847629066,139.27680163087916,122.88694421378108
2022-08-29,543,1966,0,585,44.57,41.04,7.0,0.0,0,Summer,40.0,60.0,0.0,0.0,0,29,35,8,0,640.0,490.0,517.0,562.0,632.0,589.8571428571429,617.0,615.3928571428571,172.8789832719491,133.8449159978119,122.06080430297773
2022-08-30,713,1699,1663,735,52.66,60.08,5.0,0.0,0,Summer,80.0,0.0,0.0,20.0,1,30,35,8,0,543.0,916.0,571.0,949.0,627.0,597.4285714285714,618.8571428571429,612.2142857142857,168.89134292285596,132.52451566690232,122.769086814428
2022-08-31,571,1081,225,636,47.17,53.43,5.0,0.0,0,Summer,40.0,40.0,0.0,20.0,2,31,35,8,0,713.0,475.0,698.0,590.0,546.0,568.4285714285714,629.0,615.2857142857143,113.37821240264377,134.00574040517162,124.21989377946629
2022-09-01,485,600,605,541,46.08,42.77,7.0,0.0,0,Autumn,20.0,40.0,20.0,20.0,3,1,35,9,0,571.0,683.0,636.0,643.0,466.0,582.1428571428571,619.9285714285714,616.1785714285714,105.7424994525672,133.27211277666393,123.79255454528128
2022-09-02,642,1922,1022,629,47.77,51.78,6.0,0.0,0,Autumn,0.0,0.0,20.0,80.0,4,2,35,9,0,485.0,518.0,696.0,569.0,645.0,553.8571428571429,609.1428571428571,616.8571428571429,100.62542516916945,137.90122281092013,122.98832051917313
2022-09-03,394,1440,121,480,45.12,49.68,5.0,0.0,0,Autumn,0.0,20.0,20.0,60.0,5,3,35,9,1,642.0,407.0,622.0,623.0,657.0,571.5714285714286,605.2857142857143,616.75,104.11509199415974,136.02738896799548,122.96419984875403
2022-09-04,410,1881,0,465,44.97,49.28,4.0,0.0,0,Autumn,60.0,0.0,20.0,20.0,6,4,35,9,1,394.0,640.0,769.0,469.0,615.0,569.7142857142857,589.0,607.3571428571429,107.59757476466677,147.07245728656162,129.63944709611397
2022-09-05,471,2120,90,590,45.22,46.46,7.0,0.0,0,Autumn,20.0,0.0,60.0,20.0,0,5,36,9,0,410.0,543.0,490.0,517.0,562.0,536.8571428571429,563.3571428571429,600.0357142857143,117.24252438347371,144.54948960496108,134.87483419626804
2022-09-06,443,1739,750,606,45.21,51.23,6.0,0.0,0,Autumn,0.0,0.0,40.0,60.0,1,6,36,9,0,471.0,713.0,916.0,571.0,949.0,526.5714285714286,562.0,596.7857142857143,119.74536475769017,145.3780218285042,136.90639060452835
2022-09-07,409,1488,161,508,44.09,43.22,6.0,0.0,0,Autumn,20.0,20.0,20.0,40.0,2,7,36,9,0,443.0,571.0,475.0,698.0,590.0,488.0,528.2142857142857,578.7142857142857,89.30098916958586,106.56033218606362,121.18576408963779
2022-09-08,409,1466,456,540,46.7,50.86,4.0,0.0,0,Autumn,40.0,0.0,40.0,20.0,3,8,36,9,0,409.0,485.0,683.0,636.0,643.0,464.85714285714283,523.5,572.25,85.09882210588647,110.48337849231783,125.31844621987177
2022-09-09,539,1389,1387,645,46.23,48.05,17.0,100.0,0,Autumn,60.0,0.0,20.0,20.0,4,9,36,9,0,409.0,642.0,518.0,696.0,569.0,454.0,503.92857142857144,563.8928571428571,86.92908987598132,104.14225794608899,128.1949728273344
2022-09-10,394,1157,427,454,44.4,43.34,5.0,0.0,0,Autumn,0.0,20.0,40.0,40.0,5,10,36,9,1,539.0,394.0,407.0,622.0,623.0,439.2857142857143,505.42857142857144,562.8214285714286,51.162207033817246,104.51110672350222,128.27604885166465
2022-09-11,555,1449,158,598,41.01,39.86,19.0,100.0,0,Autumn,80.0,0.0,0.0,20.0,6,11,36,9,1,394.0,410.0,640.0,769.0,469.0,439.2857142857143,504.5,554.6428571428571,51.16220703381725,105.50592400429392,131.55542819599137
2022-09-12,550,1998,172,534,46.18,45.27,3.0,0.0,0,Autumn,20.0,20.0,60.0,0.0,0,12,37,9,0,555.0,471.0,543.0,490.0,517.0,460.0,498.42857142857144,557.7142857142857,64.8511115299225,99.37629672939215,130.48140413636258
2022-09-13,774,1951,1786,826,48.15,48.84,19.0,100.0,0,Autumn,0.0,60.0,20.0,20.0,1,13,37,9,0,550.0,443.0,713.0,916.0,571.0,471.2857142857143,498.92857142857144,558.8928571428571,73.39553638951459,99.63507591028473,130.248861311782
2022-09-14,538,1299,347,606,46.9,45.99,16.0,100.0,0,Autumn,20.0,60.0,20.0,0.0,2,14,37,9,0,774.0,409.0,571.0,475.0,698.0,518.5714285714286,503.2857142857143,566.1428571428571,133.85671088002616,110.46226544803403,136.44988614348992
2022-09-15,472,761,134,636,53.58,53.98,7.0,0.0,0,Autumn,40.0,0.0,0.0,60.0,3,15,37,9,0,538.0,409.0,485.0,683.0,636.0,537.0,500.92857142857144,560.4285714285714,124.83322207382626,109.25162507906886,134.05262332422205
2022-09-16,541,2434,98,547,42.61,45.72,17.0,100.0,0,Autumn,0.0,0.0,60.0,40.0,4,16,37,9,0,472.0,539.0,642.0,518.0,696.0,546.0,500.0,554.5714285714286,116.02729563914362,109.45248354352678,134.21111853577665
2022-09-17,460,1991,99,521,38.43,40.29,20.0,100.0,0,Autumn,80.0,20.0,0.0,0.0,5,17,37,9,1,541.0,394.0,394.0,407.0,622.0,546.2857142857143,492.7857142857143,549.0357142857143,116.00964656112869,102.47940023500978,131.3272649875131
2022-09-18,374,1630,725,496,44.92,47.82,6.0,0.0,0,Autumn,20.0,60.0,0.0,20.0,6,18,37,9,1,460.0,555.0,410.0,640.0,769.0,555.7142857142857,497.5,543.25,103.58686256103141,99.04602659680616,131.56201889152806
2022-09-19,583,1373,910,609,48.55,47.17,7.0,0.0,0,Autumn,0.0,20.0,20.0,60.0,0,19,38,9,0,374.0,550.0,471.0,543.0,490.0,529.8571428571429,494.92857142857144,529.1428571428571,124.31201144891865,101.91811516017182,127.57589296418209
2022-09-20,416,1132,296,520,49.64,50.65,5.0,0.0,0,Autumn,0.0,40.0,0.0,60.0,1,20,38,9,0,583.0,774.0,443.0,713.0,916.0,534.5714285714286,502.92857142857144,532.4642857142857,125.8197879811397,104.2640614281563,127.72959926775198
2022-09-21,460,1135,918,554,39.76,42.14,15.0,100.0,0,Autumn,0.0,80.0,0.0,20.0,2,21,38,9,0,416.0,538.0,409.0,571.0,475.0,483.42857142857144,501.0,514.6071428571429,74.61871334291577,105.69768209378977,105.06376874377531
2022-09-22,275,1824,130,333,40.65,40.31,6.0,0.0,0,Autumn,0.0,40.0,60.0,0.0,3,22,38,9,0,460.0,472.0,409.0,485.0,683.0,472.2857142857143,504.64285714285717,514.0714285714286,70.83952353903815,103.1306916511249,105.31115398398761
2022-09-23,665,1679,758,751,45.36,49.42,15.0,100.0,0,Autumn,20.0,20.0,0.0,60.0,4,23,38,9,0,275.0,541.0,539.0,642.0,518.0,444.14285714285717,495.07142857142856,499.5,102.86468226336325,117.85679986630014,109.22538709102935
2022-09-24,567,2001,273,640,53.39,57.21,4.0,0.0,0,Autumn,0.0,0.0,0.0,100.0,5,24,38,9,1,665.0,460.0,394.0,394.0,407.0,461.85714285714283,504.07142857142856,504.75,129.54205053627447,125.99906244200224,113.59304393152618
2022-09-25,452,1434,96,578,47.29,46.49,9.0,0.0,0,Autumn,20.0,20.0,60.0,0.0,6,25,38,9,1,567.0,374.0,555.0,410.0,640.0,477.14285714285717,516.4285714285714,510.4642857142857,135.4639294811576,122.8167579931822,112.51287404291486
2022-09-26,882,1944,2470,1022,52.25,51.25,19.0,100.0,0,Autumn,0.0,40.0,0.0,60.0,0,26,39,9,0,452.0,583.0,550.0,471.0,543.0,488.2857142857143,509.07142857142856,503.75,128.59978523273134,123.41204546977093,110.07964288540268
2022-09-27,396,1230,108,517,44.13,46.28,4.0,0.0,0,Autumn,40.0,0.0,20.0,40.0,1,27,39,9,0,882.0,416.0,774.0,443.0,713.0,531.0,532.7857142857143,515.8571428571429,196.8485035079851,158.7267504823341,131.1772095962569
2022-09-28,527,1272,150,723,44.29,48.44,18.0,100.0,0,Autumn,20.0,80.0,0.0,0.0,2,28,39,9,0,396.0,460.0,538.0,409.0,571.0,528.1428571428571,505.7857142857143,504.5357142857143,198.92999486538662,146.1938536914008,127.150095656263
2022-09-29,544,2867,124,539,42.38,46.37,4.0,0.0,0,Autumn,40.0,40.0,0.0,20.0,3,29,39,9,0,527.0,275.0,472.0,409.0,485.0,537.7142857142857,505.0,502.9642857142857,196.7042740475441,146.0368762702389,126.56881663314765
2022-09-30,394,2447,0,507,46.4,45.45,5.0,0.0,0,Autumn,40.0,60.0,0.0,0.0,4,30,39,9,0,544.0,665.0,541.0,539.0,642.0,576.1428571428571,510.14285714285717,505.07142857142856,159.60307909668532,146.05312897543934,126.74965952804843
2022-10-01,469,2053,108,510,42.9,46.47,5.0,0.0,0,Autumn,0.0,60.0,40.0,0.0,5,1,39,10,1,394.0,567.0,460.0,394.0,394.0,537.4285714285714,499.64285714285717,496.2142857142857,167.146499756807,148.92001319389604,125.48553322044364
2022-10-02,466,1692,866,575,45.54,42.86,19.0,100.0,0,Autumn,0.0,40.0,0.0,60.0,6,2,39,10,1,469.0,452.0,374.0,555.0,410.0,523.4285714285714,500.2857142857143,498.89285714285717,168.35662262278925,148.75505347404427,124.01473606755279
2022-10-03,368,1325,95,507,47.97,47.5,4.0,0.0,0,Autumn,0.0,0.0,80.0,20.0,0,3,40,10,0,466.0,882.0,583.0,550.0,471.0,525.4285714285714,506.85714285714283,500.89285714285717,167.44736202048375,144.72459635876905,122.97525776010407
2022-10-04,434,1328,319,514,50.08,45.0,3.0,0.0,0,Autumn,20.0,40.0,20.0,20.0,1,4,40,10,0,368.0,396.0,416.0,774.0,443.0,452.0,491.5,497.2142857142857,68.47140522388288,147.40564126560056,125.4188116148384
2022-10-05,581,1458,837,617,46.93,47.44,6.0,0.0,0,Autumn,0.0,60.0,20.0,20.0,2,5,40,10,0,434.0,527.0,460.0,538.0,409.0,457.42857142857144,492.7857142857143,496.89285714285717,64.69378420130919,146.77359779943004,125.5743366343778
2022-10-06,475,1047,1329,597,45.27,48.69,5.0,0.0,0,Autumn,20.0,0.0,60.0,20.0,3,6,40,10,0,581.0,544.0,275.0,472.0,409.0,465.14285714285717,501.42857142857144,503.0357142857143,76.51237061510193,148.2496409572579,125.32224600570864
2022-10-07,481,1125,243,553,44.93,45.45,5.0,0.0,0,Autumn,0.0,20.0,40.0,40.0,4,7,40,10,0,475.0,394.0,665.0,541.0,539.0,455.2857142857143,515.7142857142857,505.39285714285717,68.70641475561997,133.67148511954883,124.10280663126287
2022-10-08,409,1373,187,536,48.35,47.63,5.0,0.0,0,Autumn,0.0,40.0,20.0,40.0,5,8,40,10,1,481.0,469.0,567.0,460.0,394.0,467.7142857142857,502.57142857142856,503.32142857142856,63.439509996305034,126.72970284198341,124.00509355471345
2022-10-09,633,2167,228,690,43.3,47.68,16.0,100.0,0,Autumn,60.0,0.0,20.0,20.0,6,9,40,10,1,409.0,466.0,452.0,374.0,555.0,459.14285714285717,491.2857142857143,503.85714285714283,67.17992897542172,127.58311232075502,123.54687647945899
2022-10-10,722,1949,1680,820,48.37,48.89,15.0,100.0,0,Autumn,20.0,40.0,20.0,20.0,0,10,41,10,0,633.0,368.0,882.0,583.0,550.0,483.0,504.2142857142857,506.64285714285717,94.2284458112298,132.3766064456472,125.60496990807519
2022-10-11,741,1227,654,693,51.87,51.35,4.0,0.0,0,Autumn,0.0,40.0,20.0,40.0,1,11,41,10,0,722.0,434.0,396.0,416.0,774.0,533.5714285714286,492.7857142857143,512.7857142857143,114.94035720444599,100.26363599678872,131.85439700890527
2022-10-12,472,870,111,584,46.87,49.45,5.0,0.0,0,Autumn,0.0,40.0,0.0,60.0,2,12,41,10,0,741.0,581.0,527.0,460.0,538.0,577.4285714285714,517.4285714285714,511.60714285714283,128.39763386041176,115.83390913499522,129.5606076637535
2022-10-13,441,1945,384,694,45.8,46.8,15.0,100.0,0,Autumn,80.0,20.0,0.0,0.0,3,13,41,10,0,472.0,475.0,544.0,275.0,472.0,561.8571428571429,513.5,509.25,134.36322484398826,116.41553557441014,129.6629890938071
2022-10-14,480,2183,413,528,46.66,49.97,7.0,0.0,0,Autumn,0.0,60.0,40.0,0.0,4,14,41,10,0,441.0,481.0,394.0,665.0,541.0,557.0,506.14285714285717,508.14285714285717,138.57488950022636,117.58849835360081,130.12436054155737
2022-10-15,703,1922,529,785,51.0,49.17,13.0,100.0,0,Autumn,0.0,20.0,0.0,80.0,5,15,41,10,1,480.0,409.0,469.0,567.0,460.0,556.8571428571429,512.2857142857143,505.9642857142857,138.66678113548372,113.45309337168479,130.0645088216861
2022-10-16,458,1420,451,536,46.8,44.18,6.0,0.0,0,Autumn,40.0,0.0,40.0,20.0,6,16,41,10,1,703.0,633.0,466.0,452.0,374.0,598.8571428571429,529.0,514.6428571428571,130.71524850022737,123.38744481697219,134.90111997056277
2022-10-17,387,1703,132,515,46.26,43.2,3.0,0.0,0,Autumn,40.0,20.0,40.0,0.0,0,17,42,10,0,458.0,722.0,368.0,882.0,583.0,573.8571428571429,528.4285714285714,517.6428571428571,139.53425931938543,123.71972934245875,132.57149413882703
2022-10-18,517,1448,1290,705,41.96,46.19,20.0,100.0,0,Autumn,0.0,20.0,60.0,20.0,1,18,42,10,0,387.0,741.0,434.0,396.0,416.0,526.0,529.7857142857143,510.64285714285717,137.69289499946336,121.91559411294318,134.15778832893815
2022-10-19,472,1513,174,524,37.12,37.42,19.0,100.0,0,Autumn,0.0,60.0,20.0,20.0,2,19,42,10,0,517.0,472.0,581.0,527.0,460.0,494.0,535.7142857142857,514.25,100.36931802099619,118.8796602719466,132.8704813523862
2022-10-20,547,1215,433,622,38.39,39.26,21.0,100.0,0,Autumn,20.0,40.0,40.0,0.0,3,20,42,10,0,472.0,441.0,475.0,544.0,275.0,494.0,527.9285714285714,514.6785714285714,100.36931802099619,119.25439149192667,132.70827197177817
2022-10-21,439,1827,111,504,45.22,41.41,4.0,0.0,0,Autumn,40.0,40.0,20.0,0.0,4,21,42,10,0,547.0,480.0,481.0,394.0,665.0,509.14285714285717,533.0714285714286,524.3928571428571,99.02765366540844,118.34529940014392,124.19618270680377
2022-10-22,492,1499,626,568,47.71,53.64,4.0,0.0,0,Autumn,60.0,40.0,0.0,0.0,5,22,42,10,1,439.0,703.0,409.0,469.0,567.0,503.2857142857143,530.0714285714286,516.3214285714286,102.20031683857269,120.28329654848692,122.04493816302636
2022-10-23,635,1590,552,723,49.75,52.26,14.0,100.0,0,Autumn,20.0,40.0,0.0,40.0,6,23,42,10,1,492.0,458.0,633.0,466.0,452.0,473.14285714285717,536.0,513.6428571428571,52.52119753467196,115.8194881967351,121.71405904542074
2022-10-24,406,1266,439,479,46.06,46.8,3.0,0.0,0,Autumn,40.0,0.0,0.0,60.0,0,24,43,10,0,635.0,387.0,722.0,368.0,882.0,498.42857142857144,536.1428571428571,520.1785714285714,79.6280041669947,115.94949639513545,123.18581374896503
2022-10-25,474,1719,0,520,45.02,51.16,9.0,0.0,0,Autumn,20.0,60.0,0.0,20.0,1,25,43,10,0,406.0,517.0,741.0,434.0,396.0,501.14285714285717,513.5714285714286,503.17857142857144,75.40872754844808,107.4306318483722,102.51433633126229
2022-10-26,419,1245,1098,489,45.94,45.92,7.0,0.0,0,Autumn,0.0,40.0,60.0,0.0,2,26,43,10,0,474.0,472.0,472.0,581.0,527.0,495.0,494.5,505.9642857142857,75.65271530707412,85.38937963146229,100.53467510998833
2022-10-27,782,1185,1539,787,45.04,43.51,20.0,100.0,0,Autumn,60.0,40.0,0.0,0.0,3,27,43,10,0,419.0,547.0,441.0,475.0,544.0,487.42857142857144,490.7142857142857,502.10714285714283,80.81430802124241,87.60964872347328,101.76200967825184
2022-10-28,423,539,337,547,50.54,49.36,5.0,0.0,0,Autumn,0.0,60.0,0.0,40.0,4,28,43,10,0,782.0,439.0,480.0,481.0,394.0,521.0,515.0714285714286,510.60714285714283,138.1545028823403,115.64232941119865,114.52974360100598
2022-10-29,538,1268,877,739,55.03,52.36,4.0,0.0,0,Autumn,0.0,20.0,20.0,60.0,5,29,43,10,1,423.0,492.0,703.0,409.0,469.0,518.7142857142857,511.0,511.64285714285717,139.85911278344122,117.9524023950723,113.56323553689576
2022-10-30,464,2505,130,615,46.74,49.11,9.0,0.0,0,Autumn,40.0,0.0,60.0,0.0,6,30,43,10,1,538.0,635.0,458.0,633.0,466.0,525.2857142857143,499.2142857142857,514.1071428571429,139.47486546054816,104.8025091973745,113.35207011317347
2022-10-31,626,2476,142,636,52.47,54.21,3.0,0.0,0,Autumn,20.0,0.0,60.0,20.0,0,31,44,10,0,464.0,406.0,387.0,722.0,368.0,500.85714285714283,499.64285714285717,514.0357142857143,131.82112700098344,104.63313723000587,113.38413310605517
2022-11-01,533,2413,411,525,45.5,49.87,4.0,0.0,0,Autumn,40.0,20.0,20.0,20.0,1,1,44,11,0,626.0,474.0,517.0,741.0,434.0,532.2857142857143,516.7142857142857,523.25,131.66208551403355,104.33778618685301,111.54524908122525
2022-11-02,732,1880,1877,960,50.84,48.51,18.0,100.0,0,Autumn,0.0,20.0,40.0,40.0,2,2,44,11,0,533.0,419.0,472.0,472.0,581.0,540.7142857142857,517.8571428571429,526.7857142857143,129.1739322073331,104.42874430616536,110.17203958753915
2022-11-03,380,1342,0,393,44.89,43.35,5.0,0.0,0,Autumn,0.0,20.0,80.0,0.0,3,3,44,11,0,732.0,782.0,547.0,441.0,475.0,585.4285714285714,536.4285714285714,532.1785714285714,134.09928802055222,117.89676989488801,116.44138680403347
2022-11-04,620,1686,540,724,53.54,54.0,6.0,0.0,0,Autumn,40.0,20.0,0.0,40.0,4,4,44,11,0,380.0,423.0,439.0,480.0,481.0,528.0,524.5,528.7857142857143,121.3603449786348,124.9804600112162,119.51270105844691
2022-11-05,693,2655,390,742,44.66,48.24,15.0,100.0,0,Autumn,40.0,0.0,20.0,40.0,5,5,44,11,1,620.0,538.0,492.0,703.0,409.0,556.1428571428571,537.4285714285714,533.75,115.66104007173782,124.8172290164322,120.338296296547
2022-11-06,485,2283,77,570,51.85,54.87,4.0,0.0,0,Autumn,20.0,40.0,20.0,20.0,6,6,44,11,1,693.0,464.0,635.0,458.0,633.0,578.2857142857143,551.7857142857143,543.8928571428571,125.98507092206628,130.61521796802614,121.39813266173654
2022-11-07,597,1875,673,590,44.88,50.4,10.0,0.0,0,Autumn,20.0,0.0,60.0,20.0,0,7,45,11,0,485.0,626.0,406.0,387.0,722.0,581.2857142857143,541.0714285714286,538.6071428571429,123.0253554973042,129.41077370778746,120.59400491385962
2022-11-08,427,1787,759,537,46.37,46.37,4.0,0.0,0,Autumn,40.0,20.0,20.0,20.0,1,8,45,11,0,597.0,533.0,474.0,517.0,741.0,577.1428571428571,554.7142857142857,534.1428571428571,121.75033000835289,124.03189947715832,115.77075505008901
2022-11-09,569,1507,0,583,49.83,47.94,6.0,0.0,0,Autumn,0.0,40.0,20.0,40.0,2,9,45,11,0,427.0,732.0,419.0,472.0,472.0,562.0,551.3571428571429,522.9285714285714,134.11934983439176,126.98552742664809,110.05820970654358
2022-11-10,720,1678,1652,809,45.46,48.19,17.0,100.0,0,Autumn,0.0,40.0,0.0,60.0,3,10,45,11,0,569.0,380.0,782.0,547.0,441.0,538.7142857142857,562.0714285714286,526.3928571428571,112.01296693644308,121.15309087502162,109.92230902398299
2022-11-11,418,1505,126,541,49.02,52.72,4.0,0.0,0,Autumn,20.0,40.0,40.0,0.0,4,11,45,11,0,720.0,620.0,423.0,439.0,480.0,587.2857142857143,557.6428571428571,536.3571428571429,105.23103833266786,113.37928663279926,114.44721063077071
2022-11-12,545,1366,1138,701,43.41,49.71,15.0,100.0,0,Autumn,40.0,20.0,0.0,40.0,5,12,45,11,1,418.0,693.0,538.0,492.0,703.0,558.4285714285714,557.2857142857143,534.1428571428571,121.24336015201958,113.84296104818954,116.16486186569117
2022-11-13,487,2426,0,580,47.31,51.05,7.0,0.0,0,Autumn,20.0,40.0,20.0,20.0,6,13,45,11,1,545.0,485.0,464.0,635.0,458.0,537.2857142857143,557.7857142857143,528.5,105.78392172366277,113.76708904358222,111.39835094198018
2022-11-14,639,2213,448,689,46.59,43.82,16.0,100.0,0,Autumn,0.0,60.0,20.0,20.0,0,14,46,11,0,487.0,597.0,626.0,406.0,387.0,537.5714285714286,559.4285714285714,529.5357142857143,105.62174198976412,112.46723576615074,110.85208100181903
2022-11-15,527,2342,624,601,48.51,51.94,4.0,0.0,0,Autumn,80.0,0.0,0.0,20.0,1,15,46,11,0,639.0,427.0,533.0,474.0,517.0,543.5714285714286,560.3571428571429,538.5357142857143,110.63431827851748,113.1109782761745,109.06657231144274
2022-11-16,414,2251,688,473,43.76,46.54,5.0,0.0,0,Autumn,0.0,0.0,20.0,80.0,2,16,46,11,0,527.0,569.0,732.0,419.0,472.0,557.8571428571429,559.9285714285714,538.8928571428571,98.90808624075926,113.23390650515152,109.00979884114187
2022-11-17,390,1919,0,493,45.06,44.18,7.0,0.0,0,Autumn,0.0,40.0,40.0,20.0,3,17,46,11,0,414.0,720.0,380.0,782.0,547.0,535.7142857142857,537.2142857142857,536.8214285714286,112.42436611001199,107.82762495435266,110.86329705957968
2022-11-18,563,2034,169,664,42.71,46.21,18.0,100.0,0,Autumn,40.0,20.0,20.0,20.0,4,18,46,11,0,390.0,418.0,620.0,423.0,439.0,488.57142857142856,537.9285714285714,531.2142857142857,89.02220161820436,106.73364712484653,114.24805927287792
2022-11-19,301,2246,322,416,42.55,47.24,4.0,0.0,0,Autumn,0.0,40.0,20.0,40.0,5,19,46,11,1,563.0,545.0,693.0,538.0,492.0,509.2857142857143,533.8571428571429,535.6428571428571,86.70392971815814,104.42432456300303,112.93695858201862
2022-11-20,364,2066,0,451,38.54,38.08,17.0,100.0,0,Autumn,0.0,20.0,60.0,20.0,6,20,46,11,1,301.0,487.0,485.0,464.0,635.0,474.42857142857144,505.85714285714283,528.8214285714286,114.53362991258159,110.82825045493118,121.14088937829813
2022-11-21,406,1903,103,444,44.04,42.61,5.0,0.0,0,Autumn,80.0,0.0,20.0,0.0,0,21,47,11,0,364.0,639.0,597.0,626.0,406.0,456.85714285714283,497.2142857142857,519.1428571428571,121.50641762396471,117.11938588231416,123.15263467978029
2022-11-22,331,1600,271,348,42.06,39.98,7.0,0.0,0,Autumn,60.0,40.0,0.0,0.0,1,22,47,11,0,406.0,527.0,427.0,533.0,474.0,423.57142857142856,483.57142857142856,519.1428571428571,91.50383806678346,115.71763663578382,123.15263467978029
2022-11-23,284,1269,175,331,42.75,40.66,3.0,0.0,0,Autumn,0.0,60.0,20.0,20.0,2,23,47,11,0,331.0,414.0,569.0,732.0,419.0,395.57142857142856,476.7142857142857,514.0357142857143,84.28297009253265,122.00153124601961,127.96512318332191
2022-11-24,376,1035,292,439,43.11,44.78,4.0,0.0,0,Autumn,20.0,0.0,20.0,60.0,3,24,47,11,0,284.0,390.0,720.0,380.0,782.0,377.0,456.35714285714283,509.2142857142857,93.3773705633919,128.99529338036174,134.07580971719975
2022-11-25,433,1132,1026,470,38.83,43.47,14.0,100.0,0,Autumn,20.0,40.0,20.0,20.0,4,25,47,11,0,376.0,563.0,418.0,620.0,423.0,375.0,431.7857142857143,494.7142857142857,93.20228895615355,105.54414211156313,125.13810360375848
2022-11-26,330,810,305,454,45.45,47.67,4.0,0.0,0,Autumn,20.0,20.0,0.0,60.0,5,26,47,11,1,433.0,301.0,545.0,693.0,538.0,356.42857142857144,432.85714285714283,495.07142857142856,54.353341335058346,105.46954146019634,124.93996441889492
2022-11-27,434,952,263,524,43.76,42.69,12.0,100.0,0,Autumn,20.0,40.0,20.0,20.0,6,27,47,11,1,330.0,364.0,487.0,485.0,464.0,360.57142857142856,417.5,487.64285714285717,50.38471045484633,103.51941475283338,128.42787694546539
2022-11-28,476,1382,867,519,35.97,37.72,21.0,100.0,0,Autumn,0.0,0.0,80.0,20.0,0,28,48,11,0,434.0,406.0,639.0,597.0,626.0,370.57142857142856,413.7142857142857,486.57142857142856,57.60745652794189,101.73602990199534,128.75714394316978
2022-11-29,533,1379,266,688,50.39,49.13,6.0,0.0,0,Autumn,20.0,40.0,20.0,20.0,1,29,48,11,0,476.0,331.0,527.0,427.0,533.0,380.57142857142856,402.07142857142856,481.2142857142857,69.60808655813918,81.23135458080755,125.82832429849499
2022-11-30,419,971,551,488,44.76,44.86,6.0,0.0,0,Autumn,0.0,20.0,20.0,60.0,2,30,48,11,0,533.0,284.0,414.0,569.0,732.0,409.42857142857144,402.5,481.2142857142857,85.65406614760781,81.95378622689128,125.82832429849499
2022-12-01,484,1577,604,547,45.53,47.87,6.0,0.0,0,Winter,40.0,0.0,60.0,0.0,3,1,48,12,0,419.0,376.0,390.0,720.0,380.0,428.7142857142857,402.85714285714283,470.0357142857143,65.54315190700336,82.0186255984265,116.26326515884914
2022-12-02,350,1442,287,388,42.84,44.76,4.0,0.0,0,Winter,40.0,0.0,0.0,60.0,4,2,48,12,0,484.0,433.0,563.0,418.0,620.0,444.14285714285717,409.57142857142856,473.75,63.753244548618625,84.68921853614927,114.93399877353137
2022-12-03,624,1315,689,689,51.52,49.84,5.0,0.0,0,Winter,0.0,0.0,60.0,40.0,5,3,48,12,1,350.0,330.0,301.0,545.0,693.0,432.2857142857143,394.35714285714283,464.10714285714283,73.19087895294415,73.3837197862731,113.52706947087793
2022-12-04,388,1288,689,458,43.48,49.14,6.0,0.0,0,Winter,60.0,0.0,20.0,20.0,6,4,48,12,1,624.0,434.0,364.0,487.0,485.0,474.2857142857143,417.42857142857144,461.64285714285717,87.6407711165562,90.54341439392375,109.03455595147089
2022-12-05,486,1357,73,484,47.37,53.19,1.0,0.0,0,Winter,20.0,0.0,20.0,60.0,0,5,49,12,0,388.0,476.0,406.0,639.0,597.0,467.7142857142857,419.14285714285717,458.17857142857144,92.74106297592552,89.67707634606477,109.80320901045997
2022-12-06,483,1558,379,618,48.23,53.92,6.0,0.0,0,Winter,20.0,0.0,0.0,80.0,1,6,49,12,0,486.0,533.0,331.0,527.0,427.0,469.14285714285717,424.85714285714283,454.2142857142857,92.96671191243318,91.30915965752035,106.5615305274837
2022-12-07,564,1658,506,587,46.28,42.69,15.0,100.0,0,Winter,40.0,0.0,40.0,20.0,2,7,49,12,0,483.0,419.0,284.0,414.0,569.0,462.0,435.7142857142857,456.2142857142857,89.08235889707052,88.27703645249463,106.55735966826012
2022-12-08,311,1497,0,434,46.4,45.15,4.0,0.0,0,Winter,40.0,0.0,0.0,60.0,3,8,49,12,0,564.0,484.0,376.0,390.0,720.0,482.7142857142857,455.7142857142857,456.0357142857143,94.13237892406951,82.80972496905444,106.36536687212299
2022-12-09,542,1186,1756,682,51.64,59.6,4.0,0.0,0,Winter,20.0,0.0,20.0,60.0,4,9,49,12,0,311.0,350.0,433.0,563.0,418.0,458.0,451.07142857142856,441.42857142857144,114.29056537323254,89.19853766110188,96.38865330925911
2022-12-10,514,1093,223,669,41.33,43.2,17.0,100.0,0,Winter,20.0,0.0,40.0,40.0,5,10,49,12,1,542.0,624.0,330.0,301.0,545.0,485.42857142857144,458.85714285714283,445.85714285714283,106.84857999813988,92.20617127924741,98.10565517196056
2022-12-11,369,1152,0,442,44.26,48.67,3.0,0.0,0,Winter,40.0,0.0,60.0,0.0,6,11,49,12,1,514.0,388.0,434.0,364.0,487.0,469.7142857142857,472.0,444.75,89.80110297339294,85.2796305375162,97.11529040078956
2022-12-12,669,2091,634,656,46.8,49.38,7.0,0.0,0,Winter,40.0,0.0,60.0,0.0,0,12,50,12,0,369.0,486.0,476.0,406.0,639.0,467.0,467.35714285714283,440.5357142857143,92.91573243177474,89.18744922297634,97.77202589503354
2022-12-13,335,1564,0,416,44.71,49.48,7.0,0.0,0,Winter,40.0,0.0,60.0,0.0,1,13,50,12,0,669.0,483.0,533.0,331.0,527.0,493.14285714285717,481.14285714285717,441.60714285714283,120.73307827797672,104.26730230359951,100.16258608279696
2022-12-14,521,1229,1191,585,47.25,48.99,3.0,0.0,0,Winter,0.0,0.0,20.0,80.0,2,14,50,12,0,335.0,564.0,419.0,284.0,414.0,472.0,467.0,434.75,134.92961127936238,109.9650294062052,100.67094361775376
2022-12-15,399,1414,289,588,49.41,50.42,12.0,100.0,0,Winter,40.0,0.0,40.0,20.0,3,15,50,12,0,521.0,311.0,484.0,376.0,390.0,465.85714285714283,474.2857142857143,438.57142857142856,130.96364453723794,109.91915110761937,101.87771485005368
2022-12-16,394,1271,420,482,47.41,48.14,5.0,0.0,0,Winter,40.0,0.0,60.0,0.0,4,16,50,12,0,399.0,542.0,350.0,433.0,563.0,478.42857142857144,468.2142857142857,438.89285714285717,117.11227823881472,111.67478785186084,101.73288891912365
2022-12-17,716,1977,762,809,47.06,48.95,18.0,100.0,0,Winter,40.0,0.0,20.0,40.0,5,17,50,12,1,394.0,514.0,624.0,330.0,301.0,457.2857142857143,471.35714285714283,432.85714285714283,117.08218521721359,108.6707144350494,99.07562180465438
2022-12-18,544,1451,137,589,50.68,47.09,6.0,0.0,0,Winter,20.0,0.0,20.0,60.0,6,18,50,12,1,716.0,369.0,388.0,434.0,364.0,486.14285714285717,477.92857142857144,447.67857142857144,152.82716662014874,120.72439323052734,109.14891410241106
2022-12-19,577,1374,858,601,52.59,49.13,1.0,0.0,0,Winter,40.0,0.0,40.0,20.0,0,19,51,12,0,544.0,669.0,486.0,476.0,406.0,511.14285714285717,489.07142857142856,454.10714285714283,144.56074682917696,118.97217792777853,109.33852944485798
2022-12-20,445,1369,110,532,41.61,42.38,18.0,100.0,0,Winter,20.0,0.0,80.0,0.0,1,20,51,12,0,577.0,335.0,483.0,533.0,331.0,498.0,495.57142857142856,460.2142857142857,131.40015220691282,121.25542924289613,111.30983023470279
2022-12-21,655,1200,1183,705,45.36,48.1,14.0,100.0,0,Winter,40.0,0.0,20.0,40.0,2,21,51,12,0,445.0,521.0,564.0,419.0,284.0,513.7142857142857,492.85714285714283,464.2857142857143,114.09603306822127,121.98162354845239,108.45680387545244
2022-12-22,752,1360,1015,814,44.98,48.16,23.0,100.0,0,Winter,20.0,0.0,60.0,20.0,3,22,51,12,0,655.0,399.0,311.0,484.0,376.0,532.8571428571429,499.35714285714283,477.5357142857143,126.12880793251038,128.3238733966379,108.27792844508905
2022-12-23,395,751,137,624,46.39,47.01,8.0,0.0,0,Winter,20.0,0.0,60.0,20.0,4,23,51,12,0,752.0,394.0,542.0,350.0,433.0,583.2857142857143,530.8571428571429,490.9642857142857,134.0120819002453,132.58660864208213,118.09019846517745
2022-12-24,502,1919,195,561,48.39,51.87,2.0,0.0,0,Winter,40.0,0.0,40.0,20.0,5,24,51,12,1,395.0,716.0,514.0,624.0,330.0,583.4285714285714,520.3571428571429,489.60714285714283,133.7769999450043,137.37069844478717,118.99590384662474
2022-12-25,589,2118,1209,625,44.38,39.92,18.0,100.0,0,Winter,20.0,0.0,40.0,40.0,6,25,51,12,1,502.0,544.0,369.0,388.0,434.0,552.8571428571429,519.5,495.75,122.40020230297598,137.45083036937473,114.8176089863108
2022-12-26,752,1529,899,781,50.56,54.98,17.0,100.0,0,Winter,60.0,0.0,0.0,40.0,0,26,52,12,0,589.0,577.0,669.0,486.0,476.0,559.2857142857143,535.2142857142857,501.2857142857143,123.03754750172008,131.36219955728254,115.4648758979872
2022-12-27,583,1066,1133,738,41.33,41.35,22.0,100.0,0,Winter,0.0,0.0,80.0,20.0,1,27,52,12,0,752.0,445.0,335.0,483.0,533.0,584.2857142857143,541.1428571428571,511.14285714285717,143.34075285337173,139.48634184191442,124.64251527370837
2022-12-28,652,1547,127,667,53.76,50.47,3.0,0.0,0,Winter,0.0,0.0,0.0,100.0,2,28,52,12,0,583.0,655.0,521.0,564.0,419.0,604.0,558.8571428571429,512.9285714285714,129.8460627050354,126.42958340688858,125.3235600714994
2022-12-29,417,2122,327,502,47.81,44.65,7.0,0.0,0,Winter,40.0,0.0,0.0,60.0,3,29,52,12,0,652.0,752.0,399.0,311.0,484.0,603.5714285714286,568.2142857142857,521.25,129.6544859011276,128.24686445195482,126.584951712279
2022-12-30,634,2597,519,733,52.0,55.92,4.0,0.0,0,Winter,40.0,0.0,0.0,60.0,4,30,52,12,0,417.0,395.0,394.0,542.0,350.0,555.7142857142857,569.5,518.8571428571429,127.54569675965041,126.49825173617035,127.94116538058346
2022-12-31,475,2361,148,545,48.14,44.97,3.0,0.0,0,Winter,0.0,0.0,40.0,60.0,5,31,52,12,1,634.0,502.0,716.0,514.0,624.0,589.8571428571429,586.6428571428571,529.0,107.81686412837354,116.77368456374592,125.28870363787495
2023-01-01,471,2034,221,535,48.55,50.72,2.0,0.0,0,Winter,80.0,0.0,0.0,20.0,6,1,52,1,1,475.0,589.0,544.0,369.0,388.0,586.0,569.4285714285714,523.6785714285714,111.88982676424743,113.96741388910804,124.26436978427726
2023-01-02,631,1907,521,698,54.95,53.91,5.0,0.0,0,Winter,40.0,0.0,0.0,60.0,0,2,1,1,0,471.0,752.0,577.0,669.0,486.0,569.1428571428571,564.2142857142857,526.6428571428571,119.96031089688012,116.85374064742871,121.87492504406865
2023-01-03,787,1677,945,806,46.64,51.17,19.0,100.0,0,Winter,60.0,0.0,20.0,20.0,1,3,1,1,0,631.0,583.0,445.0,335.0,483.0,551.8571428571429,568.0714285714286,531.8214285714286,95.42960506996477,118.19180258292884,123.15784920217554
2023-01-04,491,1092,750,632,54.32,52.76,0.0,0.0,0,Winter,100.0,0.0,0.0,0.0,2,4,1,1,0,787.0,652.0,655.0,521.0,564.0,581.0,592.5,542.6785714285714,131.0330747050783,125.89052020276547,131.79165757092136
2023-01-05,453,1201,340,523,48.21,50.17,2.0,0.0,0,Winter,40.0,0.0,40.0,20.0,3,5,1,1,0,491.0,417.0,752.0,399.0,311.0,558.0,580.7857142857143,540.0714285714286,130.62286680873785,127.25031574476617,132.07599624106103
2023-01-06,462,1322,588,542,45.86,51.2,4.0,0.0,0,Winter,20.0,0.0,60.0,20.0,4,6,1,1,0,453.0,634.0,395.0,394.0,542.0,563.1428571428571,559.4285714285714,545.1428571428571,124.7215947239135,121.25416045881173,125.51780581542826
2023-01-07,727,1953,722,760,44.61,50.35,18.0,100.0,0,Winter,40.0,0.0,20.0,40.0,5,7,1,1,1,462.0,475.0,502.0,716.0,514.0,538.5714285714286,564.2142857142857,542.2857142857143,125.37657562035109,115.4484091048248,126.4986772417614
2023-01-08,523,1298,143,560,48.37,46.46,2.0,0.0,0,Winter,80.0,0.0,0.0,20.0,6,8,1,1,1,727.0,471.0,589.0,544.0,369.0,574.5714285714286,580.2857142857143,549.8928571428571,139.46786624267855,121.61757753234107,131.05705268394004
2023-01-09,537,1413,620,677,41.54,39.96,18.0,100.0,0,Winter,0.0,0.0,40.0,60.0,0,9,2,1,0,523.0,631.0,752.0,577.0,669.0,582.0,575.5714285714286,555.3928571428571,134.32175301615632,122.52956584226655,126.33064766588711
2023-01-10,419,1648,307,534,39.76,40.7,16.0,100.0,0,Winter,40.0,0.0,0.0,60.0,1,10,2,1,0,537.0,787.0,583.0,445.0,335.0,568.5714285714286,560.2142857142857,550.6785714285714,133.30148429138237,111.71197757655965,124.38204394985166
2023-01-11,414,1422,372,585,49.61,51.49,5.0,0.0,0,Winter,40.0,0.0,20.0,40.0,2,11,2,1,0,419.0,491.0,652.0,655.0,521.0,516.0,548.5,553.6785714285714,101.59560357941938,117.583194769948,119.92036047787226
2023-01-12,570,1748,991,658,44.59,48.08,18.0,100.0,0,Winter,40.0,0.0,60.0,0.0,3,12,2,1,0,414.0,453.0,417.0,752.0,399.0,505.0,531.5,549.8571428571429,108.6753575256745,118.66808915886031,122.67352465301396
2023-01-13,392,1422,157,432,41.11,43.43,4.0,0.0,0,Winter,60.0,0.0,40.0,0.0,4,13,2,1,0,570.0,462.0,634.0,395.0,394.0,521.7142857142857,542.4285714285714,555.9642857142857,108.34161140533509,114.27612597140664,119.08928556552812
2023-01-14,478,1187,279,588,49.65,54.6,5.0,0.0,0,Winter,60.0,0.0,0.0,40.0,5,14,2,1,1,392.0,727.0,475.0,502.0,716.0,511.7142857142857,525.1428571428571,555.8928571428571,117.60628425062137,117.61335425410216,119.1905847902655
2023-01-15,468,1700,439,555,42.48,41.81,17.0,100.0,0,Winter,0.0,0.0,80.0,20.0,6,15,2,1,1,478.0,523.0,471.0,589.0,544.0,476.14285714285717,525.3571428571429,547.3928571428571,69.42484802870885,117.51766292307268,115.78758946025195
2023-01-16,451,1659,136,523,44.9,47.46,7.0,0.0,0,Winter,60.0,0.0,20.0,20.0,0,16,3,1,0,468.0,537.0,631.0,752.0,577.0,468.2857142857143,525.1428571428571,544.6785714285714,66.27899185944625,117.62708815630735,116.7568075805522
2023-01-17,462,1344,780,504,44.88,45.35,6.0,0.0,0,Winter,20.0,0.0,0.0,80.0,1,17,3,1,0,451.0,419.0,787.0,583.0,445.0,456.0,512.2857142857143,540.1785714285714,58.988699482752,114.97386229482267,117.88759667469446
2023-01-18,378,1173,270,416,46.54,41.38,6.0,0.0,0,Winter,80.0,0.0,20.0,0.0,2,18,3,1,0,462.0,414.0,491.0,652.0,655.0,462.14285714285717,489.07142857142856,540.7857142857143,56.68753117287752,83.83267610196765,117.42211197620473
2023-01-19,499,864,673,703,48.38,50.86,16.0,100.0,0,Winter,20.0,0.0,20.0,60.0,3,19,3,1,0,378.0,570.0,453.0,417.0,752.0,457.0,481.0,530.8928571428571,63.05817419917179,88.91828573730702,119.09981474803334
2023-01-20,734,1472,1896,821,48.23,47.53,14.0,100.0,0,Winter,40.0,0.0,20.0,40.0,4,20,3,1,0,499.0,392.0,462.0,634.0,395.0,446.85714285714283,484.2857142857143,521.8571428571429,44.9682427624496,88.65354222731536,111.02742880518282
2023-01-21,377,1242,0,489,44.52,46.9,5.0,0.0,0,Winter,40.0,0.0,20.0,40.0,5,21,3,1,1,734.0,478.0,727.0,475.0,502.0,495.7142857142857,503.7142857142857,533.9642857142857,111.70305022053448,110.50543221692944,115.09077967473132
2023-01-22,507,1138,143,629,46.5,51.34,6.0,0.0,0,Winter,20.0,0.0,20.0,60.0,6,22,3,1,1,377.0,468.0,523.0,471.0,589.0,481.2857142857143,478.7142857142857,529.5,120.54558513374886,94.54297237961933,118.74295300727904
2023-01-23,630,2440,1027,709,46.69,45.26,16.0,100.0,0,Winter,40.0,0.0,40.0,20.0,0,23,4,1,0,507.0,451.0,537.0,631.0,752.0,486.85714285714283,477.57142857142856,526.5714285714286,120.73031733499805,94.06193891074216,118.23123250065666
2023-01-24,515,1931,0,558,41.0,41.85,18.0,100.0,0,Winter,20.0,0.0,60.0,20.0,1,24,4,1,0,630.0,462.0,419.0,787.0,583.0,512.4285714285714,484.2142857142857,522.2142857142857,130.4362643118044,101.56633192263871,111.68253855455387
2023-01-25,467,1712,586,568,46.95,45.88,3.0,0.0,0,Winter,0.0,0.0,20.0,80.0,2,25,4,1,0,515.0,378.0,414.0,491.0,652.0,520.0,491.07142857142856,519.7857142857143,128.54571171377074,100.05418861467268,111.04932409047963
2023-01-26,489,1982,325,609,47.98,44.93,7.0,0.0,0,Winter,20.0,0.0,20.0,60.0,3,26,4,1,0,467.0,499.0,570.0,453.0,417.0,532.7142857142857,494.85714285714283,513.1785714285714,115.9435412686047,97.8930791478886,108.36257847014538
2023-01-27,395,1631,0,481,47.81,49.2,4.0,0.0,0,Winter,40.0,0.0,60.0,0.0,4,27,4,1,0,489.0,734.0,392.0,462.0,634.0,531.2857142857143,489.07142857142856,515.75,116.48850341802536,95.47409176212172,106.83931340517351
2023-01-28,421,1882,160,449,44.32,46.68,4.0,0.0,0,Winter,40.0,0.0,20.0,40.0,5,28,4,1,1,395.0,377.0,478.0,727.0,475.0,482.85714285714283,489.2857142857143,507.2142857142857,84.14358476522527,95.24254751497723,106.58898461009771
2023-01-29,197,1621,0,212,38.46,40.21,5.0,0.0,1,Winter,40.0,0.0,20.0,40.0,6,29,4,1,1,421.0,507.0,468.0,523.0,471.0,489.14285714285717,485.2142857142857,505.2857142857143,76.18492539303732,96.96484578795119,107.67642100391176
2023-01-30,268,1424,197,279,40.3,42.23,4.0,0.0,1,Winter,20.0,0.0,20.0,60.0,0,30,5,1,0,197.0,630.0,451.0,537.0,631.0,444.85714285714283,465.85714285714283,495.5,132.99427126938937,123.95834110567213,122.35755134183745
2023-01-31,368,1227,357,385,43.43,45.76,3.0,0.0,1,Winter,20.0,0.0,60.0,20.0,1,31,5,1,0,268.0,515.0,462.0,419.0,787.0,393.14285714285717,452.7857142857143,482.5357142857143,118.60639186180418,134.81849825794424,126.62528041513539
2023-02-01,276,1070,146,318,41.89,45.27,4.0,0.0,1,Winter,0.0,0.0,60.0,40.0,2,1,5,2,0,368.0,467.0,378.0,414.0,491.0,372.14285714285717,446.07142857142856,467.57142857142856,105.75195596524831,136.65254327094473,113.37692905670045
2023-02-02,399,794,583,393,33.96,35.96,22.0,100.0,1,Winter,60.0,0.0,0.0,40.0,3,2,5,2,0,276.0,489.0,499.0,570.0,453.0,344.85714285714283,438.7857142857143,459.89285714285717,101.7634979931857,143.12672092155987,118.87850607384523
2023-02-03,294,883,684,388,43.53,47.48,4.0,0.0,1,Winter,40.0,0.0,40.0,20.0,4,3,5,2,0,399.0,395.0,734.0,392.0,462.0,332.0,431.64285714285717,457.9642857142857,84.78600513449275,142.38388367252162,119.4312081997982
2023-02-04,316,656,79,392,35.77,32.22,19.0,100.0,1,Winter,80.0,0.0,20.0,0.0,5,4,5,2,1,294.0,421.0,377.0,478.0,727.0,317.57142857142856,400.2142857142857,451.9642857142857,80.77717735197193,116.76681468203564,123.3758131476398
2023-02-05,343,1056,449,382,40.04,37.15,8.0,0.0,1,Winter,0.0,0.0,40.0,60.0,6,5,5,2,1,316.0,197.0,507.0,468.0,523.0,302.57142857142856,395.85714285714283,437.2857142857143,66.93244639897681,118.81974527885384,113.49526247017837
2023-02-06,256,1324,236,282,41.05,39.77,5.0,0.0,1,Winter,40.0,0.0,20.0,40.0,0,6,6,2,0,343.0,268.0,630.0,451.0,537.0,323.42857142857144,384.14285714285717,430.85714285714283,48.8598579028354,115.0437088460503,113.55818031943097
2023-02-07,380,1178,482,413,38.71,39.56,17.0,100.0,1,Winter,60.0,0.0,40.0,0.0,1,7,6,2,0,256.0,368.0,515.0,462.0,419.0,321.7142857142857,357.42857142857144,420.82142857142856,51.27934699828946,95.2888033504246,116.2159718644654
2023-02-08,255,1328,110,334,40.03,40.51,4.0,0.0,1,Winter,0.0,0.0,60.0,40.0,2,8,6,2,0,380.0,276.0,467.0,378.0,414.0,323.42857142857144,347.7857142857143,419.42857142857144,53.2474010096762,84.31550507234269,116.47203720093312
2023-02-09,405,1373,588,440,36.43,38.66,19.0,100.0,1,Winter,60.0,0.0,20.0,20.0,3,9,6,2,0,255.0,399.0,489.0,499.0,570.0,320.42857142857144,332.64285714285717,413.75,56.83560252416844,80.19457793186632,120.55108798685691
2023-02-10,322,1187,132,364,37.29,40.53,6.0,0.0,1,Winter,20.0,0.0,20.0,60.0,4,10,6,2,0,405.0,294.0,395.0,734.0,392.0,321.2857142857143,326.64285714285717,407.85714285714283,58.24578464207497,70.1038868041908,116.59830196518358
2023-02-11,357,997,278,365,40.63,39.29,6.0,0.0,1,Winter,0.0,0.0,60.0,40.0,5,11,6,2,1,322.0,316.0,421.0,377.0,478.0,325.2857142857143,321.42857142857144,405.35714285714283,57.007935955481805,67.28665919403606,117.6961606994313
2023-02-12,223,1308,74,268,38.34,41.2,5.0,0.0,1,Winter,40.0,0.0,40.0,20.0,6,12,6,2,1,357.0,343.0,197.0,507.0,468.0,331.14285714285717,316.85714285714283,401.0357142857143,57.992610366687394,61.965073466188855,117.1502618965659
2023-02-13,296,1159,121,306,39.76,38.27,8.0,0.0,1,Winter,20.0,0.0,40.0,40.0,0,13,7,2,0,223.0,256.0,268.0,630.0,451.0,314.0,318.7142857142857,392.2857142857143,70.32780389006571,58.38259563026746,121.0481560564068
2023-02-14,274,1061,575,341,40.37,40.38,5.0,0.0,1,Winter,60.0,0.0,0.0,40.0,1,14,7,2,0,296.0,380.0,368.0,515.0,462.0,319.7142857142857,320.7142857142857,386.75,66.34182764468916,56.974256766243,121.80543836305073
2023-02-15,387,1009,497,421,41.04,41.58,7.0,0.0,1,Winter,20.0,0.0,20.0,60.0,2,15,7,2,0,274.0,255.0,276.0,467.0,378.0,304.57142857142856,314.0,380.0357142857143,62.259824239113,56.51003995206929,122.68220980718739
2023-02-16,294,725,478,327,37.59,37.44,6.0,0.0,1,Winter,100.0,0.0,0.0,0.0,3,16,7,2,0,387.0,405.0,399.0,489.0,499.0,323.42857142857144,321.92857142857144,380.35714285714283,64.68605502181492,58.5195092856461,122.68846855943903
2023-02-17,349,1002,357,341,40.36,42.06,4.0,0.0,1,Winter,0.0,0.0,80.0,20.0,4,17,7,2,0,294.0,322.0,294.0,395.0,734.0,307.57142857142856,314.42857142857144,373.0357142857143,54.095154258817374,54.47047794019086,121.45673887433983
2023-02-18,331,1047,102,373,40.37,39.15,5.0,0.0,1,Winter,20.0,0.0,20.0,60.0,5,18,7,2,1,349.0,357.0,316.0,421.0,377.0,311.42857142857144,318.35714285714283,359.2857142857143,56.21641854730033,54.86572019710582,98.74878607518639
2023-02-19,340,1296,301,383,36.02,35.29,20.0,100.0,1,Winter,0.0,0.0,40.0,60.0,6,19,7,2,1,331.0,223.0,343.0,197.0,507.0,307.7142857142857,319.42857142857144,357.64285714285717,53.496773378441205,54.96252469527736,98.82577797080357
2023-02-20,332,1320,399,342,33.81,35.65,18.0,100.0,1,Winter,20.0,0.0,20.0,60.0,0,20,8,2,0,340.0,296.0,256.0,268.0,630.0,324.42857142857144,319.2142857142857,351.67857142857144,38.9052573262098,54.869325284194176,94.41910257578768
2023-02-21,231,1289,80,271,36.21,39.75,6.0,0.0,1,Winter,40.0,0.0,20.0,40.0,1,21,8,2,0,332.0,274.0,380.0,368.0,515.0,329.57142857142856,324.64285714285717,341.0357142857143,36.84588236992849,51.80823686049604,77.08988603637137
2023-02-22,236,1138,216,264,38.9,40.15,4.0,0.0,1,Winter,20.0,0.0,20.0,60.0,2,22,8,2,0,231.0,387.0,255.0,276.0,467.0,323.42857142857144,314.0,330.89285714285717,49.176068511881525,54.78068160330729,71.85909014160315
2023-02-23,467,1197,1082,483,37.11,35.26,18.0,100.0,1,Winter,20.0,0.0,60.0,20.0,3,23,8,2,0,236.0,294.0,405.0,399.0,489.0,301.85714285714283,312.64285714285717,322.64285714285717,49.75750721056118,56.5612087005766,68.8515387739055
2023-02-24,346,792,650,551,41.89,44.63,20.0,100.0,1,Winter,0.0,0.0,20.0,80.0,4,24,8,2,0,467.0,349.0,322.0,294.0,395.0,326.57142857142856,317.07142857142856,321.85714285714283,79.361739612267,65.99005086516199,66.98297975396287
2023-02-25,263,855,94,319,37.05,41.9,6.0,0.0,1,Winter,40.0,0.0,60.0,0.0,5,25,8,2,1,346.0,331.0,357.0,316.0,421.0,326.14285714285717,318.7857142857143,320.10714285714283,79.2284220286029,66.4381477204725,65.6276473388946
2023-02-26,381,1808,66,416,40.46,39.16,15.0,100.0,1,Winter,60.0,0.0,20.0,20.0,6,26,8,2,1,263.0,340.0,223.0,343.0,197.0,316.42857142857144,312.07142857142856,314.4642857142857,82.62940788616719,67.02636024007882,63.38564047155831
2023-02-27,228,1848,75,302,38.56,40.3,5.0,0.0,1,Winter,40.0,0.0,0.0,60.0,0,27,9,2,0,381.0,332.0,296.0,256.0,268.0,322.2857142857143,323.35714285714283,321.0357142857143,85.96455526497132,64.11360967107372,60.21534327841858
2023-02-28,551,1695,659,545,40.84,38.42,17.0,100.0,1,Winter,20.0,0.0,60.0,20.0,1,28,9,2,0,228.0,231.0,274.0,380.0,368.0,307.42857142857144,318.5,319.60714285714283,92.72694168517177,68.75346145132123,61.969131673951225
2023-03-01,486,1261,726,589,41.54,44.25,17.0,100.0,0,Spring,40.0,60.0,0.0,0.0,2,1,9,3,0,551.0,236.0,387.0,255.0,276.0,353.14285714285717,338.2857142857143,326.14285714285717,122.77815844227253,91.16631342385496,75.44667691953885
2023-03-02,445,1028,163,515,48.67,45.14,2.0,0.0,0,Spring,0.0,20.0,0.0,80.0,3,2,9,3,0,486.0,467.0,294.0,405.0,399.0,388.85714285714283,345.35714285714283,333.64285714285717,119.33625960764182,98.75891947476961,80.54316270299586
2023-03-03,427,1351,645,544,47.82,50.98,2.0,0.0,0,Spring,40.0,20.0,0.0,40.0,4,3,9,3,0,445.0,346.0,349.0,322.0,294.0,385.7142857142857,356.14285714285717,335.2857142857143,117.20596441835936,100.94008667967822,82.37396979307907
2023-03-04,568,1470,1159,722,42.81,47.8,20.0,100.0,0,Spring,80.0,20.0,0.0,0.0,5,4,9,3,1,427.0,263.0,331.0,357.0,316.0,397.2857142857143,361.7142857142857,340.0357142857143,116.62863325632233,102.65358367713276,83.72861015644744
2023-03-05,479,1276,0,561,48.56,50.69,5.0,0.0,0,Spring,0.0,20.0,0.0,80.0,6,5,9,3,1,568.0,381.0,340.0,223.0,343.0,440.85714285714283,378.64285714285717,349.0357142857143,115.06147425242975,115.88761607885206,93.96708728093935
2023-03-06,557,1050,1064,796,47.97,43.84,18.0,100.0,0,Spring,60.0,40.0,0.0,0.0,0,6,10,3,0,479.0,228.0,332.0,296.0,256.0,454.85714285714283,388.57142857142856,353.89285714285717,112.49804231100754,118.25247714804202,97.10602807154076
2023-03-07,467,1726,824,667,38.81,42.62,22.0,100.0,0,Spring,40.0,0.0,0.0,60.0,1,7,10,3,0,557.0,551.0,231.0,274.0,380.0,501.85714285714283,404.64285714285717,364.64285714285717,56.92225274128423,125.06589471945526,102.38497223559078
2023-03-08,398,1748,0,467,44.12,46.82,5.0,0.0,0,Spring,60.0,20.0,0.0,20.0,2,8,10,3,0,467.0,486.0,236.0,387.0,255.0,489.85714285714283,421.5,367.75,53.59237685662601,115.39147415512183,104.17279981944603
2023-03-09,643,1900,1205,783,43.62,44.72,17.0,100.0,0,Spring,20.0,0.0,0.0,80.0,3,9,10,3,0,398.0,445.0,467.0,294.0,405.0,477.2857142857143,433.07142857142856,372.85714285714283,63.965392428806204,102.79364263918663,101.92143462480784
2023-03-10,558,2104,235,662,46.84,53.03,4.0,0.0,0,Spring,40.0,40.0,0.0,20.0,4,10,10,3,0,643.0,427.0,346.0,349.0,322.0,505.57142857142856,445.64285714285717,381.35714285714283,86.95565372237449,117.0375397651777,113.9194693748423
2023-03-11,472,1996,0,554,46.85,48.75,7.0,0.0,0,Spring,20.0,60.0,0.0,20.0,5,11,10,3,1,558.0,568.0,263.0,331.0,357.0,524.2857142857143,460.7857142857143,389.7857142857143,81.1289391148718,116.86822202241785,118.02176734034141
2023-03-12,563,2324,613,594,46.9,46.76,6.0,0.0,0,Spring,0.0,60.0,0.0,40.0,6,12,10,3,1,472.0,479.0,381.0,340.0,223.0,510.57142857142856,475.7142857142857,393.89285714285717,80.62021488199372,102.07194187768327,118.83675054638354
2023-03-13,649,1855,272,639,49.07,51.91,3.0,0.0,0,Spring,40.0,40.0,0.0,20.0,0,13,11,3,0,563.0,557.0,228.0,332.0,296.0,522.5714285714286,488.7142857142857,406.0357142857143,81.38561941534178,100.66122053045626,118.09647096770733
2023-03-14,557,1323,190,614,38.82,38.79,22.0,100.0,0,Spring,20.0,40.0,0.0,40.0,1,14,11,3,0,649.0,467.0,551.0,231.0,274.0,535.7142857142857,518.7857142857143,418.64285714285717,94.27922055559885,76.85368573457514,124.57876113073124
2023-03-15,568,1630,1115,657,51.44,50.39,4.0,0.0,0,Spring,60.0,0.0,0.0,40.0,2,15,11,3,0,557.0,398.0,486.0,236.0,387.0,548.5714285714286,519.2142857142857,428.75,89.35483039145424,77.06358869982977,123.88723217626725
2023-03-16,439,1199,119,540,46.52,45.55,4.0,0.0,0,Spring,80.0,0.0,0.0,20.0,3,16,11,3,0,568.0,643.0,445.0,467.0,294.0,572.8571428571429,525.0714285714286,435.2142857142857,59.83708039732603,77.46012799222098,126.3262551939334
2023-03-17,635,1071,1276,787,45.95,41.67,19.0,100.0,0,Spring,20.0,60.0,0.0,20.0,4,17,11,3,0,439.0,558.0,427.0,346.0,349.0,543.7142857142857,524.6428571428571,440.39285714285717,68.96306810101038,77.95226067956446,123.25773637674679
2023-03-18,517,1222,171,674,51.26,49.46,5.0,0.0,0,Spring,40.0,40.0,0.0,20.0,5,18,11,3,1,635.0,472.0,568.0,263.0,331.0,554.7142857142857,539.5,450.60714285714283,77.26300167979026,77.73203477826279,127.19111874588847
2023-03-19,475,1161,102,503,47.15,44.17,1.0,0.0,0,Spring,0.0,60.0,0.0,40.0,6,19,11,3,1,517.0,563.0,479.0,381.0,340.0,561.1428571428571,535.8571428571429,457.25,70.83885132568645,77.48831886445457,125.55967299050076
2023-03-20,346,1779,274,354,42.25,45.92,5.0,0.0,0,Spring,20.0,60.0,0.0,20.0,0,20,12,3,0,475.0,649.0,557.0,228.0,332.0,548.5714285714286,535.5714285714286,462.07142857142856,77.90989912040844,77.72111314547196,123.46507335527865
2023-03-21,425,1433,603,537,46.26,51.91,3.0,0.0,0,Spring,80.0,20.0,0.0,0.0,1,21,12,3,0,346.0,557.0,467.0,551.0,231.0,505.2857142857143,520.5,462.57142857142856,95.0906835354436,92.33113484376918,122.94606723980824
2023-03-22,541,1140,740,586,37.91,38.84,23.0,100.0,0,Spring,20.0,40.0,0.0,40.0,2,22,12,3,0,425.0,568.0,398.0,486.0,236.0,486.42857142857144,517.5,469.5,96.20786028673619,94.85109788099763,114.59542360457114
2023-03-23,726,1277,1774,821,52.92,50.02,14.0,100.0,0,Spring,80.0,20.0,0.0,0.0,3,23,12,3,0,541.0,439.0,643.0,445.0,467.0,482.57142857142856,527.7142857142857,480.39285714285717,92.87600541018195,88.47809687359607,105.73108421515472
2023-03-24,457,986,0,602,44.22,46.44,20.0,100.0,0,Spring,40.0,0.0,0.0,60.0,4,24,12,3,0,726.0,635.0,558.0,427.0,346.0,523.5714285714286,533.6428571428571,489.64285714285717,127.37589665089259,98.95733901563223,115.4030663581678
2023-03-25,504,1423,260,710,51.27,53.16,3.0,0.0,0,Spring,0.0,0.0,0.0,100.0,5,25,12,3,1,457.0,517.0,472.0,568.0,263.0,498.14285714285717,526.4285714285714,493.60714285714283,118.90952943509606,100.71109807129052,112.14651107854358
2023-03-26,547,2431,0,567,47.52,47.67,5.0,0.0,0,Spring,0.0,80.0,0.0,20.0,6,26,12,3,1,504.0,475.0,563.0,479.0,381.0,496.2857142857143,528.7142857142857,502.2142857142857,118.66720171093841,99.73922040958568,102.6372097506395
2023-03-27,483,1884,601,561,48.42,48.89,5.0,0.0,0,Spring,60.0,40.0,0.0,0.0,0,27,13,3,0,547.0,346.0,649.0,557.0,228.0,506.57142857142856,527.5714285714286,508.14285714285717,119.63117924529058,99.40725425139769,100.14016631728171
2023-03-28,416,1401,371,555,50.21,47.88,5.0,0.0,0,Spring,80.0,20.0,0.0,0.0,1,28,13,3,0,483.0,425.0,557.0,467.0,551.0,526.1428571428571,515.7142857142857,517.25,98.2860257470139,93.53603054967019,84.01658786833084
2023-03-29,611,1276,606,636,47.97,43.59,10.0,0.0,0,Spring,80.0,20.0,0.0,0.0,2,29,13,3,0,416.0,541.0,568.0,398.0,486.0,524.8571428571429,505.64285714285717,512.4285714285714,99.87563695487843,96.2988993809267,85.86139932577282
2023-03-30,269,1548,309,344,37.71,37.77,7.0,0.0,0,Spring,60.0,20.0,0.0,20.0,3,30,13,3,0,611.0,726.0,439.0,643.0,445.0,534.8571428571429,508.7142857142857,516.8928571428571,105.12758688284136,99.08615409867191,87.66702124377522
2023-03-31,397,1279,97,513,46.47,48.47,4.0,0.0,0,Spring,60.0,20.0,0.0,20.0,4,31,13,3,0,269.0,457.0,635.0,558.0,427.0,469.57142857142856,496.57142857142856,510.60714285714283,108.48941137711151,117.07112518314742,98.63600848225813
2023-04-01,358,1383,279,380,42.43,45.81,4.0,0.0,0,Spring,40.0,40.0,0.0,20.0,5,1,13,4,1,397.0,504.0,517.0,472.0,568.0,461.0,479.57142857142856,509.5357142857143,111.9627914383453,112.618972500342,99.73464131007144
2023-04-02,503,1334,727,542,49.45,48.29,4.0,0.0,0,Spring,60.0,20.0,0.0,20.0,6,2,13,4,1,358.0,547.0,475.0,563.0,479.0,440.14285714285717,468.2142857142857,502.0357142857143,116.138464158704,116.50432713748472,103.01725211246985
2023-04-03,701,911,1417,782,49.19,49.03,13.0,100.0,0,Spring,20.0,60.0,0.0,20.0,0,3,14,4,0,503.0,483.0,346.0,649.0,557.0,433.85714285714283,470.2142857142857,502.89285714285717,110.4421848320464,116.86953842207485,102.91828448056846
2023-04-04,326,688,0,444,43.88,47.41,7.0,0.0,0,Spring,40.0,40.0,0.0,20.0,1,4,14,4,0,701.0,416.0,425.0,557.0,467.0,465.0,495.57142857142856,508.0357142857143,150.1920992151931,126.00104656812799,109.13243132147977
2023-04-05,532,1324,75,559,45.56,41.67,14.0,100.0,0,Spring,100.0,0.0,0.0,0.0,2,5,14,4,0,326.0,611.0,541.0,568.0,398.0,452.14285714285717,488.5,503.0,158.697225948689,132.85778978927857,114.23011213562935
2023-04-06,528,1770,606,557,48.69,47.95,7.0,0.0,0,Spring,60.0,40.0,0.0,0.0,3,6,14,4,0,532.0,269.0,726.0,439.0,643.0,440.85714285714283,487.85714285714283,507.7857142857143,147.96331591696156,132.60575294566044,112.46146900419691
2023-04-07,465,1357,908,574,46.15,48.02,7.0,0.0,0,Spring,100.0,0.0,0.0,0.0,4,7,14,4,0,528.0,397.0,457.0,635.0,558.0,477.85714285714283,473.7142857142857,503.67857142857144,128.99280157102802,114.58784240212154,109.39871133760205
2023-04-08,441,1178,703,502,40.43,42.68,4.0,0.0,0,Spring,20.0,40.0,0.0,40.0,5,8,14,4,1,465.0,358.0,504.0,517.0,472.0,487.57142857142856,474.2857142857143,500.35714285714283,124.36620272788,114.5180056863262,109.0997553331654
2023-04-09,552,1113,325,645,53.17,53.37,4.0,0.0,0,Spring,40.0,20.0,0.0,40.0,6,9,14,4,1,441.0,503.0,547.0,475.0,563.0,499.42857142857144,469.7857142857143,499.25,113.42965094844246,114.49835643524949,109.55452726585234
2023-04-10,551,1524,877,731,41.09,43.42,19.0,100.0,0,Spring,60.0,0.0,0.0,40.0,0,10,15,4,0,552.0,701.0,483.0,346.0,649.0,506.42857142857144,470.14285714285717,498.85714285714283,115.18515115942174,114.76521661659842,109.33696277367216
2023-04-11,453,1934,521,494,44.55,47.71,6.0,0.0,0,Spring,20.0,80.0,0.0,0.0,1,11,15,4,0,551.0,326.0,416.0,425.0,557.0,485.0,475.0,495.35714285714283,82.178667142593,116.7726258754421,105.86616788495486
2023-04-12,367,1481,106,454,42.2,39.74,4.0,0.0,1,Spring,20.0,60.0,0.0,20.0,2,12,15,4,0,453.0,532.0,611.0,541.0,568.0,503.14285714285717,477.64285714285717,491.64285714285717,48.233558758150664,115.74880437518796,105.44691986991776
2023-04-13,397,1938,233,428,37.66,37.63,18.0,100.0,1,Spring,60.0,0.0,0.0,40.0,3,13,15,4,0,367.0,528.0,269.0,726.0,439.0,479.57142857142856,460.2142857142857,484.4642857142857,68.03395510786362,112.44703270800426,106.88813194795156
2023-04-14,250,2167,0,345,40.07,41.79,2.0,0.0,1,Spring,20.0,60.0,0.0,20.0,4,14,15,4,0,397.0,465.0,397.0,457.0,635.0,460.85714285714283,469.35714285714283,482.9642857142857,70.4661350612897,100.24555017391118,107.8402392234325
2023-04-15,312,2045,350,412,34.87,39.15,17.0,100.0,1,Spring,0.0,100.0,0.0,0.0,5,15,15,4,1,250.0,441.0,358.0,504.0,517.0,430.14285714285717,458.85714285714283,469.2142857142857,106.170348295287,115.01762884468953,112.19373361482285
2023-04-16,486,1821,467,539,41.15,39.79,22.0,100.0,1,Spring,0.0,20.0,0.0,80.0,6,16,15,4,1,312.0,552.0,503.0,547.0,475.0,411.7142857142857,455.57142857142856,461.89285714285717,114.8153797562465,118.71796849658375,115.59710982088511
2023-04-17,327,1464,122,385,36.31,40.4,19.0,100.0,1,Spring,20.0,40.0,0.0,40.0,0,17,16,4,0,486.0,551.0,701.0,483.0,346.0,402.2857142857143,454.35714285714283,462.2857142857143,103.530533798349,118.28167628612115,115.66197785656743
2023-04-18,429,1859,662,507,43.14,43.24,19.0,100.0,1,Spring,0.0,60.0,0.0,40.0,1,18,16,4,0,327.0,453.0,326.0,416.0,425.0,370.2857142857143,427.64285714285717,461.60714285714283,82.3563684760993,98.94567829241993,116.42270978850014
2023-04-19,312,1430,70,386,40.74,45.87,6.0,0.0,1,Spring,20.0,60.0,0.0,20.0,2,19,16,4,0,429.0,367.0,532.0,611.0,541.0,366.85714285714283,435.0,461.75,78.76003337443723,94.53774175102991,116.37857286555027
2023-04-20,403,1188,127,414,40.28,41.41,4.0,0.0,1,Spring,40.0,0.0,0.0,60.0,3,20,16,4,0,312.0,397.0,528.0,269.0,726.0,359.0,419.2857142857143,453.57142857142856,81.44118532208545,95.45391846042966,118.62778032379364
2023-04-21,410,1574,381,425,39.1,37.22,14.0,100.0,1,Spring,20.0,60.0,0.0,20.0,4,21,16,4,0,403.0,250.0,465.0,397.0,457.0,359.85714285714283,410.35714285714283,442.0357142857143,81.93783938943669,90.20455995880941,106.20960483275582
2023-04-22,345,1164,67,372,42.16,41.72,4.0,0.0,1,Spring,60.0,0.0,0.0,40.0,5,22,16,4,1,410.0,312.0,441.0,358.0,504.0,382.7142857142857,406.42857142857144,440.35714285714283,67.17071357298799,88.82888847988154,106.33567196512712
2023-04-23,283,886,476,364,43.58,39.55,5.0,0.0,1,Spring,60.0,0.0,0.0,40.0,6,23,16,4,1,345.0,486.0,552.0,503.0,547.0,387.42857142857144,399.57142857142856,434.67857142857144,62.36681046533233,89.65636472813036,107.05417582162106
2023-04-24,302,1037,249,299,39.17,40.79,6.0,0.0,1,Spring,0.0,80.0,0.0,20.0,0,24,17,4,0,283.0,327.0,551.0,701.0,483.0,358.42857142857144,380.35714285714283,425.25,55.73705273530926,83.05846610194884,108.41232163126793
2023-04-25,324,977,837,422,37.62,39.19,18.0,100.0,1,Spring,40.0,40.0,0.0,20.0,1,25,17,4,0,302.0,429.0,453.0,326.0,416.0,354.85714285714283,362.57142857142856,418.7857142857143,58.80314212530753,69.2128426118836,110.222454236827
2023-04-26,398,962,354,400,40.38,44.36,6.0,0.0,1,Spring,40.0,40.0,0.0,20.0,2,26,17,4,0,324.0,312.0,367.0,532.0,611.0,339.85714285714283,353.35714285714283,415.5,49.374178715286966,64.68694689735236,111.6703150316111
2023-04-27,235,970,0,287,39.61,38.87,6.0,0.0,1,Spring,60.0,20.0,0.0,20.0,3,27,17,4,0,398.0,403.0,397.0,528.0,269.0,352.14285714285717,355.57142857142856,407.89285714285717,51.92118569340567,65.71232677443156,104.90960457591643
2023-04-28,281,1364,402,363,41.07,41.68,6.0,0.0,1,Spring,40.0,60.0,0.0,0.0,4,28,17,4,0,235.0,410.0,250.0,465.0,397.0,328.14285714285717,344.0,406.67857142857144,62.28811703534695,71.83421083407005,106.75727178682065
2023-04-29,312,1451,57,324,41.49,37.55,5.0,0.0,1,Spring,80.0,20.0,0.0,0.0,5,29,17,4,1,281.0,345.0,312.0,441.0,358.0,309.7142857142857,346.2142857142857,402.5357142857143,52.31862092255133,69.14108048757116,109.36567344967317
2023-04-30,314,1196,120,371,39.87,36.89,5.0,0.0,1,Spring,40.0,20.0,0.0,40.0,6,30,17,4,1,312.0,283.0,486.0,552.0,503.0,305.0,346.2142857142857,400.89285714285717,50.04664490918638,69.14108048757116,110.40006014682827
2023-05-01,398,1313,440,430,36.13,37.24,16.0,100.0,1,Spring,0.0,40.0,0.0,60.0,0,1,18,5,0,314.0,302.0,327.0,551.0,701.0,309.42857142857144,333.92857142857144,394.14285714285717,49.1387733629827,56.52156060466299,109.70151904337196
2023-05-02,468,1012,1595,571,41.71,44.38,21.0,100.0,1,Spring,20.0,0.0,0.0,80.0,1,2,18,5,0,398.0,324.0,429.0,453.0,326.0,323.14285714285717,339.0,383.32142857142856,59.105635860514504,58.98370048646238,91.79367103634145
2023-05-03,364,709,644,414,33.79,36.07,19.0,100.0,1,Spring,0.0,80.0,0.0,20.0,2,3,18,5,0,468.0,398.0,312.0,367.0,532.0,343.7142857142857,341.7857142857143,388.39285714285717,80.60337934543647,64.24733286463774,92.42988905940771
2023-05-04,308,940,90,392,43.25,42.82,5.0,0.0,1,Spring,40.0,20.0,0.0,40.0,3,4,18,5,0,364.0,235.0,403.0,397.0,528.0,338.85714285714283,345.5,382.39285714285717,77.76123406819809,63.89504615442973,88.11454636110493
2023-05-05,354,2003,0,358,39.98,40.11,5.0,0.0,1,Spring,80.0,20.0,0.0,0.0,4,5,18,5,0,308.0,281.0,410.0,250.0,465.0,349.2857142857143,338.7142857142857,374.5357142857143,65.42862341440743,62.344487846440316,84.37942620175609
2023-05-06,308,2190,94,364,43.73,46.1,3.0,0.0,1,Spring,60.0,0.0,0.0,40.0,5,6,18,5,1,354.0,312.0,345.0,312.0,441.0,359.7142857142857,334.7142857142857,370.57142857142856,58.14268164241331,59.13274320273917,82.55971063482393
2023-05-07,315,1976,309,346,41.39,37.92,7.0,0.0,1,Spring,0.0,60.0,0.0,40.0,6,7,18,5,1,308.0,314.0,283.0,486.0,552.0,359.14285714285717,332.07142857142856,365.82142857142856,58.706696300130766,59.46358198441596,82.18274738808634
2023-05-08,317,1732,651,357,36.15,36.83,17.0,100.0,1,Spring,60.0,0.0,0.0,40.0,0,8,19,5,0,315.0,398.0,302.0,327.0,551.0,359.2857142857143,334.35714285714283,357.35714285714283,58.579616152472575,58.02997520228489,74.1051376665038
2023-05-09,300,1496,703,410,36.92,37.14,16.0,100.0,1,Spring,40.0,40.0,0.0,20.0,1,9,19,5,0,317.0,468.0,324.0,429.0,453.0,347.7142857142857,335.42857142857144,349.0,57.65042435725003,57.52285737755817,63.95831976112822
2023-05-10,269,1652,0,324,43.11,44.07,3.0,0.0,1,Spring,40.0,20.0,0.0,40.0,2,10,19,5,0,300.0,364.0,398.0,312.0,367.0,323.7142857142857,333.7142857142857,343.5357142857143,24.89119178687454,58.24276590461305,61.22120314307599
2023-05-11,386,1997,90,474,39.73,42.99,14.0,100.0,1,Spring,20.0,60.0,0.0,20.0,3,11,19,5,0,269.0,308.0,235.0,403.0,397.0,310.14285714285717,324.5,340.0357142857143,25.162330121480753,57.48946391764523,62.615512302882635
2023-05-12,276,2142,71,309,39.07,40.67,6.0,0.0,1,Spring,40.0,40.0,0.0,20.0,4,12,19,5,0,386.0,354.0,281.0,410.0,250.0,321.2857142857143,335.2857142857143,339.64285714285717,38.03381953697219,53.42777809835677,62.278475138755056
2023-05-13,553,1937,1033,627,39.98,47.23,17.0,100.0,0,Spring,60.0,20.0,0.0,20.0,5,13,19,5,1,276.0,308.0,312.0,345.0,312.0,310.14285714285717,334.92857142857144,340.57142857142856,38.27718455088328,53.83373875713266,61.07459226311614
2023-05-14,650,1502,886,722,48.04,51.47,16.0,100.0,0,Spring,40.0,40.0,0.0,20.0,6,14,19,5,1,553.0,315.0,314.0,283.0,486.0,345.14285714285717,352.14285714285717,349.17857142857144,99.32342552058118,78.71844387812297,72.76245143358213
2023-05-15,533,975,396,799,54.39,55.66,4.0,0.0,0,Spring,20.0,0.0,0.0,80.0,0,15,20,5,0,650.0,317.0,398.0,302.0,327.0,393.0,376.14285714285717,355.0357142857143,150.1044081076002,110.85531606062426,88.9779340697614
2023-05-16,483,1809,129,477,43.47,45.48,4.0,0.0,0,Spring,20.0,20.0,0.0,60.0,1,16,20,5,0,533.0,300.0,468.0,324.0,429.0,423.85714285714283,385.7857142857143,362.39285714285717,154.0275176404395,118.5100960135577,94.89383513743132
2023-05-17,489,2162,149,555,44.01,47.25,6.0,0.0,0,Spring,40.0,0.0,0.0,60.0,2,17,20,5,0,483.0,269.0,364.0,398.0,312.0,450.0,386.85714285714283,364.32142857142856,144.75266261224036,119.3752049650151,96.82670796666292
2023-05-18,696,1822,1518,841,49.04,46.81,16.0,100.0,0,Spring,40.0,20.0,0.0,40.0,3,18,20,5,0,489.0,386.0,308.0,235.0,403.0,481.42857142857144,395.7857142857143,370.64285714285717,120.8068115392734,122.17590003536031,99.03692326254999
2023-05-19,527,1286,149,584,45.03,49.8,7.0,0.0,0,Spring,40.0,60.0,0.0,0.0,4,19,20,5,0,696.0,276.0,354.0,281.0,410.0,525.7142857142857,423.5,381.10714285714283,135.874592039515,142.96839349472094,116.51874409238954
2023-05-20,367,908,214,425,42.94,46.71,8.0,0.0,0,Spring,80.0,20.0,0.0,0.0,5,20,20,5,1,527.0,553.0,308.0,312.0,345.0,561.5714285714286,435.85714285714283,385.2857142857143,81.05113024681171,143.97214321519928,119.64913432162967
2023-05-21,460,1899,100,459,45.44,51.8,6.0,0.0,0,Spring,60.0,0.0,0.0,40.0,6,21,20,5,1,367.0,650.0,315.0,314.0,283.0,535.0,440.07142857142856,386.07142857142856,109.74060324237277,140.76956854580206,119.44685121237102
2023-05-22,625,1753,1409,677,48.35,46.57,16.0,100.0,0,Spring,40.0,40.0,0.0,20.0,0,22,21,5,0,460.0,533.0,317.0,398.0,302.0,507.85714285714283,450.42857142857144,392.39285714285717,99.58317891998307,136.11686962974883,118.46966771841728
2023-05-23,392,1128,604,559,45.76,50.58,2.0,0.0,0,Spring,0.0,60.0,0.0,40.0,1,23,21,5,0,625.0,483.0,300.0,468.0,324.0,521.0,472.42857142857144,403.92857142857144,109.07336980216508,137.7727863525323,124.8934148759057
2023-05-24,537,1274,1072,730,54.54,63.17,4.0,0.0,0,Spring,40.0,20.0,0.0,40.0,2,24,21,5,0,392.0,489.0,269.0,364.0,398.0,508.0,479.0,406.35714285714283,119.3007404279894,130.94038573100536,123.93911715800135
2023-05-25,331,1899,0,418,42.49,44.17,4.0,0.0,0,Spring,0.0,60.0,0.0,40.0,3,25,21,5,0,537.0,696.0,386.0,308.0,235.0,514.8571428571429,498.14285714285717,411.32142857142856,119.40606987841687,116.6927966551863,126.35225703224647
2023-05-26,385,2362,156,495,42.94,44.63,8.0,0.0,0,Spring,40.0,0.0,0.0,60.0,4,26,21,5,0,331.0,527.0,276.0,354.0,281.0,462.7142857142857,494.2142857142857,414.75,106.07028218075283,121.5819942206953,122.63847049129595
2023-05-27,492,2724,531,567,43.99,47.17,6.0,0.0,0,Spring,0.0,80.0,0.0,20.0,5,27,21,5,1,385.0,367.0,553.0,308.0,312.0,442.42857142857144,502.0,418.4642857142857,105.302512066991,109.41452582513134,119.98378968994022
2023-05-28,587,2378,146,585,45.25,48.13,5.0,0.0,0,Spring,60.0,40.0,0.0,0.0,6,28,21,5,1,492.0,460.0,650.0,315.0,314.0,460.2857142857143,497.64285714285717,424.89285714285717,100.88560235189424,108.43758016116303,118.8853600574051
2023-05-29,500,1937,499,663,52.18,50.64,4.0,0.0,0,Spring,40.0,0.0,0.0,60.0,0,29,22,5,0,587.0,625.0,533.0,317.0,398.0,478.42857142857144,493.14285714285717,434.64285714285717,111.66894098607803,102.78869822853262,120.63572785861925
2023-05-30,403,1927,0,414,44.22,45.23,3.0,0.0,0,Spring,40.0,20.0,0.0,40.0,1,30,22,5,0,500.0,392.0,483.0,300.0,468.0,460.57142857142856,490.7857142857143,438.2857142857143,92.70896602245192,102.18096960515892,121.02765436747558
2023-05-31,382,1524,221,467,45.19,43.49,6.0,0.0,0,Spring,20.0,60.0,0.0,20.0,2,31,22,5,0,403.0,537.0,489.0,269.0,364.0,462.14285714285717,485.07142857142856,435.9642857142857,91.43746236531989,104.85188401939871,121.05997354934125
2023-06-01,518,1625,933,632,48.54,45.96,4.0,0.0,0,Summer,20.0,60.0,0.0,20.0,3,1,22,6,0,382.0,331.0,696.0,386.0,308.0,440.0,477.42857142857144,436.60714285714283,89.02434124065766,108.38373017677893,120.71096157096194
2023-06-02,605,1362,1419,728,54.12,54.36,2.0,0.0,0,Summer,0.0,40.0,0.0,60.0,4,2,22,6,0,518.0,385.0,527.0,276.0,354.0,466.7142857142857,464.7142857142857,444.10714285714283,78.27241805752011,89.58058561251516,118.93519532850942
2023-06-03,343,876,165,567,42.56,47.0,8.0,0.0,0,Summer,20.0,60.0,0.0,20.0,5,3,22,6,1,605.0,492.0,367.0,553.0,308.0,498.14285714285717,470.2857142857143,453.07142857142856,83.95520347468653,95.95145292636879,121.32720636893855
2023-06-04,653,1708,743,668,40.05,37.39,22.0,100.0,0,Summer,0.0,40.0,0.0,60.0,6,4,22,6,1,343.0,587.0,460.0,650.0,315.0,476.85714285714283,468.57142857142856,454.32142857142856,102.592118884165,98.1284200075934,119.94969734926343
2023-06-05,614,2271,936,841,53.96,56.6,4.0,0.0,0,Summer,60.0,20.0,0.0,20.0,0,5,23,6,0,653.0,500.0,625.0,533.0,317.0,486.2857142857143,482.35714285714283,466.39285714285717,116.49279560801705,109.70562508743127,122.39230769998161
2023-06-06,609,1856,198,590,48.77,46.7,3.0,0.0,0,Summer,20.0,40.0,0.0,40.0,1,6,23,6,0,614.0,403.0,392.0,483.0,300.0,502.57142857142856,481.57142857142856,477.0,126.28652229864258,108.63964022662853,121.83413132433598
2023-06-07,885,2303,1269,964,49.83,47.52,20.0,100.0,0,Summer,40.0,20.0,0.0,40.0,2,7,23,6,0,609.0,382.0,537.0,489.0,269.0,532.0,497.07142857142856,488.0357142857143,123.1800849704741,110.34384321865721,119.17322659267025
2023-06-08,602,2156,174,740,52.56,50.32,8.0,0.0,0,Summer,60.0,20.0,0.0,20.0,3,8,23,6,0,885.0,518.0,331.0,696.0,386.0,603.8571428571429,521.9285714285714,510.0357142857143,161.7636429809745,151.53799436531955,133.26567231657745
2023-06-09,615,1970,228,676,53.56,55.36,2.0,0.0,0,Summer,20.0,20.0,0.0,60.0,4,9,23,6,0,602.0,605.0,385.0,527.0,276.0,615.8571428571429,541.2857142857143,517.75,157.3895682390552,142.3000235533944,132.0660959660112
2023-06-10,531,2150,0,592,52.43,52.05,2.0,0.0,0,Summer,20.0,60.0,0.0,20.0,5,10,23,6,1,615.0,343.0,492.0,367.0,553.0,617.2857142857143,557.7142857142857,529.8571428571429,157.31996513021303,136.00646397049718,124.39921230121996
2023-06-11,655,1847,1353,773,53.16,57.84,6.0,0.0,0,Summer,40.0,0.0,0.0,60.0,6,11,23,6,1,531.0,653.0,587.0,460.0,650.0,644.1428571428571,560.5,529.0714285714286,112.29489239116316,134.95227076494598,124.3170762596009
2023-06-12,580,1358,624,635,50.33,54.58,6.0,0.0,0,Summer,40.0,40.0,0.0,20.0,0,12,24,6,0,655.0,614.0,500.0,625.0,533.0,644.4285714285714,565.3571428571429,529.25,112.32372433114523,137.18466338527708,124.50066934224346
2023-06-13,564,1169,799,932,46.72,47.83,17.0,100.0,0,Summer,40.0,20.0,0.0,40.0,1,13,24,6,0,580.0,609.0,403.0,392.0,483.0,639.5714285714286,571.0714285714286,530.9285714285714,114.5714582591105,135.91313078904125,124.86939208374906
2023-06-14,572,1753,415,598,47.52,51.21,6.0,0.0,0,Summer,0.0,40.0,0.0,60.0,2,14,24,6,0,564.0,885.0,382.0,537.0,489.0,633.1428571428571,582.5714285714286,533.8214285714286,117.78996642531244,127.12544639402073,124.65598693751156
2023-06-15,727,1943,1731,969,51.21,59.08,16.0,100.0,0,Summer,80.0,0.0,0.0,20.0,3,15,24,6,0,572.0,602.0,518.0,331.0,696.0,588.4285714285714,596.1428571428571,536.7857142857143,39.911807538024995,113.47507835024099,124.53747231488995
2023-06-16,498,2138,281,571,47.41,50.65,5.0,0.0,0,Summer,40.0,20.0,0.0,40.0,4,16,24,6,0,727.0,615.0,605.0,385.0,527.0,606.2857142857143,611.0714285714286,537.8928571428571,66.26138716153947,116.1209344974943,126.13289267180305
2023-06-17,708,1964,1190,854,51.38,52.84,16.0,100.0,0,Summer,20.0,60.0,0.0,20.0,5,17,24,6,1,498.0,531.0,343.0,492.0,367.0,589.5714285714286,603.4285714285714,536.8571428571429,77.50023041440383,120.00750892257587,126.34453608661426
2023-06-18,493,2465,262,781,39.34,43.4,19.0,100.0,0,Summer,40.0,60.0,0.0,0.0,6,18,24,6,1,708.0,655.0,653.0,587.0,460.0,614.8571428571429,629.5,549.0357142857143,83.82209050806874,96.40439664407238,125.79892307813695
2023-06-19,570,2515,474,613,47.07,50.72,2.0,0.0,0,Summer,20.0,0.0,0.0,80.0,0,19,25,6,0,493.0,580.0,614.0,500.0,625.0,591.7142857142857,618.0714285714286,550.2142857142857,92.77699838091016,102.68357990651434,125.08644629862589
2023-06-20,585,3314,0,778,54.95,54.03,4.0,0.0,0,Summer,20.0,0.0,0.0,80.0,1,20,25,6,0,570.0,564.0,609.0,403.0,392.0,590.2857142857143,614.9285714285714,548.25,93.0639820870821,103.48798836707411,124.29791720790092
2023-06-21,525,3024,480,672,51.71,50.93,4.0,0.0,0,Summer,40.0,60.0,0.0,0.0,2,21,25,6,0,585.0,572.0,885.0,382.0,537.0,593.2857142857143,613.2142857142857,555.1428571428571,92.41160512568074,103.79208401075987,120.60886101152487
2023-06-22,746,2499,622,837,50.92,52.04,16.0,100.0,0,Summer,60.0,0.0,0.0,40.0,3,22,25,6,0,525.0,727.0,602.0,518.0,331.0,586.5714285714286,587.5,554.7142857142857,95.85902347172305,70.54921904381524,120.6970057448285
2023-06-23,590,1931,156,772,52.27,53.05,5.0,0.0,0,Summer,40.0,60.0,0.0,0.0,4,23,25,6,0,746.0,498.0,615.0,605.0,385.0,589.2857142857143,597.7857142857143,569.5357142857143,100.64742799448348,82.33811956843473,117.64997745757182
2023-06-24,655,2421,686,740,48.93,51.57,13.0,100.0,0,Summer,40.0,60.0,0.0,0.0,5,24,25,6,1,590.0,708.0,531.0,343.0,492.0,602.4285714285714,596.0,576.8571428571429,92.41005923393321,82.20705565825794,111.98303915415504
2023-06-25,601,1905,196,706,51.16,51.46,4.0,0.0,0,Summer,20.0,60.0,0.0,20.0,6,25,25,6,1,655.0,493.0,655.0,653.0,587.0,594.8571428571429,604.8571428571429,582.6785714285714,84.1178311882178,81.34055393397342,111.64462587501669
2023-06-26,750,1500,1465,814,43.77,48.43,19.0,100.0,0,Summer,0.0,60.0,0.0,40.0,0,26,26,6,0,601.0,570.0,580.0,614.0,500.0,610.2857142857143,601.0,583.1785714285714,71.24070532524301,80.04998438475752,111.69603380717655
2023-06-27,553,1536,0,616,48.31,52.33,3.0,0.0,0,Summer,20.0,40.0,0.0,40.0,1,27,26,6,0,750.0,585.0,564.0,609.0,403.0,636.0,613.1428571428571,592.1071428571429,85.36197436017238,89.01154388648068,114.75104753357533
2023-06-28,764,1277,1959,954,50.57,53.91,17.0,100.0,0,Summer,20.0,40.0,0.0,40.0,2,28,26,6,0,553.0,525.0,572.0,885.0,382.0,631.4285714285714,612.3571428571429,597.4642857142857,89.31378606325248,89.5257652151746,108.95037339281502
2023-06-29,738,1645,1315,766,49.9,54.74,4.0,0.0,0,Summer,20.0,0.0,0.0,80.0,3,29,26,6,0,764.0,746.0,727.0,602.0,518.0,665.5714285714286,626.0714285714286,611.1071428571429,87.51163187991543,97.24154247243058,104.80894055930521
2023-06-30,500,1364,148,570,45.9,51.16,4.0,0.0,0,Summer,20.0,60.0,0.0,20.0,4,30,26,6,0,738.0,590.0,498.0,615.0,605.0,664.4285714285714,626.8571428571429,618.9642857142857,86.33048349773384,98.15988303458076,105.81202135123313
2023-07-01,633,2462,155,694,50.0,52.36,6.0,0.0,0,Summer,20.0,80.0,0.0,0.0,5,1,26,7,1,500.0,655.0,708.0,531.0,343.0,651.5714285714286,627.0,615.2142857142857,104.1294981307049,97.95917517006734,108.1598121926297
2023-07-02,556,3151,592,546,47.45,50.56,4.0,0.0,0,Summer,40.0,0.0,0.0,60.0,6,2,26,7,1,633.0,601.0,493.0,655.0,653.0,648.4285714285714,621.6428571428571,625.5714285714286,104.34055961586783,95.2006845021099,94.09861988653299
2023-07-03,485,2595,284,560,46.07,48.35,9.0,0.0,0,Summer,20.0,0.0,0.0,80.0,0,3,27,7,0,556.0,750.0,570.0,580.0,614.0,642.0,626.1428571428571,622.1071428571429,109.03057675105065,89.99902319372202,94.83410047950352
2023-07-04,420,2197,260,524,47.71,45.43,5.0,0.0,0,Summer,100.0,0.0,0.0,0.0,1,4,27,7,0,485.0,553.0,585.0,564.0,609.0,604.1428571428571,620.0714285714286,617.5,111.2645924084097,96.69576737671285,98.3122387920052
2023-07-05,599,2638,158,615,48.67,51.84,5.0,0.0,0,Summer,80.0,20.0,0.0,0.0,2,5,27,7,0,420.0,764.0,525.0,572.0,885.0,585.1428571428571,608.2857142857143,610.75,131.05015397603637,110.38563770250614,105.16675471029926
2023-07-06,885,2385,1381,1092,55.5,59.69,11.0,100.0,0,Summer,0.0,100.0,0.0,0.0,3,6,27,7,0,599.0,738.0,746.0,727.0,602.0,561.5714285714286,613.5714285714286,600.5357142857143,105.95416798920965,107.8330007184998,90.39521543502691
2023-07-07,501,1756,0,589,45.07,51.09,6.0,0.0,0,Summer,60.0,40.0,0.0,0.0,4,7,27,7,0,885.0,500.0,590.0,498.0,615.0,582.5714285714286,623.5,610.6428571428571,151.51991853972763,125.85690898183333,105.17752692144897
2023-07-08,702,1637,1370,959,47.93,48.68,20.0,100.0,0,Summer,20.0,0.0,0.0,80.0,5,8,27,7,1,501.0,633.0,655.0,708.0,531.0,582.7142857142857,617.1428571428571,606.5714285714286,151.42953728353245,129.86315705556945,107.18983802423311
2023-07-09,523,1867,173,598,46.18,49.58,8.0,0.0,0,Summer,40.0,20.0,0.0,40.0,6,9,27,7,1,702.0,556.0,601.0,493.0,655.0,592.5714285714286,620.5,612.6785714285714,157.37731427248033,131.51411155637055,107.5952820015574
2023-07-10,587,1517,698,782,45.08,45.04,18.0,100.0,0,Summer,60.0,20.0,0.0,20.0,0,10,28,7,0,523.0,485.0,750.0,570.0,580.0,587.8571428571429,614.9285714285714,607.9642857142857,159.13980077427576,134.0318356474793,108.55975727437333
2023-07-11,666,2272,366,702,50.65,55.09,2.0,0.0,0,Summer,20.0,60.0,0.0,20.0,1,11,28,7,0,587.0,420.0,553.0,585.0,564.0,602.4285714285714,603.2857142857143,608.2142857142857,152.69125399844964,128.35553302114715,108.5010179651364
2023-07-12,494,1776,461,608,48.7,54.32,4.0,0.0,0,Summer,40.0,20.0,0.0,40.0,2,12,28,7,0,666.0,599.0,764.0,525.0,572.0,637.5714285714286,611.3571428571429,611.8571428571429,130.38642202169336,128.50298239152437,108.67372652108139
2023-07-13,615,2015,290,622,49.5,48.81,3.0,0.0,0,Summer,40.0,40.0,0.0,20.0,3,13,28,7,0,494.0,885.0,738.0,746.0,727.0,622.5714285714286,592.0714285714286,609.0714285714286,141.1581348970689,124.01455515426336,110.71382147026728
2023-07-14,806,1538,1997,935,47.09,48.82,18.0,100.0,0,Summer,60.0,40.0,0.0,0.0,4,14,28,7,0,615.0,501.0,500.0,590.0,498.0,584.0,583.2857142857143,605.0714285714286,81.98373822492681,117.0420230722073,108.29210448679923
2023-07-15,408,1577,145,548,43.8,46.41,8.0,0.0,0,Summer,0.0,80.0,0.0,20.0,5,15,28,7,1,806.0,702.0,633.0,655.0,708.0,627.5714285714286,605.1428571428571,616.0714285714286,107.57455886168334,128.32102600231053,112.57159979037799
2023-07-16,900,1169,2247,1200,56.39,51.33,21.0,100.0,0,Summer,20.0,60.0,0.0,20.0,6,16,28,7,1,408.0,523.0,556.0,601.0,493.0,585.5714285714286,589.0714285714286,605.3571428571429,128.9429552720338,138.26811428731995,117.65965175366448
2023-07-17,618,2331,194,701,50.74,50.12,4.0,0.0,0,Summer,40.0,20.0,0.0,40.0,0,17,29,7,0,900.0,587.0,485.0,750.0,570.0,639.4285714285714,613.6428571428571,619.8928571428571,170.49130685840197,160.6872773398723,127.95495135679404
2023-07-18,519,2175,113,572,49.65,52.04,4.0,0.0,0,Summer,20.0,60.0,0.0,20.0,1,18,29,7,0,618.0,666.0,420.0,553.0,585.0,643.8571428571429,623.1428571428571,621.6071428571429,169.30094365894598,156.37029874522295,127.5827514423812
2023-07-19,602,3596,186,705,48.04,46.59,4.0,0.0,0,Summer,20.0,60.0,0.0,20.0,2,19,29,7,0,519.0,494.0,599.0,764.0,525.0,622.8571428571429,630.2142857142857,619.25,175.11370455738057,148.51841562654687,128.88715276608488
2023-07-20,665,3180,252,698,47.63,43.91,18.0,100.0,0,Summer,20.0,80.0,0.0,0.0,3,20,29,7,0,602.0,615.0,885.0,738.0,746.0,638.2857142857143,630.4285714285714,622.0,166.40984975426835,148.47207159582567,127.61690355934056
2023-07-21,505,2515,0,577,49.75,48.63,5.0,0.0,0,Summer,0.0,60.0,0.0,40.0,4,21,29,7,0,665.0,806.0,501.0,500.0,590.0,645.4285714285714,614.7142857142857,619.1071428571429,166.31682330505774,129.9416606205843,125.60412215626307
2023-07-22,534,2262,176,667,50.98,50.2,1.0,0.0,0,Summer,40.0,40.0,0.0,20.0,5,22,29,7,1,505.0,408.0,702.0,633.0,655.0,602.4285714285714,615.0,616.0714285714286,156.5043738929333,129.67652061957838,127.34872756607491
2023-07-23,788,1904,1739,827,46.14,43.87,19.0,100.0,0,Summer,60.0,20.0,0.0,20.0,6,23,29,7,1,534.0,900.0,523.0,556.0,601.0,620.4285714285714,603.0,611.75,136.36575467330164,128.77649092666158,128.02998057457432
2023-07-24,481,1286,145,631,49.03,52.47,4.0,0.0,0,Summer,0.0,80.0,0.0,20.0,0,24,30,7,0,788.0,618.0,587.0,485.0,750.0,604.4285714285714,621.9285714285714,618.4285714285714,99.7511188623252,135.41756748080184,132.2560447603864
2023-07-25,527,1183,775,645,43.25,49.46,19.0,100.0,0,Summer,0.0,60.0,0.0,40.0,1,25,30,7,0,481.0,519.0,666.0,420.0,553.0,584.8571428571429,614.3571428571429,608.8214285714286,109.59840110060688,140.39264014396676,132.1147238749346
2023-07-26,853,1992,880,996,51.02,58.61,19.0,100.0,0,Summer,60.0,0.0,0.0,40.0,2,26,30,7,0,527.0,602.0,494.0,599.0,764.0,586.0,604.4285714285714,607.8928571428571,108.83626846476001,141.37115051453083,132.6120321019213
2023-07-27,766,1592,1126,987,52.33,49.23,17.0,100.0,0,Summer,80.0,20.0,0.0,0.0,3,27,30,7,0,853.0,665.0,615.0,885.0,738.0,621.8571428571429,630.0714285714286,611.0714285714286,148.94342166454655,151.96227481527416,137.46997748233852
2023-07-28,572,1537,530,683,50.02,55.47,6.0,0.0,0,Summer,40.0,20.0,0.0,40.0,4,28,30,7,0,766.0,505.0,806.0,501.0,500.0,636.2857142857143,640.8571428571429,612.0714285714286,158.41055760871762,156.11231516140836,138.52528277630014
2023-07-29,486,1865,150,609,47.35,46.76,4.0,0.0,0,Summer,60.0,20.0,0.0,20.0,5,29,30,7,1,572.0,534.0,408.0,702.0,633.0,645.8571428571429,624.1428571428571,614.6428571428571,151.00709538674982,149.4558628661147,137.02803559740062
2023-07-30,593,2246,120,601,48.24,47.9,4.0,0.0,0,Summer,20.0,20.0,0.0,60.0,6,30,30,7,1,486.0,788.0,900.0,523.0,556.0,639.0,629.7142857142857,609.3928571428571,157.8670326572337,142.04897777848325,139.099042594813
2023-07-31,767,2303,1679,725,49.95,51.33,6.0,0.0,0,Summer,0.0,80.0,0.0,20.0,0,31,31,7,0,593.0,481.0,618.0,587.0,485.0,611.1428571428571,607.7857142857143,610.7142857142857,143.7676697214742,118.92931227700448,138.7483352300145
2023-08-01,593,1661,288,651,46.43,45.94,9.0,0.0,0,Summer,40.0,20.0,0.0,40.0,1,1,31,8,0,767.0,527.0,519.0,666.0,420.0,652.0,618.4285714285714,620.7857142857143,141.23502870511072,126.34915864424988,139.51778252327404
2023-08-02,577,1335,513,569,43.02,46.24,8.0,0.0,0,Summer,80.0,0.0,0.0,20.0,2,2,31,8,0,593.0,853.0,602.0,494.0,599.0,661.4285714285714,623.7142857142857,626.9642857142857,133.4901458820807,123.3827244929234,134.01892683991582
2023-08-03,939,2459,1155,923,53.48,50.37,14.0,100.0,0,Summer,20.0,60.0,0.0,20.0,3,3,31,8,0,577.0,766.0,665.0,615.0,885.0,622.0,621.9285714285714,626.1785714285714,105.24891131661835,123.9009929094839,134.25323047949294
2023-08-04,609,1751,155,591,45.75,43.94,7.0,0.0,0,Summer,40.0,20.0,0.0,40.0,4,4,31,8,0,939.0,572.0,505.0,806.0,501.0,646.7142857142857,641.5,628.1071428571429,153.8080126713328,150.09881360674967,138.4317827148391
2023-08-05,615,1993,343,621,51.01,54.44,1.0,0.0,0,Summer,60.0,20.0,0.0,20.0,5,5,31,8,1,609.0,486.0,534.0,408.0,702.0,652.0,648.9285714285714,631.9642857142857,151.42985174660947,145.32111090521298,136.24636784634924
2023-08-06,719,1993,815,740,47.79,51.88,16.0,100.0,0,Summer,80.0,20.0,0.0,0.0,6,6,31,8,1,615.0,593.0,788.0,900.0,523.0,670.4285714285714,654.7142857142857,628.8571428571429,134.7972021752895,141.96718394995816,135.5804296720322
2023-08-07,484,1426,108,580,48.63,50.9,3.0,0.0,0,Summer,80.0,0.0,0.0,20.0,0,7,32,8,0,719.0,767.0,481.0,618.0,587.0,688.4285714285714,649.7857142857143,635.8571428571429,131.09647483546576,138.12991575460242,134.97097473591862
2023-08-08,894,1635,1608,961,52.32,52.43,13.0,100.0,0,Summer,80.0,0.0,0.0,20.0,1,8,32,8,0,484.0,593.0,527.0,519.0,666.0,648.0,650.0,632.1785714285714,145.65598740411184,137.84997419156568,137.7273349160171
2023-08-09,617,1348,326,727,44.89,44.75,20.0,100.0,0,Summer,40.0,20.0,0.0,40.0,2,9,32,8,0,894.0,577.0,853.0,602.0,494.0,691.0,676.2142857142857,640.3214285714286,169.23455123979124,147.2361674691003,146.27575520518266
2023-08-10,423,851,951,712,46.65,50.19,15.0,100.0,0,Summer,60.0,0.0,0.0,40.0,3,10,32,8,0,617.0,939.0,766.0,665.0,615.0,696.7142857142857,659.3571428571429,644.7142857142857,165.37504274195962,138.70145423388084,143.54012399244735
2023-08-11,612,2056,340,742,53.82,51.15,6.0,0.0,0,Summer,40.0,20.0,0.0,40.0,4,11,32,8,0,423.0,609.0,572.0,505.0,806.0,623.0,634.8571428571429,637.8571428571429,153.98809477791914,148.37160061188192,149.4755558576109
2023-08-12,454,1560,123,497,42.2,42.7,4.0,0.0,0,Summer,0.0,60.0,0.0,40.0,5,12,32,8,1,612.0,615.0,486.0,534.0,408.0,623.4285714285714,637.7142857142857,630.9285714285714,153.94680590262055,147.45034552555083,145.84515598335616
2023-08-13,511,2404,433,537,46.57,51.98,6.0,0.0,0,Summer,20.0,40.0,0.0,40.0,6,13,32,8,1,454.0,719.0,593.0,788.0,900.0,600.4285714285714,635.4285714285714,632.5714285714286,166.8980298893681,150.20535393802805,143.48091331871444
2023-08-14,517,1893,710,545,43.77,46.06,7.0,0.0,0,Summer,0.0,60.0,0.0,40.0,0,14,33,8,0,511.0,484.0,767.0,481.0,618.0,570.7142857142857,629.5714285714286,618.6785714285714,160.6691365152978,153.5486464062342,135.22273903984905
2023-08-15,695,1471,1786,941,49.18,47.9,17.0,100.0,0,Summer,0.0,0.0,0.0,100.0,1,15,33,8,0,517.0,894.0,593.0,527.0,519.0,575.4285714285714,611.7142857142857,615.0714285714286,158.1653745744804,150.85011846782945,136.58179710923147
2023-08-16,423,1433,181,685,50.16,46.0,7.0,0.0,0,Summer,40.0,40.0,0.0,20.0,2,16,33,8,0,695.0,617.0,577.0,853.0,602.0,547.0,619.0,621.3571428571429,97.68145508061693,152.3326319907547,136.04553003824202
2023-08-17,917,2047,794,939,51.45,49.6,13.0,100.0,0,Summer,60.0,20.0,0.0,20.0,3,17,33,8,0,423.0,423.0,939.0,766.0,665.0,519.2857142857143,608.0,614.9642857142857,101.9390574243812,160.91708328299896,141.10056359780782
2023-08-18,479,2451,89,579,47.14,51.43,4.0,0.0,0,Summer,60.0,20.0,0.0,20.0,4,18,33,8,0,917.0,612.0,609.0,572.0,505.0,589.8571428571429,606.4285714285714,623.9642857142857,171.46081046061087,157.50736944210377,152.0242383556616
2023-08-19,835,2251,1391,1059,50.36,51.84,18.0,100.0,0,Summer,60.0,20.0,0.0,20.0,5,19,33,8,1,479.0,454.0,615.0,486.0,534.0,570.8571428571429,597.1428571428571,623.0357142857143,175.9094734718481,161.13437161042225,152.85492568732704
2023-08-20,944,2231,1495,1041,54.44,57.55,19.0,100.0,0,Summer,60.0,40.0,0.0,0.0,6,20,33,8,1,835.0,511.0,719.0,593.0,788.0,625.2857142857143,612.8571428571429,633.7857142857143,191.93897839826985,173.27961269527387,156.8923568572147
2023-08-21,638,1786,180,751,53.66,55.03,2.0,0.0,0,Summer,40.0,40.0,0.0,20.0,0,21,34,8,0,944.0,517.0,484.0,767.0,481.0,687.1428571428571,628.9285714285714,639.3571428571429,217.09324307881255,193.17368202881923,165.12536523316524
2023-08-22,598,2611,190,743,52.7,55.21,2.0,0.0,0,Summer,60.0,20.0,0.0,20.0,1,22,34,8,0,638.0,695.0,894.0,593.0,527.0,704.4285714285714,639.9285714285714,644.9642857142857,205.8120964560132,188.61701705010356,162.18838661051757
2023-08-23,871,3096,624,931,48.68,54.51,19.0,100.0,0,Summer,20.0,60.0,0.0,20.0,2,23,34,8,0,598.0,423.0,617.0,577.0,853.0,690.5714285714286,618.7857142857143,647.5,209.77993004007618,173.96736147088853,160.82507175096694
2023-08-24,796,2506,617,765,53.57,51.43,6.0,0.0,0,Summer,80.0,0.0,0.0,20.0,3,24,34,8,0,871.0,917.0,423.0,939.0,766.0,754.5714285714286,636.9285714285714,648.1428571428571,180.89302284578596,186.55601933909367,161.71046698428367
2023-08-25,549,1710,221,693,48.68,49.54,5.0,0.0,0,Summer,20.0,60.0,0.0,20.0,4,25,34,8,0,796.0,479.0,612.0,609.0,572.0,737.2857142857143,663.5714285714286,649.2142857142857,168.11475672460085,180.17970272681995,162.61710473170623
2023-08-26,546,1725,1076,724,54.87,51.93,4.0,0.0,0,Summer,20.0,40.0,0.0,40.0,5,26,34,8,1,549.0,835.0,454.0,615.0,486.0,747.2857142857143,659.0714285714286,648.3928571428571,151.446045712343,182.34053698662666,163.07901726775225
2023-08-27,758,1796,68,794,55.54,58.71,7.0,0.0,0,Summer,20.0,20.0,0.0,60.0,6,27,34,8,1,546.0,944.0,511.0,719.0,593.0,706.0,665.6428571428571,650.5357142857143,162.5351244090548,175.9263863284679,161.25008920878537
2023-08-28,728,1427,521,723,50.82,54.94,7.0,0.0,0,Summer,40.0,60.0,0.0,0.0,0,28,35,8,0,758.0,638.0,517.0,484.0,767.0,679.4285714285714,683.2857142857143,656.4285714285714,128.8563245671418,171.5559691454963,162.0823815616564
2023-08-29,544,1594,693,567,46.36,50.1,5.0,0.0,0,Summer,40.0,60.0,0.0,0.0,1,29,35,8,0,728.0,598.0,695.0,894.0,593.0,692.2857142857143,698.3571428571429,655.0357142857143,128.5232978694459,164.9655475186616,161.26249182572255
2023-08-30,605,1179,376,683,47.05,49.89,4.0,0.0,0,Summer,40.0,0.0,0.0,60.0,2,30,35,8,0,544.0,871.0,423.0,617.0,577.0,684.5714285714286,687.5714285714286,653.2857142857143,136.4989098159857,170.05958878070848,162.22363556679372
2023-08-31,426,1131,493,635,47.78,47.93,4.0,0.0,0,Summer,40.0,40.0,0.0,20.0,3,31,35,8,0,605.0,796.0,917.0,423.0,939.0,646.5714285714286,700.5714285714286,654.2857142857143,110.49865329927125,154.52593224525026,161.82177144712537
2023-09-01,505,1640,693,538,46.85,49.58,5.0,0.0,0,Autumn,60.0,0.0,0.0,40.0,4,1,35,9,0,426.0,549.0,479.0,612.0,609.0,593.7142857142857,665.5,635.9642857142857,115.48840387056842,157.32022707253438,157.37228381861172
2023-09-02,431,1135,664,546,44.91,44.84,6.0,0.0,0,Autumn,0.0,60.0,20.0,20.0,5,2,35,9,1,505.0,546.0,835.0,454.0,615.0,587.4285714285714,667.3571428571429,632.25,119.45690595755636,155.08687746047212,159.24837925798892
2023-09-03,393,1351,0,464,43.92,45.4,7.0,0.0,0,Autumn,40.0,20.0,40.0,0.0,6,3,35,9,1,431.0,758.0,944.0,511.0,719.0,571.0,638.5,625.6785714285714,133.21911774716642,159.03011325870597,163.7201889338949
2023-09-04,515,1496,1553,682,47.08,53.26,15.0,100.0,0,Autumn,40.0,40.0,0.0,20.0,0,4,36,9,0,393.0,728.0,638.0,517.0,484.0,518.8571428571429,599.1428571428571,614.0357142857143,118.43905404810316,145.1873363532872,168.3636897035165
2023-09-05,500,1576,494,654,50.18,55.14,7.0,0.0,0,Autumn,20.0,0.0,0.0,80.0,1,5,36,9,0,515.0,544.0,598.0,695.0,894.0,488.42857142857144,590.3571428571429,615.1428571428571,75.23265501730158,146.37181692938262,167.57700591087337
2023-09-06,416,1422,154,569,45.13,48.83,4.0,0.0,0,Autumn,20.0,0.0,40.0,40.0,2,6,36,9,0,500.0,605.0,871.0,423.0,617.0,482.14285714285717,583.3571428571429,601.0714285714286,71.56448973112373,148.30872537372147,159.64867181626786
2023-09-07,480,2760,0,585,40.94,46.14,19.0,100.0,0,Autumn,20.0,80.0,0.0,0.0,3,7,36,9,0,416.0,426.0,796.0,917.0,423.0,455.14285714285717,550.8571428571429,593.8928571428571,49.84452016496975,129.02704376206532,163.38124904554542
2023-09-08,395,2280,141,446,45.39,46.69,5.0,0.0,0,Autumn,0.0,60.0,20.0,20.0,4,8,36,9,0,480.0,505.0,549.0,479.0,612.0,462.85714285714283,528.2857142857143,595.9285714285714,48.74911476607639,108.91664319485362,161.51755519113277
2023-09-09,446,2026,121,523,46.71,52.06,1.0,0.0,0,Autumn,20.0,60.0,0.0,20.0,5,9,36,9,1,395.0,431.0,546.0,835.0,454.0,447.14285714285717,517.2857142857143,588.1785714285714,50.5945602195473,114.30689364192266,165.86541924580692
2023-09-10,432,1701,324,474,45.66,48.45,5.0,0.0,0,Autumn,40.0,40.0,20.0,0.0,6,10,36,9,1,446.0,393.0,758.0,944.0,511.0,449.2857142857143,510.14285714285717,587.8928571428571,50.11225494066269,115.49282837732083,166.11181849400793
2023-09-11,527,1345,1174,609,45.89,46.76,7.0,0.0,0,Autumn,20.0,20.0,0.0,60.0,0,11,37,9,0,432.0,515.0,728.0,638.0,517.0,454.85714285714283,486.85714285714283,585.0714285714286,44.68567470464565,92.18865034670549,168.12493779625527
2023-09-12,500,961,128,464,44.97,44.36,8.0,0.0,0,Autumn,60.0,40.0,0.0,0.0,1,12,37,9,0,527.0,500.0,544.0,598.0,695.0,456.57142857142856,472.5,585.4285714285714,47.51791642056991,62.670996849848414,167.98554359570008
2023-09-13,658,1033,1360,784,43.78,46.58,20.0,100.0,0,Autumn,0.0,40.0,40.0,20.0,2,13,37,9,0,500.0,416.0,605.0,871.0,423.0,456.57142857142856,469.35714285714283,578.4642857142857,47.51791642056991,59.84930710074614,167.31551081334376
2023-09-14,424,1412,0,410,43.86,47.74,4.0,0.0,0,Autumn,20.0,20.0,0.0,60.0,3,14,37,9,0,658.0,480.0,426.0,796.0,917.0,491.14285714285717,473.14285714285717,586.8571428571429,85.74074988286564,69.91847686122223,165.1077570211994
2023-09-15,545,1215,1095,706,45.45,43.44,17.0,100.0,0,Autumn,80.0,20.0,0.0,0.0,4,15,37,9,0,424.0,395.0,505.0,549.0,479.0,483.14285714285717,473.0,569.25,89.48450251566533,70.02417165082696,154.54631931823812
2023-09-16,719,1759,830,795,43.53,47.16,20.0,100.0,0,Autumn,0.0,60.0,20.0,20.0,5,16,37,9,1,545.0,446.0,431.0,546.0,835.0,504.57142857142856,475.85714285714283,571.6071428571429,82.55070591835663,72.212141684022,153.6193803566595
2023-09-17,470,1403,320,547,48.34,53.77,4.0,0.0,0,Autumn,100.0,0.0,0.0,0.0,6,17,37,9,1,719.0,432.0,393.0,758.0,944.0,543.5714285714286,496.42857142857144,567.4642857142857,110.14362917399741,95.66424803262827,147.70327666137925
2023-09-18,545,1749,582,672,40.81,38.07,22.0,100.0,0,Autumn,20.0,80.0,0.0,0.0,0,18,38,9,0,470.0,527.0,515.0,728.0,638.0,549.0,501.92857142857144,550.5357142857143,104.52113024009394,91.37788344242524,128.91785559829756
2023-09-19,709,2291,298,716,47.52,51.4,17.0,100.0,0,Autumn,40.0,20.0,20.0,20.0,1,19,38,9,0,545.0,500.0,500.0,544.0,598.0,551.5714285714286,504.07142857142856,547.2142857142857,104.11028950566029,92.05722658777441,127.77391988655046
2023-09-20,452,1582,562,581,45.4,49.66,6.0,0.0,0,Autumn,0.0,40.0,20.0,40.0,2,20,38,9,0,709.0,658.0,416.0,605.0,871.0,581.4285714285714,519.0,551.1785714285714,116.1304685011034,107.06863363138706,131.08692439000833
2023-09-21,456,1960,1089,653,45.23,50.55,8.0,0.0,0,Autumn,20.0,40.0,0.0,40.0,3,21,38,9,0,452.0,424.0,480.0,426.0,796.0,552.0,521.5714285714286,536.2142857142857,119.54357643414674,104.81317759614998,116.30781545755191
2023-09-22,471,1616,383,592,42.92,41.68,15.0,100.0,0,Autumn,20.0,20.0,40.0,20.0,4,22,38,9,0,456.0,545.0,395.0,505.0,549.0,556.5714285714286,519.8571428571429,524.0714285714286,114.33118143192202,105.73759766724152,105.41977064255099
2023-09-23,882,1704,121,864,48.94,53.79,20.0,100.0,0,Autumn,40.0,0.0,0.0,60.0,5,23,38,9,1,471.0,719.0,446.0,431.0,546.0,546.0,525.2857142857143,521.2857142857143,118.90892873679984,100.663513037956,105.76663940289501
2023-09-24,444,2177,515,529,45.57,46.9,3.0,0.0,0,Autumn,0.0,40.0,40.0,20.0,6,24,38,9,1,882.0,470.0,432.0,393.0,758.0,569.2857142857143,556.4285714285714,533.2857142857143,165.33170122082294,135.6214835974991,125.83200356703034
2023-09-25,542,1844,111,613,48.1,44.07,9.0,0.0,0,Autumn,20.0,0.0,40.0,40.0,0,25,39,9,0,444.0,545.0,527.0,515.0,728.0,565.5714285714286,557.2857142857143,522.0714285714286,168.20112677273917,134.81008212206586,118.86248779699599
2023-09-26,366,1413,261,431,41.41,43.92,5.0,0.0,0,Autumn,60.0,20.0,20.0,0.0,1,26,39,9,0,542.0,709.0,500.0,500.0,544.0,565.1428571428571,558.3571428571429,515.4285714285714,168.2660874641002,134.6103248656635,111.92240320250615
2023-09-27,526,1595,880,527,47.74,51.63,3.0,0.0,0,Autumn,40.0,20.0,40.0,0.0,2,27,39,9,0,366.0,452.0,658.0,416.0,605.0,516.1428571428571,548.7857142857143,509.07142857142856,169.3304742915742,143.5463894846047,115.245287064054
2023-09-28,672,1186,1043,700,47.56,49.9,15.0,100.0,0,Autumn,40.0,20.0,20.0,20.0,3,28,39,9,0,526.0,456.0,424.0,480.0,426.0,526.7142857142857,539.3571428571429,506.25,166.95180370964766,140.1151214278714,113.7673470696196
2023-09-29,560,898,402,685,50.14,51.46,5.0,0.0,0,Autumn,40.0,20.0,0.0,40.0,4,29,39,9,0,672.0,471.0,545.0,395.0,505.0,557.5714285714286,557.0714285714286,515.0357142857143,171.6001720500858,140.08594300846653,116.7988083852385
2023-09-30,394,1182,433,502,46.44,49.68,3.0,0.0,0,Autumn,0.0,20.0,60.0,20.0,5,30,39,9,1,560.0,882.0,719.0,446.0,431.0,570.2857142857143,558.1428571428571,517.0,167.3615988269256,140.0438706773189,117.08591337608095
2023-10-01,365,1885,132,435,42.45,46.67,6.0,0.0,0,Autumn,0.0,60.0,0.0,40.0,6,1,39,10,1,394.0,444.0,470.0,432.0,393.0,500.57142857142856,534.9285714285714,515.6785714285714,106.4187595349255,138.25364887977213,118.29500273450985
2023-10-02,633,1652,775,617,41.28,45.47,17.0,100.0,0,Autumn,20.0,20.0,0.0,60.0,0,2,40,10,0,365.0,542.0,545.0,527.0,515.0,489.2857142857143,527.4285714285714,514.6785714285714,117.07364389664309,144.7425907686382,119.48285281328923
2023-10-03,367,1646,0,463,45.0,44.21,4.0,0.0,0,Autumn,40.0,40.0,20.0,0.0,1,3,40,10,0,633.0,366.0,709.0,500.0,500.0,502.2857142857143,533.7142857142857,518.8928571428571,128.40653447250267,147.44982383662057,121.55758863393669
2023-10-04,646,1494,1360,748,45.18,44.72,19.0,100.0,0,Autumn,60.0,40.0,0.0,0.0,2,4,40,10,0,367.0,526.0,452.0,658.0,416.0,502.42857142857144,509.2857142857143,514.1428571428571,128.23007596095505,144.4759381464491,124.87644687500925
2023-10-05,450,1360,131,444,43.76,46.44,5.0,0.0,0,Autumn,0.0,0.0,60.0,40.0,3,5,40,10,0,646.0,672.0,456.0,424.0,480.0,519.5714285714286,523.1428571428571,522.3571428571429,139.43798758212313,147.82362522893308,125.74318751466905
2023-10-06,489,1202,632,514,45.69,48.56,7.0,0.0,0,Autumn,60.0,20.0,0.0,20.0,4,6,40,10,0,450.0,560.0,471.0,545.0,395.0,487.85714285714283,522.7142857142857,521.2857142857143,123.30372875063196,148.04179688984294,126.24428322747555
2023-10-07,359,1882,166,399,38.4,38.0,17.0,100.0,1,Autumn,0.0,80.0,20.0,0.0,5,7,40,10,1,489.0,394.0,882.0,719.0,446.0,477.7142857142857,524.0,524.6428571428571,119.23326477359964,147.635726341247,123.99140181830248
2023-10-08,323,1933,0,405,43.48,43.63,6.0,0.0,1,Autumn,40.0,40.0,0.0,20.0,6,8,40,10,1,359.0,365.0,444.0,470.0,432.0,472.7142857142857,486.64285714285717,521.5357142857143,123.9686980460712,111.93240208877188,127.08657945372791
2023-10-09,267,1882,50,297,38.19,43.48,7.0,0.0,1,Autumn,60.0,20.0,0.0,20.0,0,9,41,10,0,323.0,633.0,542.0,545.0,527.0,466.7142857142857,478.0,517.6428571428571,130.87489482417155,119.86851771195553,131.52276645219303
2023-10-10,319,1665,260,321,40.95,44.04,1.0,0.0,1,Autumn,40.0,40.0,20.0,0.0,1,10,41,10,0,267.0,367.0,366.0,709.0,500.0,414.42857142857144,458.35714285714283,508.35714285714283,126.40392549660861,130.62371509436866,139.75804867452965
2023-10-11,364,1412,716,459,36.95,38.48,16.0,100.0,1,Autumn,0.0,40.0,20.0,40.0,2,11,41,10,0,319.0,646.0,526.0,452.0,658.0,407.57142857142856,455.0,501.89285714285717,130.636719114314,133.7466031200557,144.27194981230946
2023-10-12,246,1218,0,298,38.28,39.48,7.0,0.0,1,Autumn,20.0,60.0,0.0,20.0,3,12,41,10,0,364.0,450.0,672.0,456.0,424.0,367.2857142857143,443.42857142857144,491.39285714285717,77.55151897440712,134.13868499872308,143.1842478626014
2023-10-13,320,1327,411,397,36.9,40.29,15.0,100.0,1,Autumn,20.0,20.0,40.0,20.0,4,13,41,10,0,246.0,489.0,560.0,471.0,545.0,338.14285714285717,413.0,485.0357142857143,79.5915166572997,126.3943767006202,150.07294081924834
2023-10-14,243,1454,50,263,40.06,37.69,4.0,0.0,1,Autumn,0.0,80.0,0.0,20.0,5,14,41,10,1,320.0,359.0,394.0,882.0,719.0,314.0,395.85714285714283,477.0,43.77975178854176,121.08729028321544,152.74330924305187
2023-10-15,295,1261,155,371,40.05,45.0,6.0,0.0,1,Autumn,40.0,40.0,0.0,20.0,6,15,41,10,1,243.0,323.0,365.0,444.0,470.0,297.42857142857144,385.07142857142856,460.0,45.81432506271392,127.80421582411664,151.2936805612774
2023-10-16,292,1379,197,320,41.77,44.02,3.0,0.0,1,Autumn,40.0,40.0,20.0,0.0,0,16,42,10,0,295.0,267.0,633.0,542.0,545.0,293.42857142857144,380.07142857142856,453.75,44.41042348689488,130.00027472498365,154.44707231976986
2023-10-17,421,1178,547,414,37.1,36.53,18.0,100.0,1,Autumn,40.0,0.0,20.0,40.0,1,17,42,10,0,292.0,319.0,367.0,366.0,709.0,297.0,355.7142857142857,444.7142857142857,42.910760111340004,109.25582439776356,156.30048390789244
2023-10-18,410,824,593,457,36.69,35.11,21.0,100.0,1,Autumn,40.0,40.0,20.0,0.0,2,18,42,10,0,421.0,364.0,646.0,526.0,452.0,311.57142857142856,359.57142857142856,434.42857142857144,63.84057524504855,110.62946768776801,147.49248030334232
2023-10-19,396,852,737,513,40.02,42.42,18.0,100.0,1,Autumn,0.0,20.0,40.0,40.0,3,19,42,10,0,410.0,246.0,450.0,672.0,456.0,318.14285714285717,342.7142857142857,432.92857142857144,71.98478675254371,76.27322200880313,147.52072762620568
2023-10-20,495,1087,611,523,42.7,43.73,16.0,100.0,1,Autumn,0.0,0.0,60.0,40.0,4,20,42,10,0,396.0,320.0,489.0,560.0,471.0,339.57142857142856,338.85714285714283,430.7857142857143,69.20225705099568,71.65607724815236,147.60893206509186
2023-10-21,339,1325,112,366,42.48,41.67,5.0,0.0,1,Autumn,40.0,0.0,20.0,40.0,5,21,42,10,1,495.0,243.0,359.0,394.0,882.0,364.57142857142856,339.2857142857143,431.64285714285717,89.56721338908257,72.63441499563422,147.92045266784575
2023-10-22,408,1417,597,396,40.8,47.2,5.0,0.0,1,Autumn,40.0,0.0,40.0,20.0,6,22,42,10,1,339.0,295.0,323.0,365.0,444.0,378.2857142857143,337.85714285714283,412.25,73.81443916044603,72.41319168266304,119.56762382295116
2023-10-23,253,1506,53,297,39.58,42.99,3.0,0.0,1,Autumn,40.0,0.0,40.0,20.0,0,23,43,10,0,408.0,292.0,267.0,633.0,542.0,394.42857142857144,343.92857142857144,410.9642857142857,64.30877893117572,74.60198418243189,119.4070170228107
2023-10-24,294,1306,58,356,39.19,42.09,6.0,0.0,1,Autumn,0.0,0.0,80.0,20.0,1,24,43,10,0,253.0,421.0,319.0,367.0,366.0,388.85714285714283,342.92857142857144,400.64285714285717,75.39546531772297,75.79675686761357,120.14904764830116
2023-10-25,392,1667,524,467,45.64,48.98,3.0,0.0,0,Autumn,60.0,0.0,20.0,20.0,2,25,43,10,0,294.0,410.0,364.0,646.0,526.0,370.7142857142857,341.14285714285717,398.07142857142856,81.41194483553696,76.69305167890992,121.67866868395014
2023-10-26,613,1352,1310,695,45.52,44.76,9.0,0.0,0,Autumn,60.0,0.0,0.0,40.0,3,26,43,10,0,392.0,396.0,246.0,450.0,672.0,368.14285714285717,343.14285714285717,393.2857142857143,80.24011584286215,77.6935371461841,119.067941122599
2023-10-27,557,1084,786,665,52.07,55.06,4.0,0.0,0,Autumn,20.0,0.0,0.0,80.0,4,27,43,10,0,613.0,495.0,320.0,489.0,560.0,399.14285714285717,369.35714285714283,391.17857142857144,123.2090751141164,100.85679653148416,114.38274072455808
2023-10-28,539,916,607,763,45.06,41.35,20.0,100.0,0,Autumn,0.0,0.0,40.0,60.0,5,28,43,10,1,557.0,339.0,243.0,359.0,394.0,408.0,386.2857142857143,391.07142857142856,133.0814287068878,111.28579187177162,114.2200373455421
2023-10-29,493,1911,0,540,46.77,43.76,8.0,0.0,0,Autumn,40.0,0.0,20.0,40.0,6,29,43,10,1,539.0,408.0,295.0,323.0,365.0,436.57142857142856,407.42857142857144,396.25,137.20405380655563,110.08088933962156,117.59491832054186
2023-10-30,374,1838,107,456,44.45,46.84,2.0,0.0,0,Autumn,40.0,40.0,20.0,0.0,0,30,44,10,0,493.0,253.0,292.0,267.0,633.0,448.7142857142857,421.57142857142856,400.82142857142856,138.01293935197262,107.2069991154518,118.81671336837032
2023-10-31,369,2033,622,473,44.8,45.54,4.0,0.0,0,Autumn,0.0,60.0,0.0,40.0,1,31,44,10,0,374.0,294.0,421.0,319.0,367.0,466.0,427.42857142857144,391.57142857142856,115.08837184239421,101.68103543450368,109.81244231312127
2023-11-01,479,1808,317,529,38.7,37.94,21.0,100.0,0,Autumn,20.0,80.0,0.0,0.0,2,1,44,11,0,369.0,392.0,410.0,364.0,646.0,476.7142857142857,423.7142857142857,391.64285714285717,98.73654218122404,102.87664650251882,109.7965169405443
2023-11-02,445,1627,494,512,45.09,44.64,5.0,0.0,0,Autumn,20.0,0.0,0.0,80.0,3,2,44,11,0,479.0,613.0,396.0,246.0,450.0,489.14285714285717,428.64285714285717,385.67857142857144,91.50670024908601,103.81759680609657,99.5229560607445
2023-11-03,488,1758,100,522,45.16,47.44,7.0,0.0,0,Autumn,40.0,60.0,0.0,0.0,4,3,44,11,0,445.0,557.0,495.0,320.0,489.0,465.14285714285717,432.14285714285717,385.5,73.95590706952389,103.45780049622317,99.40769029048502
2023-11-04,647,1370,1524,745,44.94,44.56,20.0,100.0,0,Autumn,20.0,0.0,60.0,20.0,5,4,44,11,1,488.0,539.0,339.0,243.0,359.0,455.2857142857143,431.64285714285717,385.4642857142857,63.53664109712296,103.14709969661777,99.36930077497796
2023-11-05,401,1234,142,487,41.13,38.08,15.0,100.0,0,Autumn,40.0,0.0,60.0,0.0,6,5,44,11,1,647.0,493.0,408.0,295.0,323.0,470.7142857142857,453.64285714285717,395.75,93.36436558936515,114.12921633822721,110.77893401826142
2023-11-06,369,1222,0,534,47.15,45.25,5.0,0.0,0,Autumn,0.0,20.0,80.0,0.0,0,6,45,11,0,401.0,374.0,253.0,292.0,267.0,457.57142857142856,453.14285714285717,398.5357142857143,96.13854090643825,114.35966014347767,109.85865738836743
2023-11-07,479,2034,696,562,46.11,46.11,7.0,0.0,0,Autumn,20.0,0.0,40.0,40.0,1,7,45,11,0,369.0,369.0,294.0,421.0,319.0,456.85714285714283,461.42857142857144,402.17857142857144,96.87866736529794,102.31077414179973,106.98911456274757
2023-11-08,568,1688,131,657,43.77,43.67,17.0,100.0,0,Autumn,20.0,0.0,40.0,40.0,2,8,45,11,0,479.0,479.0,392.0,410.0,364.0,472.57142857142856,474.64285714285717,407.89285714285717,88.84041336924832,90.2599725092053,106.65428375544197
2023-11-09,461,1449,259,449,45.17,48.57,8.0,0.0,0,Autumn,20.0,60.0,20.0,0.0,3,9,45,11,0,568.0,445.0,613.0,396.0,246.0,485.2857142857143,487.2142857142857,415.17857142857144,95.9942954654319,90.12058466421335,110.44524487909021
2023-11-10,447,1353,513,548,46.4,46.54,2.0,0.0,0,Autumn,20.0,60.0,0.0,20.0,4,10,45,11,0,461.0,488.0,557.0,495.0,320.0,487.57142857142856,476.35714285714283,422.85714285714283,95.06113321236461,82.6471714280338,105.61590588883693
2023-11-11,721,1303,1796,778,47.52,51.8,16.0,100.0,0,Autumn,0.0,40.0,20.0,40.0,5,11,45,11,1,447.0,647.0,539.0,339.0,243.0,481.7142857142857,468.5,427.39285714285717,96.28553765703674,79.56202225066454,103.74553601667074
2023-11-12,378,712,0,514,45.62,47.47,7.0,0.0,0,Autumn,20.0,40.0,0.0,40.0,6,12,45,11,1,721.0,401.0,493.0,408.0,295.0,492.2857142857143,481.5,444.4642857142857,118.87067802968897,103.29625058352916,111.3301670018336
2023-11-13,502,945,129,565,49.84,48.6,4.0,0.0,0,Autumn,40.0,0.0,40.0,20.0,0,13,46,11,0,378.0,369.0,374.0,253.0,292.0,489.0,473.2857142857143,447.42857142857144,122.08876552192076,106.82367108135051,108.26593752198012
2023-11-14,551,2002,1166,562,49.13,49.89,2.0,0.0,0,Autumn,20.0,40.0,40.0,0.0,1,14,46,11,0,502.0,479.0,369.0,294.0,421.0,508.0,482.42857142857144,454.92857142857144,110.05756069742125,103.08451669585227,104.30117664597807
2023-11-15,489,1544,320,545,49.22,51.23,4.0,0.0,0,Autumn,0.0,20.0,40.0,40.0,2,15,46,11,0,551.0,568.0,479.0,392.0,410.0,518.2857142857143,495.42857142857144,459.57142857142856,110.2598662036101,99.07783597968546,105.62001373597417
2023-11-16,453,1308,156,553,43.14,48.31,5.0,0.0,0,Autumn,80.0,0.0,20.0,0.0,3,16,46,11,0,489.0,461.0,445.0,613.0,396.0,507.0,496.14285714285717,462.39285714285717,108.34974234702435,98.98629053705157,105.30145061985411
2023-11-17,515,2151,555,550,45.04,48.71,3.0,0.0,0,Autumn,20.0,0.0,60.0,20.0,4,17,46,11,0,453.0,447.0,488.0,557.0,495.0,505.85714285714283,496.7142857142857,464.42857142857144,108.95630404192354,98.69099294217258,104.51844727178974
2023-11-18,696,1729,472,727,42.87,46.65,20.0,100.0,0,Autumn,0.0,0.0,40.0,60.0,5,18,46,11,1,515.0,721.0,647.0,539.0,339.0,515.5714285714286,498.64285714285717,465.14285714285717,105.82037790970264,98.7713810487916,104.80306550708625
2023-11-19,674,1202,727,808,46.39,44.33,23.0,100.0,0,Autumn,40.0,0.0,0.0,60.0,6,19,46,11,1,696.0,378.0,401.0,493.0,408.0,512.0,502.14285714285717,477.89285714285717,97.85363219284827,105.09838404880547,110.45204734139077
2023-11-20,417,1220,233,439,43.8,45.04,5.0,0.0,0,Autumn,20.0,80.0,0.0,0.0,0,20,47,11,0,674.0,502.0,369.0,374.0,253.0,554.2857142857143,521.6428571428571,487.39285714285717,94.1837110575463,110.09618671720752,115.54006497209821
2023-11-21,523,1603,890,634,45.09,49.95,5.0,0.0,0,Autumn,20.0,20.0,20.0,40.0,1,21,47,11,0,417.0,551.0,479.0,369.0,294.0,542.1428571428571,525.0714285714286,493.25,106.6964988045193,105.63395745229306,107.06371415605264
2023-11-22,562,1236,510,625,51.75,52.37,5.0,0.0,0,Autumn,40.0,0.0,20.0,40.0,2,22,47,11,0,523.0,489.0,568.0,479.0,392.0,538.1428571428571,528.2142857142857,501.42857142857144,106.83387192494766,104.8091148204699,99.7780605928048
2023-11-23,508,907,723,654,42.59,41.05,17.0,100.0,0,Autumn,40.0,60.0,0.0,0.0,3,23,47,11,0,562.0,453.0,461.0,445.0,613.0,548.5714285714286,527.7857142857143,507.5,104.78049618584708,104.64605440864266,98.02966293329212
2023-11-24,555,1247,1413,768,42.19,44.17,19.0,100.0,0,Autumn,80.0,0.0,20.0,0.0,4,24,47,11,0,508.0,515.0,447.0,488.0,557.0,556.4285714285714,531.1428571428571,503.75,98.27996937805955,103.08089216566874,95.82801917633127
2023-11-25,444,1376,279,546,45.96,48.1,6.0,0.0,0,Autumn,0.0,40.0,60.0,0.0,5,25,47,11,1,555.0,696.0,721.0,647.0,539.0,562.1428571428571,538.8571428571429,503.67857142857144,96.61854302949722,100.30327638091967,95.78759432991977
2023-11-26,440,1628,148,604,47.18,49.62,5.0,0.0,0,Autumn,0.0,20.0,40.0,40.0,6,26,47,11,1,444.0,674.0,378.0,401.0,493.0,526.1428571428571,519.0714285714286,500.2857142857143,84.63535228935226,88.20035259454514,96.17185895586353
2023-11-27,461,2767,368,567,45.96,44.4,10.0,0.0,0,Autumn,20.0,20.0,0.0,60.0,0,27,48,11,0,440.0,417.0,502.0,369.0,374.0,492.7142857142857,523.5,498.39285714285717,58.75858599873977,81.90402450898932,96.83982165514924
2023-11-28,721,2434,178,725,43.69,48.26,21.0,100.0,0,Autumn,20.0,60.0,20.0,0.0,1,28,48,11,0,461.0,523.0,551.0,479.0,369.0,499.0,520.5714285714286,501.5,51.17290949972009,83.4503208139785,94.05652358890201
2023-11-29,525,2131,282,578,47.68,48.43,8.0,0.0,0,Autumn,0.0,20.0,0.0,80.0,2,29,48,11,0,721.0,562.0,489.0,568.0,479.0,527.2857142857143,532.7142857142857,514.0714285714286,99.01130286607689,99.11642615664587,99.08056152423501
2023-11-30,418,1606,536,433,46.9,46.7,2.0,0.0,0,Autumn,60.0,40.0,0.0,0.0,3,30,48,11,0,525.0,508.0,453.0,461.0,445.0,522.0,535.2857142857143,515.7142857142857,97.82978414913615,98.359175843067,98.85861851668017
2023-12-01,632,1572,1283,697,41.76,40.58,22.0,100.0,0,Winter,40.0,0.0,20.0,40.0,4,1,48,12,0,418.0,555.0,515.0,447.0,488.0,509.14285714285717,532.7857142857143,514.75,105.58318769486654,101.02031674670346,99.70200971264714
2023-12-02,466,1050,302,530,46.38,50.07,6.0,0.0,0,Winter,80.0,0.0,20.0,0.0,5,2,48,12,1,632.0,444.0,696.0,721.0,647.0,520.1428571428571,541.1428571428571,519.8928571428571,114.76850405842809,104.22450408971568,101.95944701683547
2023-12-03,475,1127,0,558,42.72,43.03,6.0,0.0,0,Winter,40.0,0.0,40.0,20.0,6,3,48,12,1,466.0,440.0,674.0,378.0,401.0,523.2857142857143,524.7142857142857,513.4285714285714,112.61692336665628,95.71707393019352,99.30552503052056
2023-12-04,388,2018,538,475,43.41,47.32,7.0,0.0,0,Winter,40.0,0.0,20.0,40.0,0,4,49,12,0,475.0,461.0,417.0,502.0,369.0,528.2857142857143,510.5,516.0714285714286,109.02249658627652,86.13919861747853,97.16420944917753
2023-12-05,508,1740,1030,621,46.16,44.56,14.0,100.0,0,Winter,40.0,0.0,20.0,40.0,1,5,49,12,0,388.0,721.0,523.0,551.0,479.0,517.8571428571429,508.42857142857144,516.75,119.51768149724161,88.86611735181573,96.16021545856206
2023-12-06,798,1346,1121,924,46.85,50.28,19.0,100.0,0,Winter,0.0,0.0,0.0,100.0,2,6,49,12,0,508.0,525.0,562.0,489.0,568.0,487.42857142857144,507.35714285714283,517.7857142857143,79.64056157272447,88.76729053053123,95.89436979682488
2023-12-07,661,1425,641,634,50.41,55.07,5.0,0.0,0,Winter,60.0,0.0,0.0,40.0,3,7,49,12,0,798.0,418.0,508.0,453.0,461.0,526.4285714285714,524.2142857142857,526.0,142.85873808633113,117.65149224031761,109.27267965286913
2023-12-08,461,1788,127,502,45.86,47.35,7.0,0.0,0,Winter,60.0,0.0,40.0,0.0,4,8,49,12,0,661.0,632.0,555.0,515.0,447.0,561.1428571428571,535.1428571428571,533.1428571428571,141.63854062534014,123.01335583702127,111.38279482993335
2023-12-09,653,2018,0,607,50.89,51.18,1.0,0.0,0,Winter,0.0,0.0,60.0,40.0,5,9,49,12,1,461.0,466.0,444.0,696.0,721.0,536.7142857142857,528.4285714285714,533.6428571428571,142.1263689886739,124.40363232745108,111.01258329934356
2023-12-10,437,2006,555,511,49.73,48.87,2.0,0.0,0,Winter,20.0,0.0,80.0,0.0,6,10,49,12,1,653.0,475.0,440.0,674.0,378.0,563.4285714285714,543.3571428571429,531.2142857142857,144.17912139980254,126.02234670141554,107.44864652573192
2023-12-11,545,1630,905,603,39.53,44.26,18.0,100.0,0,Winter,0.0,0.0,100.0,0.0,0,11,50,12,0,437.0,388.0,461.0,417.0,502.0,558.0,543.1428571428571,533.3214285714286,148.70776711389337,126.21401674131893,104.88055060009904
2023-12-12,446,1253,341,578,48.36,45.71,14.0,100.0,0,Winter,0.0,0.0,60.0,40.0,1,12,50,12,0,545.0,508.0,721.0,523.0,551.0,580.4285714285714,549.1428571428571,534.8571428571429,129.3778151292524,123.98564255767472,104.71963072032436
2023-12-13,495,1515,125,587,45.94,50.33,5.0,0.0,0,Winter,20.0,0.0,0.0,80.0,2,13,50,12,0,446.0,798.0,525.0,562.0,489.0,571.5714285714286,529.5,531.1071428571429,137.05699196910388,116.20389904751927,105.99243134604255
2023-12-14,501,2009,581,636,48.76,53.41,0.0,0.0,0,Winter,40.0,0.0,0.0,60.0,3,14,50,12,0,495.0,661.0,418.0,508.0,453.0,528.2857142857143,527.3571428571429,531.3214285714286,95.03107261261805,116.56929741102924,105.9101833216097
2023-12-15,571,1686,851,556,46.05,50.22,7.0,0.0,0,Winter,0.0,0.0,80.0,20.0,4,15,50,12,0,501.0,461.0,632.0,555.0,515.0,505.42857142857144,533.2857142857143,533.0357142857143,74.89961535917445,112.62355852158923,104.97988595453177
2023-12-16,589,1215,783,654,41.54,44.74,20.0,100.0,0,Winter,40.0,0.0,40.0,20.0,5,16,50,12,1,571.0,653.0,466.0,444.0,696.0,521.1428571428571,528.9285714285714,535.0357142857143,75.56107589543777,109.65152093772315,105.15684304985426
2023-12-17,401,1155,363,520,46.74,53.75,5.0,0.0,0,Winter,80.0,0.0,20.0,0.0,6,17,50,12,1,589.0,437.0,475.0,440.0,674.0,512.0,537.7142857142857,531.2142857142857,59.00564944703661,109.14804947087515,100.9507973820095
2023-12-18,545,1720,435,600,53.2,47.95,4.0,0.0,0,Winter,40.0,0.0,20.0,40.0,0,18,51,12,0,401.0,545.0,388.0,461.0,417.0,506.85714285714283,532.4285714285714,521.4642857142857,67.57817342758995,114.09828036573329,99.82669506509312
2023-12-19,523,1707,652,548,47.48,53.03,2.0,0.0,0,Winter,20.0,0.0,20.0,60.0,1,19,51,12,0,545.0,446.0,508.0,721.0,523.0,506.85714285714283,543.6428571428571,526.0357142857143,67.57817342758995,106.25702303873781,97.77543512705915
2023-12-20,385,2036,152,499,43.3,42.54,6.0,0.0,0,Winter,0.0,0.0,80.0,20.0,2,20,51,12,0,523.0,495.0,798.0,525.0,562.0,517.8571428571429,544.7142857142857,526.0357142857143,62.062948075397095,105.94514442093862,97.77543512705915
2023-12-21,585,1803,159,692,50.58,57.38,5.0,0.0,0,Winter,20.0,0.0,0.0,80.0,3,21,51,12,0,385.0,501.0,661.0,418.0,508.0,502.14285714285717,515.2142857142857,519.7142857142857,80.11539296836834,85.52478594529713,101.03166248952286
2023-12-22,807,1885,2029,882,43.11,46.52,20.0,100.0,0,Winter,20.0,0.0,40.0,40.0,4,22,51,12,0,585.0,571.0,461.0,632.0,555.0,514.1428571428571,509.7857142857143,522.4642857142857,85.99114018592904,77.60469709359666,101.74641030808924
2023-12-23,441,1376,0,499,43.55,45.66,3.0,0.0,0,Winter,20.0,0.0,80.0,0.0,5,23,51,12,1,807.0,589.0,653.0,466.0,444.0,547.8571428571429,534.5,531.4642857142857,140.79705083491444,109.43825094193838,115.01158786798567
2023-12-24,641,935,1381,936,48.36,53.05,20.0,100.0,0,Winter,40.0,0.0,20.0,40.0,6,24,51,12,1,441.0,401.0,437.0,475.0,440.0,526.7142857142857,519.3571428571429,531.3571428571429,144.64867125292932,106.40532602550162,115.0974512333932
2023-12-25,523,2301,582,687,45.35,48.81,18.0,100.0,0,Winter,20.0,0.0,80.0,0.0,0,25,52,12,0,641.0,545.0,545.0,388.0,461.0,561.0,533.9285714285714,538.5357142857143,138.18345294088817,108.212372593976,115.45609463497298
2023-12-26,420,2250,0,593,47.62,51.59,5.0,0.0,0,Winter,20.0,0.0,40.0,40.0,1,26,52,12,0,523.0,523.0,446.0,508.0,721.0,557.8571428571429,532.3571428571429,540.75,138.8565549664215,108.19896710928614,114.50460932013002
2023-12-27,280,2463,65,301,41.45,38.09,4.0,0.0,1,Winter,20.0,0.0,60.0,20.0,2,27,52,12,0,420.0,385.0,495.0,798.0,525.0,543.1428571428571,530.5,530.0,148.30197635391156,110.00332162817024,111.03219419676527
2023-12-28,397,2830,137,429,36.01,38.97,18.0,100.0,1,Winter,20.0,0.0,40.0,40.0,3,28,52,12,0,280.0,585.0,501.0,661.0,418.0,528.1428571428571,515.1428571428571,521.25,170.5974096827854,128.75071748439748,120.67575932592649
2023-12-29,250,2570,0,262,39.25,38.66,5.0,0.0,1,Winter,0.0,0.0,40.0,60.0,4,29,52,12,0,397.0,807.0,571.0,461.0,632.0,501.2857142857143,507.7142857142857,520.5,174.8987462178369,132.57301533722566,121.40428328522864
2023-12-30,312,2320,60,371,41.12,43.7,5.0,0.0,1,Winter,40.0,0.0,40.0,20.0,5,30,52,12,1,250.0,441.0,589.0,653.0,466.0,421.7142857142857,484.7857142857143,506.85714285714283,134.72158239088688,147.6832257395369,129.59758636461726
2023-12-31,285,2068,81,344,40.65,41.23,2.0,0.0,1,Winter,40.0,0.0,20.0,40.0,6,31,52,12,1,312.0,641.0,401.0,437.0,475.0,403.2857142857143,465.0,501.35714285714283,140.34922430104302,151.16165569960518,134.5682297780888
2024-01-01,304,1864,57,321,38.43,40.05,5.0,0.0,1,Winter,80.0,0.0,0.0,20.0,0,1,1,1,0,285.0,523.0,545.0,545.0,388.0,352.42857142857144,456.7142857142857,494.57142857142856,97.95042477848351,157.96563821648894,140.60173029108353
2024-01-02,321,1617,471,366,39.31,41.78,4.0,0.0,1,Winter,40.0,0.0,20.0,40.0,1,2,1,1,0,304.0,420.0,523.0,446.0,508.0,321.14285714285717,439.5,491.57142857142856,63.19923146006163,160.71223686117642,143.8191839497002
2024-01-03,314,1385,115,378,41.42,42.74,3.0,0.0,1,Winter,60.0,0.0,40.0,0.0,2,3,1,1,0,321.0,280.0,385.0,495.0,798.0,307.0,425.07142857142856,484.89285714285717,46.17358552245606,161.70365310830553,147.32713392832437
2024-01-04,143,1186,0,202,37.72,38.93,1.0,0.0,1,Winter,20.0,0.0,60.0,20.0,3,4,1,1,0,314.0,397.0,585.0,501.0,661.0,311.85714285714283,420.0,467.60714285714283,44.62222380319508,164.15189963520353,137.28109558984892
2024-01-05,379,1425,222,413,41.55,38.73,5.0,0.0,1,Winter,20.0,0.0,0.0,80.0,4,5,1,1,0,143.0,250.0,807.0,571.0,461.0,275.57142857142856,388.42857142857144,449.10714285714283,63.23727050523206,172.28005567220288,144.94324286007154
2024-01-06,312,1141,682,324,37.65,35.7,5.0,0.0,1,Winter,80.0,0.0,0.0,20.0,5,6,1,1,1,379.0,312.0,441.0,589.0,653.0,294.0,357.85714285714283,446.17857142857144,72.6406681320196,123.30316431328936,145.5212988283792
2024-01-07,415,956,441,431,43.5,42.56,2.0,0.0,1,Winter,20.0,0.0,60.0,20.0,6,7,1,1,1,312.0,285.0,641.0,401.0,437.0,294.0,348.64285714285717,434.0,72.6406681320196,121.41765626442863,141.79275434656458
2024-01-08,306,606,621,447,37.7,38.03,17.0,100.0,1,Winter,40.0,0.0,20.0,40.0,0,8,2,1,0,415.0,304.0,523.0,545.0,545.0,312.57142857142856,332.5,433.2142857142857,85.44561065936595,90.69454228342339,141.83646220412447
2024-01-09,396,1132,188,442,45.97,48.0,3.0,0.0,0,Winter,20.0,0.0,80.0,0.0,1,9,2,1,0,306.0,321.0,420.0,523.0,446.0,312.85714285714283,317.0,424.67857142857144,85.41551102586166,72.31342039504439,142.0513870430225
2024-01-10,473,1257,1073,550,50.17,45.63,7.0,0.0,0,Winter,40.0,0.0,60.0,0.0,2,10,2,1,0,396.0,314.0,280.0,385.0,495.0,323.57142857142856,315.2857142857143,422.89285714285717,91.12053764630654,69.92900638551633,142.08769834564862
2024-01-11,668,1357,1184,824,46.52,52.53,19.0,100.0,0,Winter,0.0,0.0,60.0,40.0,3,11,2,1,0,473.0,143.0,397.0,585.0,501.0,346.2857142857143,329.07142857142856,422.10714285714283,106.80467262829713,80.64114647928918,141.7345822265752
2024-01-12,564,825,233,762,48.7,48.07,15.0,100.0,0,Winter,60.0,0.0,20.0,20.0,4,12,2,1,0,668.0,379.0,250.0,807.0,571.0,421.2857142857143,348.42857142857144,428.07142857142856,123.31763091803963,120.75131105242217,148.5283184300603
2024-01-13,479,1764,330,725,52.73,58.57,6.0,0.0,0,Winter,60.0,0.0,0.0,40.0,5,13,2,1,1,564.0,312.0,312.0,441.0,589.0,447.7142857142857,370.85714285714283,427.82142857142856,132.24562284591713,129.87914923725486,148.2845246967811
2024-01-14,660,2077,529,691,45.7,43.95,20.0,100.0,0,Winter,60.0,0.0,40.0,0.0,6,14,2,1,1,479.0,415.0,285.0,641.0,401.0,471.57142857142856,382.7857142857143,423.89285714285717,117.97578444022122,131.7136629624609,145.28295234949715
2024-01-15,587,1887,595,720,51.13,49.77,4.0,0.0,0,Winter,80.0,0.0,0.0,20.0,0,15,3,1,0,660.0,306.0,304.0,523.0,545.0,506.57142857142856,409.57142857142856,433.14285714285717,133.69100835241537,147.4844003671172,151.86731886644526
2024-01-16,531,1438,145,665,42.35,41.93,15.0,100.0,0,Winter,20.0,0.0,80.0,0.0,1,16,3,1,0,587.0,396.0,321.0,420.0,523.0,546.7142857142857,429.7857142857143,434.64285714285717,101.8163613009784,151.24772271466904,153.2144984643508
2024-01-17,493,1441,699,517,49.01,44.46,1.0,0.0,0,Winter,60.0,0.0,40.0,0.0,2,17,3,1,0,531.0,473.0,314.0,280.0,385.0,566.0,444.7857142857143,434.92857142857144,78.66384175718838,150.03752277933026,153.39272486766788
2024-01-18,676,1526,1612,816,47.29,52.83,19.0,100.0,0,Winter,20.0,0.0,20.0,60.0,3,18,3,1,0,493.0,668.0,143.0,397.0,585.0,568.8571428571429,457.57142857142856,438.7857142857143,75.00095237490547,145.59623530937728,153.44859367055446
2024-01-19,519,1148,89,525,47.83,49.15,4.0,0.0,0,Winter,0.0,0.0,80.0,20.0,4,19,3,1,0,676.0,564.0,379.0,250.0,807.0,570.0,495.64285714285717,442.0357142857143,76.8027777275448,125.28159490514916,157.5684406601256
2024-01-20,706,1447,845,903,51.31,49.49,17.0,100.0,0,Winter,0.0,0.0,0.0,100.0,5,20,3,1,1,519.0,479.0,312.0,312.0,441.0,563.5714285714286,505.64285714285717,431.75,79.2335306606512,120.7607979837423,141.4361850604168
2024-01-21,628,2082,428,692,47.86,47.23,14.0,100.0,0,Winter,40.0,0.0,60.0,0.0,6,21,3,1,1,706.0,660.0,415.0,285.0,641.0,596.0,533.7857142857143,441.2142857142857,85.08818954473078,118.04117832442924,150.64462895438476
2024-01-22,682,1614,477,625,45.12,48.87,9.0,0.0,0,Winter,20.0,0.0,20.0,60.0,0,22,4,1,0,628.0,587.0,306.0,304.0,523.0,591.4285714285714,549.0,440.75,81.87563158607738,115.24689216567229,150.02484362166064
2024-01-23,433,1867,496,559,45.38,45.08,7.0,0.0,0,Winter,40.0,0.0,60.0,0.0,1,23,4,1,0,682.0,531.0,396.0,321.0,420.0,605.0,575.8571428571429,446.42857142857144,88.61527332614125,96.55835791642518,156.13797995064752
2024-01-24,526,1561,386,631,51.7,53.77,3.0,0.0,0,Winter,40.0,0.0,40.0,20.0,2,24,4,1,0,433.0,493.0,473.0,314.0,280.0,591.0,578.5,446.89285714285717,107.8981000759514,91.6378742660478,156.07579812996244
2024-01-25,526,1664,135,598,48.45,48.18,4.0,0.0,0,Winter,20.0,0.0,0.0,80.0,3,25,4,1,0,526.0,676.0,668.0,143.0,397.0,595.7142857142857,582.2857142857143,455.67857142857144,103.5353631788263,87.96540278946081,153.23113830430088
2024-01-26,561,1876,1216,761,40.0,46.41,20.0,100.0,0,Winter,40.0,0.0,20.0,40.0,4,26,4,1,0,526.0,519.0,564.0,379.0,250.0,574.2857142857143,572.1428571428571,460.2857142857143,99.59704528032654,85.4732141063521,153.3407865683389
2024-01-27,544,1486,0,586,51.22,53.16,4.0,0.0,0,Winter,20.0,0.0,60.0,20.0,5,27,4,1,1,561.0,706.0,479.0,312.0,312.0,580.2857142857143,571.9285714285714,471.39285714285717,96.94107193842777,85.49895571626244,148.73922974658873
2024-01-28,439,942,627,690,43.97,49.12,16.0,100.0,0,Winter,80.0,0.0,0.0,20.0,6,28,4,1,1,544.0,628.0,660.0,415.0,285.0,557.1428571428571,576.5714285714286,479.67857142857144,79.73796371329534,81.7469964498477,145.9672854193653
2024-01-29,443,1684,73,534,44.64,47.94,8.0,0.0,0,Winter,40.0,0.0,40.0,20.0,0,29,5,1,0,439.0,682.0,587.0,306.0,304.0,530.1428571428571,560.7857142857143,485.17857142857144,83.6489262163164,85.64252948823278,141.18311030332444
2024-01-30,502,1502,577,488,44.39,46.13,6.0,0.0,0,Winter,0.0,0.0,80.0,20.0,1,30,5,1,0,443.0,433.0,531.0,396.0,321.0,496.0,550.5,490.14285714285717,55.311240569464225,90.74711268981736,136.95706661300153
